index,celltypist
AAACATACAACCAC-1,CD8 T
AAACATTGAGCTAC-1,B
AAACATTGATCAGC-1,CD4 T
AAACCGTGCTTCCG-1,Mono
AAACCGTGTATGCG-1,NK
AAACGCACTGGTAC-1,CD8 T
AAACGCTGACCAGT-1,CD8 T
AAACGCTGGTTCTT-1,CD8 T
AAACGCTGTAGCCA-1,B
AAACGCTGTTTCTG-1,Platelet
AAACTTGAAAAACG-1,B
AAACTTGATCCAGA-1,Platelet
AAAGAGACGAGATA-1,CD4 T
AAAGAGACGCGAGA-1,Mono
AAAGAGACGGACTT-1,CD8 T
AAAGAGACGGCATT-1,Platelet
AAAGCAGATATCGG-1,Mono
AAAGCCTGTATGCG-1,Platelet
AAAGGCCTGTCTAG-1,CD8 T
AAAGTTTGATCACG-1,B
AAAGTTTGGGGTGA-1,B
AAAGTTTGTAGAGA-1,CD4 T
AAAGTTTGTAGCGT-1,Mono
AAATCAACAATGCC-1,B
AAATCAACACCAGT-1,CD8 T
AAATCAACCAGGAG-1,CD8 T
AAATCAACCCTATT-1,Platelet
AAATCAACGGAAGC-1,CD4 T
AAATCAACTCGCAA-1,CD4 T
AAATCATGACCACA-1,Mono
AAATCCCTCCACAA-1,CD8 T
AAATCCCTGCTATG-1,B
AAATGTTGAACGAA-1,Mono
AAATGTTGCCACAA-1,Platelet
AAATGTTGTGGCAT-1,Mono
AAATTCGAAGGTTC-1,CD4 T
AAATTCGAATCACG-1,Mono
AAATTCGAGCTGAT-1,Mono
AAATTCGAGGAGTG-1,CD8 T
AAATTCGATTCTCA-1,NK
AAATTGACACGACT-1,Platelet
AAATTGACTCGCTC-1,CD4 T
AACAAACTCATTTC-1,CD4 T
AACAAACTTTCGTT-1,CD4 T
AACAATACGACGAG-1,CD8 T
AACACGTGCAGAGG-1,CD4 T
AACACGTGGAAAGT-1,CD4 T
AACACGTGGAACCT-1,Mono
AACACGTGGCTACA-1,CD8 T
AACACGTGTACGAC-1,Mono
AACAGCACAAGAGT-1,Mono
AACATTGATGGGAG-1,Mono
AACCAGTGATACCG-1,Mono
AACCCAGATCGCTC-1,CD4 T
AACCGATGCTCCCA-1,CD4 T
AACCGATGGTCATG-1,B
AACCGATGTTCTAC-1,Mono
AACCGCCTAGCGTT-1,Platelet
AACCGCCTCTACGA-1,Mono
AACCTACTGTGAGG-1,Mono
AACCTACTGTGTTG-1,CD8 T
AACCTTACGAGACG-1,Platelet
AACCTTACGCGAGA-1,NK
AACCTTACTAACGC-1,Mono
AACCTTTGGACGGA-1,CD4 T
AACCTTTGTACGCA-1,Mono
AACGCAACAAGTAG-1,Platelet
AACGCATGACCCAA-1,CD4 T
AACGCATGCCTTCG-1,CD8 T
AACGCATGTACTTC-1,CD4 T
AACGCCCTCGGGAA-1,CD4 T
AACGCCCTCGTACA-1,NK
AACGCCCTGGCATT-1,Platelet
AACGTCGAGTATCG-1,NK
AACGTGTGAAAGCA-1,CD4 T
AACGTGTGGCGGAA-1,B
AACGTGTGTCCAAG-1,Platelet
AACGTGTGTGCTTT-1,CD4 T
AACTACCTTAGAGA-1,Platelet
AACTCACTCAAGCT-1,Mono
AACTCACTTGGAGG-1,Mono
AACTCGGAAAGTGA-1,CD8 T
AACTCGGAAGGTCT-1,Platelet
AACTCTTGCAGGAG-1,CD4 T
AACTGTCTCCCTTG-1,Mono
AACTTGCTACGCTA-1,B
AACTTGCTGGGACA-1,Platelet
AAGAACGAGTGTTG-1,CD4 T
AAGAAGACGTAGGG-1,B
AAGACAGAAGTCTG-1,B
AAGACAGAGGATCT-1,CD4 T
AAGACAGATTACCT-1,Mono
AAGAGATGGGTAGG-1,B
AAGATGGAAAACAG-1,B
AAGATGGAGAACTC-1,Mono
AAGATGGAGATAAG-1,Mono
AAGATTACAACCTG-1,Platelet
AAGATTACAGATCC-1,Mono
AAGATTACCCGTTC-1,Mono
AAGATTACCGCCTT-1,DC
AAGATTACCTCAAG-1,NK
AAGATTACTCCTCG-1,Mono
AAGCAAGAGCGAGA-1,CD8 T
AAGCAAGAGCTTAG-1,CD8 T
AAGCAAGAGGTGTT-1,NK
AAGCACTGAGCAAA-1,B
AAGCACTGCATACG-1,Platelet
AAGCACTGGTTCTT-1,B
AAGCCAACGTGTTG-1,CD4 T
AAGCCATGAACTGC-1,DC
AAGCCATGACACGT-1,Mono
AAGCCATGCGTGAT-1,CD4 T
AAGCCATGTCTCGC-1,CD8 T
AAGCCTGACATGCA-1,Platelet
AAGCCTGACCGAAT-1,Mono
AAGCGACTCCTCAC-1,Mono
AAGCGACTGTGTCA-1,CD8 T
AAGCGACTTACAGC-1,B
AAGCGACTTTGACG-1,Mono
AAGCGTACGTCTTT-1,CD8 T
AAGGCTTGCGAACT-1,CD8 T
AAGGTCACGGTTAC-1,Mono
AAGGTCACTGTTTC-1,B
AAGGTCACTTCCCG-1,CD8 T
AAGGTCTGACAGTC-1,CD8 T
AAGGTCTGCAGATC-1,Platelet
AAGTAACTCTGAAC-1,Mono
AAGTAACTGAGATA-1,B
AAGTAGGATACAGC-1,NK
AAGTATACCGAACT-1,Platelet
AAGTCCGACTTGTT-1,CD4 T
AAGTCCGATAGAAG-1,CD8 T
AAGTCTCTAGTCGT-1,CD4 T
AAGTCTCTCGGAGA-1,CD8 T
AAGTGGCTTGGAGG-1,B
AAGTTCCTCATTCT-1,Mono
AAGTTCCTTCTTAC-1,CD8 T
AATAAGCTCGAATC-1,CD4 T
AATAAGCTCGTTGA-1,CD4 T
AATACCCTGGACGA-1,B
AATACCCTGGCATT-1,Platelet
AATACTGAAAGGGC-1,NK
AATACTGAATTGGC-1,NK
AATAGGGAACCCTC-1,B
AATAGGGAGAATGA-1,CD8 T
AATCAAACTATCGG-1,CD8 T
AATCCGGAATGCTG-1,B
AATCCTACCGGTAT-1,Platelet
AATCCTTGACGGGA-1,Mono
AATCCTTGGTGAGG-1,NK
AATCGGTGGAACTC-1,Platelet
AATCGGTGTGCTTT-1,CD8 T
AATCTAGAAAAGTG-1,CD4 T
AATCTAGAATCGGT-1,CD8 T
AATCTCACAGCCTA-1,Mono
AATCTCACTCTAGG-1,CD4 T
AATCTCTGAACAGA-1,Platelet
AATCTCTGCTTTAC-1,NK
AATGATACACCAAC-1,CD8 T
AATGATACGGTCAT-1,Mono
AATGCGTGACACCA-1,B
AATGCGTGGACGGA-1,DC
AATGCGTGGCTATG-1,B
AATGGAGAATCGTG-1,Mono
AATGGAGATCCTTA-1,CD8 T
AATGGCTGACACCA-1,B
AATGGCTGCGTGAT-1,CD4 T
AATGGCTGTAAAGG-1,CD8 T
AATGGCTGTACTCT-1,CD8 T
AATGGCTGTGAAGA-1,CD4 T
AATGTAACGGTGGA-1,CD4 T
AATGTCCTCTTCTA-1,CD4 T
AATGTTGACAGTCA-1,Platelet
AATGTTGAGTTGAC-1,Mono
AATGTTGATCTACT-1,CD4 T
AATTACGAATTCCT-1,Mono
AATTACGACTTCTA-1,Platelet
AATTACGAGTGAGG-1,CD4 T
AATTACGATTGGCA-1,B
AATTCCTGCTCAGA-1,B
AATTGATGTCGCAA-1,Mono
AATTGTGACTTGGA-1,B
ACAAAGGAGGGTGA-1,CD4 T
ACAAATTGATTCTC-1,Mono
ACAAATTGCTCAGA-1,Mono
ACAAATTGTTGCGA-1,NK
ACAACCGAGGGATG-1,NK
ACAACCGAGTTACG-1,CD4 T
ACAAGAGAAGTCGT-1,Mono
ACAAGAGACTTATC-1,CD8 T
ACAAGAGAGTTGAC-1,B
ACAATCCTAACCGT-1,CD4 T
ACAATCCTTAGCGT-1,B
ACAATTGACTGACA-1,CD8 T
ACAATTGATGACTG-1,NK
ACACAGACCATACG-1,CD8 T
ACACCAGAGGGCAA-1,CD8 T
ACACCCTGGTGTTG-1,NK
ACACGAACAGTTCG-1,CD8 T
ACACGATGACGCAT-1,CD8 T
ACACGATGATGTGC-1,Mono
ACACGATGTCGTAG-1,CD8 T
ACACGATGTGGTCA-1,CD8 T
ACAGACACGGCATT-1,CD8 T
ACAGACACGTTGTG-1,CD4 T
ACAGCAACACCTAG-1,Mono
ACAGCAACCTCAAG-1,Mono
ACAGGTACCCCACT-1,CD4 T
ACAGGTACGCTGTA-1,CD8 T
ACAGGTACTGGTGT-1,NK
ACAGTCGACCCAAA-1,CD8 T
ACAGTCGACCGATA-1,CD8 T
ACAGTGACTCACCC-1,CD8 T
ACAGTGACTCTATC-1,Platelet
ACAGTGTGGTCACA-1,Platelet
ACAGTGTGTTGCGA-1,Mono
ACATCACTCTACTT-1,Mono
ACATGGTGAAGCCT-1,NK
ACATGGTGCAACCA-1,B
ACATGGTGCGAGTT-1,CD4 T
ACATTCTGGCATAC-1,CD4 T
ACATTCTGGGAACG-1,Mono
ACCAACGACATGCA-1,Platelet
ACCACAGAAAGTAG-1,CD4 T
ACCACAGAGTTGGT-1,CD4 T
ACCACCTGTGTGCA-1,CD4 T
ACCACGCTACAGCT-1,Platelet
ACCACGCTACCCAA-1,CD8 T
ACCACGCTGCGAGA-1,Platelet
ACCACGCTGCTGTA-1,CD8 T
ACCAGCCTGACAGG-1,Platelet
ACCAGTGAACGGTT-1,B
ACCAGTGAATACCG-1,Mono
ACCAGTGAGGGATG-1,CD8 T
ACCAGTGATGACTG-1,Mono
ACCATTACCTTCTA-1,CD4 T
ACCATTACGAGATA-1,CD4 T
ACCATTTGTCATTC-1,CD4 T
ACCCAAGAACTGTG-1,CD8 T
ACCCAAGAATTCCT-1,Platelet
ACCCAAGAGGACAG-1,CD4 T
ACCCAAGATTCACT-1,B
ACCCACTGCGCCTT-1,Mono
ACCCACTGGACAGG-1,CD8 T
ACCCACTGGTTCAG-1,Platelet
ACCCACTGTCGTAG-1,Mono
ACCCAGCTCAGAAA-1,Platelet
ACCCAGCTGTTAGC-1,Mono
ACCCAGCTTGCTTT-1,CD4 T
ACCCGTTGATGACC-1,B
ACCCGTTGCTGCAA-1,CD4 T
ACCCGTTGCTTCTA-1,DC
ACCCTCGACCTATT-1,Platelet
ACCCTCGACGGTAT-1,B
ACCCTCGATAAGGA-1,Mono
ACCCTCGATCAAGC-1,Mono
ACCGTGCTACCAGT-1,CD4 T
ACCGTGCTGGAACG-1,B
ACCTATTGCTGAGT-1,B
ACCTATTGTGCCCT-1,Mono
ACCTCCGAGTCCTC-1,CD8 T
ACCTCCGATATGCG-1,CD4 T
ACCTCCGATGCTGA-1,Platelet
ACCTCGTGAACCAC-1,CD8 T
ACCTGAGATATCGG-1,Platelet
ACCTGGCTAAGTAG-1,NK
ACCTTTGACTCCCA-1,Mono
ACCTTTGAGGAACG-1,Mono
ACCTTTGAGGAAGC-1,Mono
ACGAACACCTTGTT-1,NK
ACGAACTGGCTATG-1,Platelet
ACGAAGCTCTCCAC-1,Platelet
ACGAAGCTCTGAGT-1,B
ACGACCCTATCTCT-1,Mono
ACGACCCTGATGAA-1,CD8 T
ACGACCCTTGACAC-1,B
ACGACCCTTGACCA-1,Platelet
ACGAGGGACAGGAG-1,DC
ACGAGGGACGAACT-1,CD8 T
ACGAGGGATGTAGC-1,CD4 T
ACGAGTACCCTAAG-1,B
ACGAGTACGAATCC-1,B
ACGATCGAGGACTT-1,NK
ACGATCGAGTCACA-1,Mono
ACGATGACAATGCC-1,Platelet
ACGATGACTGGTCA-1,CD8 T
ACGATTCTACGGGA-1,CD8 T
ACGCAATGGTTCAG-1,NK
ACGCACCTGTTAGC-1,B
ACGCCACTGAACTC-1,Mono
ACGCCGGAAACCAC-1,Mono
ACGCCGGAAAGCCT-1,Platelet
ACGCCGGAAATGCC-1,CD4 T
ACGCCTTGCTCCCA-1,Mono
ACGCGGTGGCGAGA-1,CD4 T
ACGCGGTGTGTGGT-1,B
ACGCGGTGTTTGCT-1,CD8 T
ACGCTCACAGTACC-1,CD4 T
ACGCTCACCCTTGC-1,CD4 T
ACGCTGCTGTTCTT-1,NK
ACGGAACTCAGATC-1,NK
ACGGAACTGTCGTA-1,Mono
ACGGAGGACTCTTA-1,Platelet
ACGGATTGGGAGGT-1,B
ACGGATTGGTTAGC-1,CD4 T
ACGGCTCTGAGCAG-1,CD4 T
ACGGCTCTTGCACA-1,CD4 T
ACGGTAACCGCTAA-1,CD8 T
ACGGTAACCTTCGC-1,CD8 T
ACGGTAACGGTGGA-1,CD8 T
ACGGTAACTCGCAA-1,Platelet
ACGGTATGAGTCGT-1,Mono
ACGGTATGGGTATC-1,B
ACGGTATGGTTGTG-1,B
ACGGTCCTAACGGG-1,CD4 T
ACGGTCCTCGGGAA-1,CD8 T
ACGTAGACAACCAC-1,Platelet
ACGTAGACTACAGC-1,B
ACGTCAGAAACGAA-1,CD8 T
ACGTCAGAGAGCTT-1,Mono
ACGTCAGAGGGATG-1,CD4 T
ACGTCCTGATAAGG-1,Mono
ACGTCCTGTGAACC-1,Mono
ACGTCGCTCCTGAA-1,NK
ACGTCGCTCTATTC-1,Platelet
ACGTCGCTTCTCAT-1,B
ACGTGATGCCATGA-1,DC
ACGTGATGGGTCTA-1,CD8 T
ACGTGATGTAACCG-1,Mono
ACGTGATGTGACAC-1,NK
ACGTGCCTCCGTAA-1,CD8 T
ACGTGCCTTCTATC-1,CD8 T
ACGTTACTTTCCAT-1,CD4 T
ACGTTGGAAAAGCA-1,CD8 T
ACGTTGGAAACCTG-1,CD8 T
ACGTTGGACCGTAA-1,Mono
ACGTTGGAGCCAAT-1,NK
ACGTTGGATATGGC-1,B
ACGTTGGATCAGGT-1,Mono
ACGTTTACATCAGC-1,CD8 T
ACTAAAACCCACAA-1,CD8 T
ACTAAAACTCGACA-1,Mono
ACTACGGAATTTCC-1,CD8 T
ACTACGGACCTATT-1,Platelet
ACTACGGATCGCTC-1,Platelet
ACTACTACTAAGGA-1,CD8 T
ACTAGGTGGAACCT-1,Platelet
ACTAGGTGGAACTC-1,CD4 T
ACTATCACCTTGGA-1,CD8 T
ACTATCACTGCCAA-1,CD4 T
ACTCAGGACTGAAC-1,CD4 T
ACTCAGGATCTATC-1,B
ACTCAGGATTCGTT-1,Mono
ACTCCTCTCAACTG-1,Platelet
ACTCGCACGAAAGT-1,Mono
ACTCGCACTACGAC-1,Mono
ACTCTCCTGACACT-1,CD8 T
ACTCTCCTGCATAC-1,Platelet
ACTCTCCTGTTTGG-1,CD4 T
ACTGAGACAACCAC-1,NK
ACTGAGACCCATAG-1,Mono
ACTGAGACGTTGGT-1,B
ACTGCCACACACGT-1,CD8 T
ACTGCCACTCCGTC-1,NK
ACTGGCCTTCAGTG-1,NK
ACTGTGGACGTGTA-1,B
ACTGTGGATCTAGG-1,B
ACTGTTACCCACAA-1,Mono
ACTGTTACTGCAGT-1,CD8 T
ACTTAAGAACCACA-1,CD8 T
ACTTAAGATTACTC-1,DC
ACTTAGCTGCGTAT-1,Mono
ACTTAGCTGGGAGT-1,CD4 T
ACTTCAACAAGCAA-1,CD8 T
ACTTCAACGTAGGG-1,NK
ACTTCCCTTTCCGC-1,Platelet
ACTTCTGACATGCA-1,B
ACTTGACTCCACAA-1,B
ACTTGGGAGAAAGT-1,Mono
ACTTGGGAGGTTTG-1,CD4 T
ACTTGGGATGTGAC-1,Platelet
ACTTGGGATTGACG-1,Mono
ACTTGTACCTGTCC-1,Platelet
ACTTTGTGGAAAGT-1,CD8 T
ACTTTGTGGATAGA-1,Mono
AGAAACGAAAGTAG-1,B
AGAAAGTGCGCAAT-1,Platelet
AGAAAGTGGGGATG-1,Mono
AGAACAGAAATGCC-1,NK
AGAACAGACGACTA-1,B
AGAACAGAGACAAA-1,CD4 T
AGAACGCTTTGCTT-1,Platelet
AGAAGATGTGACTG-1,CD8 T
AGAATGGAAGAAGT-1,CD8 T
AGAATTTGTAACCG-1,CD4 T
AGAATTTGTAGAGA-1,Platelet
AGACACACTGTAGC-1,CD8 T
AGACACTGTCAAGC-1,Mono
AGACCTGAAGTAGA-1,Mono
AGACCTGACCAACA-1,CD4 T
AGACCTGAGGAAGC-1,Platelet
AGACGTACAGAGGC-1,CD4 T
AGACGTACCCCTAC-1,B
AGACGTACCTCTTA-1,Mono
AGACGTACTCGTGA-1,Mono
AGACTGACCATCAG-1,CD8 T
AGACTGACCCTTTA-1,CD8 T
AGACTTCTCATGCA-1,B
AGAGATGACAGTCA-1,B
AGAGATGACTGAAC-1,CD4 T
AGAGATGAGGTTTG-1,Mono
AGAGATGATCTCGC-1,B
AGAGATGATTGTGG-1,CD8 T
AGAGCGGAGGCAAG-1,Mono
AGAGTCTGGTCGTA-1,Mono
AGAGTGCTCAGCTA-1,CD4 T
AGAGTGCTCGAATC-1,CD4 T
AGAGTGCTGTCATG-1,CD4 T
AGAGTGCTGTCCTC-1,CD8 T
AGAGTGCTGTGTTG-1,B
AGATATACCCGTAA-1,NK
AGATATACGATGAA-1,CD4 T
AGATATACTGTTCT-1,B
AGATATTGCCTACC-1,Platelet
AGATATTGGCCAAT-1,Mono
AGATCGTGTCTGGA-1,Mono
AGATCGTGTTTGTC-1,B
AGATCTCTATCACG-1,B
AGATTAACGTTCTT-1,Mono
AGATTCCTATCGTG-1,CD4 T
AGATTCCTCACTTT-1,Mono
AGATTCCTGACGAG-1,Mono
AGATTCCTGTTCAG-1,NK
AGCAAAGATATGCG-1,CD4 T
AGCACAACAGTCTG-1,CD8 T
AGCACTGAGGGAGT-1,CD4 T
AGCACTGATATGCG-1,CD4 T
AGCACTGATGCTTT-1,DC
AGCACTGATTGCGA-1,CD4 T
AGCATCGAAGATCC-1,CD4 T
AGCATCGAAGGGTG-1,B
AGCATCGAGCTTCC-1,Mono
AGCATCGAGTGAGG-1,CD4 T
AGCATCGATAACCG-1,Mono
AGCATGACGATGAA-1,CD8 T
AGCCAATGGGGAGT-1,Mono
AGCCAATGTATCTC-1,CD4 T
AGCCACCTGGATCT-1,CD8 T
AGCCGGTGCCAATG-1,CD4 T
AGCCGGTGTGTTTC-1,CD4 T
AGCCGTCTCAATCG-1,CD8 T
AGCCGTCTGAGAGC-1,Platelet
AGCCTCACGTTCGA-1,CD4 T
AGCCTCACTGTCAG-1,Mono
AGCCTCTGCAGTTG-1,B
AGCCTCTGCCAATG-1,NK
AGCGAACTGGATCT-1,CD8 T
AGCGAACTTACTGG-1,Platelet
AGCGATACGGAGCA-1,CD8 T
AGCGATTGAGATCC-1,NK
AGCGCCGAATCTCT-1,Platelet
AGCGCCGACAGAGG-1,CD4 T
AGCGCTCTACCTTT-1,CD4 T
AGCGGCACCGGGAA-1,CD8 T
AGCGGCTGATGTGC-1,CD4 T
AGCGGGCTTGCCAA-1,Platelet
AGCGTAACATGCTG-1,Platelet
AGCGTAACTGAGAA-1,Mono
AGCTCGCTACTGGT-1,CD4 T
AGCTCGCTCTGCTC-1,CD8 T
AGCTGAACCATACG-1,Mono
AGCTGAACCTCTCG-1,CD4 T
AGCTGCCTTGGGAG-1,Mono
AGCTGCCTTTCATC-1,CD4 T
AGCTGCCTTTCTGT-1,CD8 T
AGCTGTGATCCAAG-1,CD8 T
AGCTTTACAAGTAG-1,CD4 T
AGCTTTACACCAAC-1,CD8 T
AGCTTTACTCTCAT-1,B
AGGAAATGAGGAGC-1,CD4 T
AGGAACCTCTTAGG-1,Mono
AGGAACCTTGCCTC-1,CD8 T
AGGAATGATAACGC-1,CD8 T
AGGAATGATTTGTC-1,CD4 T
AGGAGTCTGGTTTG-1,Platelet
AGGAGTCTTGTCAG-1,CD4 T
AGGATAGACATTTC-1,Platelet
AGGATAGAGGATTC-1,Platelet
AGGATGCTACTAGC-1,B
AGGATGCTTTAGGC-1,NK
AGGCAACTGAAGGC-1,CD4 T
AGGCAGGAGTACCA-1,CD8 T
AGGCCTCTAGTCGT-1,CD4 T
AGGCCTCTCGGAGA-1,CD4 T
AGGCCTCTCGTAAC-1,Platelet
AGGGACGACGTTGA-1,CD4 T
AGGGACGAGTCAAC-1,NK
AGGGACGAGTTGTG-1,CD4 T
AGGGACGATAGAGA-1,CD8 T
AGGGACGATGCATG-1,CD8 T
AGGGAGTGAGCCTA-1,CD4 T
AGGGCCACCATACG-1,CD4 T
AGGGCGCTAACCAC-1,Mono
AGGGCGCTATGGTC-1,CD8 T
AGGGTGGACAGTCA-1,B
AGGGTGGACTCAAG-1,Mono
AGGGTGGAGTTGCA-1,CD8 T
AGGGTTTGTTCATC-1,Mono
AGGTCATGAGTGTC-1,B
AGGTCATGCTTATC-1,CD8 T
AGGTCTGATTCTCA-1,Mono
AGGTGGGAAGAATG-1,CD4 T
AGGTGGGAAGTTCG-1,CD4 T
AGGTGTTGGTTACG-1,B
AGGTTCGAACCTCC-1,Mono
AGGTTCGAACGTAC-1,Mono
AGGTTCGAGGGTGA-1,CD8 T
AGTAAGGAGTTTGG-1,CD8 T
AGTAAGGATTCTTG-1,Platelet
AGTAATACATCACG-1,NK
AGTAATACCGAACT-1,B
AGTAATTGTCCCAC-1,CD4 T
AGTACGTGAGGGTG-1,CD4 T
AGTACGTGCTGCAA-1,Platelet
AGTACGTGCTTGGA-1,CD4 T
AGTACTCTACGTGT-1,B
AGTACTCTCAACCA-1,CD8 T
AGTACTCTCGGTAT-1,CD8 T
AGTAGGCTTGCCTC-1,Mono
AGTATAACTTGTCT-1,Mono
AGTATCCTAGAACA-1,Platelet
AGTCACGATGAGCT-1,B
AGTCAGACGAATAG-1,CD4 T
AGTCAGACGCTTAG-1,CD8 T
AGTCAGACTAGAGA-1,CD8 T
AGTCAGACTGCACA-1,CD4 T
AGTCCAGATATCTC-1,CD4 T
AGTCCAGATTTCAC-1,CD4 T
AGTCGAACCAACCA-1,CD4 T
AGTCGCCTCCGTAA-1,Platelet
AGTCTACTAGGGTG-1,Mono
AGTCTACTTGCATG-1,Mono
AGTCTTACACCACA-1,CD8 T
AGTCTTACTTCGCC-1,CD8 T
AGTCTTACTTCGGA-1,Platelet
AGTGACTGCAACTG-1,Mono
AGTGTTCTAACCTG-1,CD4 T
AGTGTTCTATAAGG-1,CD8 T
AGTGTTCTCACTTT-1,Mono
AGTTAAACCACTTT-1,CD4 T
AGTTATGAACAGTC-1,Mono
AGTTATGACTGAGT-1,CD8 T
AGTTATGAGTTCAG-1,CD4 T
AGTTCTACCAGCTA-1,Mono
AGTTCTTGAAGCCT-1,CD8 T
AGTTGTCTACTACG-1,CD4 T
AGTTTAGATGGTCA-1,CD8 T
AGTTTCACGGTCTA-1,CD8 T
AGTTTGCTACAGTC-1,CD8 T
AGTTTGCTACTGGT-1,NK
AGTTTGCTCCAAGT-1,Platelet
ATAAACACAGTGCT-1,B
ATAAACACCACCAA-1,CD8 T
ATAACAACATGCTG-1,Mono
ATAACAACGTCTAG-1,CD4 T
ATAACAACTTTGTC-1,CD4 T
ATAACATGTACTCT-1,CD4 T
ATAACCCTGTTGGT-1,CD8 T
ATAACCCTTGGTAC-1,CD4 T
ATAAGTACGAATGA-1,B
ATAAGTTGGTACGT-1,Mono
ATAAGTTGTCTAGG-1,CD4 T
ATAATCGAGCTGAT-1,B
ATAATCGATGGTTG-1,CD4 T
ATAATGACCTACTT-1,CD4 T
ATAATGACTCGTGA-1,Mono
ATACAATGTTAGGC-1,CD4 T
ATACCACTCGTACA-1,Mono
ATACCACTCTAAGC-1,DC
ATACCACTGCCAAT-1,NK
ATACCGGAATGCTG-1,DC
ATACCGGACATTTC-1,Mono
ATACCGGACTTCGC-1,CD4 T
ATACCGGAGGTGTT-1,Mono
ATACCGGATCTCGC-1,Platelet
ATACCTACGCATCA-1,CD8 T
ATACCTTGGGGCAA-1,CD8 T
ATACGGACAGACTC-1,Mono
ATACGGACCTACTT-1,Mono
ATACGGACGAGGTG-1,B
ATACGGACTATGCG-1,B
ATACGGACTCTGGA-1,Mono
ATACGTCTTAACGC-1,Mono
ATACTCTGCTTCGC-1,Mono
ATACTCTGGTATGC-1,NK
ATAGATACCATGGT-1,Platelet
ATAGATACGACGAG-1,CD4 T
ATAGATTGGTGTAC-1,B
ATAGCCGAACGGAG-1,CD4 T
ATAGCGTGCAGATC-1,Platelet
ATAGCGTGCCCTTG-1,Mono
ATAGCGTGGTATCG-1,Mono
ATAGCGTGTCTCTA-1,CD4 T
ATAGCTCTCTGATG-1,Platelet
ATAGCTCTGAGGTG-1,Platelet
ATAGGAGAAACAGA-1,Mono
ATAGGCTGTCAGAC-1,CD4 T
ATAGTCCTAGTGTC-1,Mono
ATAGTCCTTGCATG-1,CD8 T
ATAGTCCTTGTCGA-1,CD8 T
ATAGTTGACAACTG-1,CD4 T
ATAGTTGACCCTCA-1,Mono
ATAGTTGAGACGTT-1,Platelet
ATAGTTGATAAGCC-1,CD4 T
ATATACGAAGCCAT-1,CD4 T
ATATACGAATTGGC-1,CD4 T
ATATAGTGGAATGA-1,Mono
ATATGCCTAGATCC-1,Mono
ATATGCCTGGACAG-1,CD8 T
ATATGCCTTCTCTA-1,Platelet
ATATGCCTTGGTAC-1,CD4 T
ATCAAATGAGCCTA-1,Mono
ATCAAATGGGTAAA-1,Mono
ATCAACCTAAACGA-1,CD4 T
ATCAACCTGAGGAC-1,CD4 T
ATCAACCTTCTCTA-1,CD4 T
ATCAACCTTTGTCT-1,CD8 T
ATCACACTTTGTCT-1,CD4 T
ATCACGGATTTCGT-1,B
ATCATCTGACACCA-1,Platelet
ATCATGCTAGAGTA-1,CD8 T
ATCATGCTGAACCT-1,B
ATCCAGGACGCTAA-1,Mono
ATCCAGGATGGAAA-1,CD4 T
ATCCATACTCCTTA-1,Mono
ATCCATACTTCATC-1,Mono
ATCCCGTGCAGTCA-1,NK
ATCCCGTGCATGCA-1,B
ATCCCGTGGCTGAT-1,B
ATCCGCACGCATCA-1,B
ATCCTAACGACGGA-1,B
ATCCTAACGCTACA-1,CD4 T
ATCGACGAAACTGC-1,Mono
ATCGACGAATGACC-1,CD8 T
ATCGAGTGGACGTT-1,CD8 T
ATCGCAGAATCTCT-1,Mono
ATCGCAGAGTGTCA-1,B
ATCGCCACTGAGGG-1,CD8 T
ATCGCCTGGGTCAT-1,CD8 T
ATCGCCTGTGGCAT-1,B
ATCGCGCTCAGAGG-1,Mono
ATCGCGCTGGGATG-1,Platelet
ATCGCGCTTTTCGT-1,B
ATCGGAACCAGTCA-1,CD4 T
ATCGGTGAGTCAAC-1,Platelet
ATCGGTGATTGCAG-1,Platelet
ATCGTTTGCCTACC-1,Mono
ATCGTTTGGGTACT-1,Mono
ATCGTTTGTGCCAA-1,Mono
ATCTACACCCGCTT-1,Mono
ATCTACACCGGGAA-1,CD4 T
ATCTCAACAGGAGC-1,B
ATCTCAACCTCGAA-1,Platelet
ATCTCAACCTTGTT-1,Mono
ATCTGGGAAACCAC-1,Mono
ATCTGGGAAGTGTC-1,Mono
ATCTGGGATTCCGC-1,CD8 T
ATCTGTTGAACGGG-1,CD4 T
ATCTGTTGACCTCC-1,Platelet
ATCTGTTGCCTTCG-1,Mono
ATCTGTTGGTTGCA-1,Platelet
ATCTTGACACCAAC-1,CD4 T
ATCTTGACCTCCCA-1,Mono
ATCTTTCTGCATCA-1,CD8 T
ATCTTTCTGTTTCT-1,CD8 T
ATCTTTCTTGTCCC-1,NK
ATGAAACTCTGTGA-1,CD8 T
ATGAAACTGAGGCA-1,CD4 T
ATGAAGGAACAGCT-1,CD8 T
ATGAAGGACCTGTC-1,B
ATGAAGGACCTTAT-1,B
ATGAAGGACTAGTG-1,B
ATGAAGGACTTGCC-1,NK
ATGACGTGACGACT-1,B
ATGACGTGATCGGT-1,Mono
ATGAGAGAAAGTGA-1,CD4 T
ATGAGAGAACGCAT-1,CD4 T
ATGAGAGAAGTAGA-1,B
ATGAGCACACAGCT-1,CD8 T
ATGAGCACATCTTC-1,CD4 T
ATGATAACTTCACT-1,NK
ATGATATGAAACAG-1,CD4 T
ATGATATGACTGGT-1,Platelet
ATGATATGAGCACT-1,Platelet
ATGATATGGTCATG-1,CD8 T
ATGATATGGTGCTA-1,NK
ATGATATGTTGTCT-1,Mono
ATGCACGAATGTCG-1,B
ATGCACGACTGTAG-1,Platelet
ATGCACGAGAACCT-1,B
ATGCACGAGTTCGA-1,CD4 T
ATGCACGATTGGTG-1,Mono
ATGCAGTGTTACCT-1,B
ATGCAGTGTTCTAC-1,CD4 T
ATGCCAGAACGACT-1,CD4 T
ATGCCAGACAGTCA-1,Mono
ATGCCGCTTGAACC-1,Mono
ATGCGATGCTATGG-1,Platelet
ATGCGATGCTGAGT-1,Platelet
ATGCGATGGTTACG-1,B
ATGCGCCTTCATTC-1,CD4 T
ATGCTTTGCGAATC-1,CD4 T
ATGCTTTGGGCGAA-1,CD8 T
ATGCTTTGTAGTCG-1,B
ATGGACACATCGGT-1,CD4 T
ATGGACACGCATCA-1,NK
ATGGGTACAACCTG-1,B
ATGGGTACATCGGT-1,NK
ATGGGTACTATTCC-1,CD4 T
ATGGGTACTGGGAG-1,CD4 T
ATGTAAACACCTCC-1,CD4 T
ATGTAAACCCGCTT-1,CD4 T
ATGTAAACGGGATG-1,Mono
ATGTAAACTCTCCG-1,CD4 T
ATGTAAACTTCACT-1,Mono
ATGTACCTCAGTCA-1,CD8 T
ATGTACCTTAGTCG-1,CD4 T
ATGTACCTTTATCC-1,Mono
ATGTACCTTTCACT-1,CD8 T
ATGTCACTAATGCC-1,Mono
ATGTCACTCTGCTC-1,Platelet
ATGTCGGAGGTGAG-1,CD4 T
ATGTTCACAGTCTG-1,Mono
ATGTTCACCGTAGT-1,Platelet
ATGTTGCTTTCAGG-1,CD8 T
ATTAACGATGAGAA-1,NK
ATTAACGATGCAAC-1,CD8 T
ATTAAGACTGCAGT-1,Platelet
ATTACCTGCCTTAT-1,Mono
ATTACCTGGAGGAC-1,Mono
ATTAGATGTTTCAC-1,Platelet
ATTATGGAATCTCT-1,Platelet
ATTCAAGAACGGGA-1,CD8 T
ATTCAAGACCTTTA-1,CD4 T
ATTCAGCTCATTGG-1,Platelet
ATTCCAACCATTGG-1,Mono
ATTCCAACTTAGGC-1,NK
ATTCGACTCACTAG-1,CD8 T
ATTCGACTGAATAG-1,Mono
ATTCGACTTTTGTC-1,Mono
ATTCGGGAAAGGCG-1,Mono
ATTCGGGATTAGGC-1,CD4 T
ATTCTTCTGATACC-1,CD8 T
ATTGAATGGACGGA-1,CD4 T
ATTGATGAAGGTTC-1,Platelet
ATTGATGACTGAGT-1,Platelet
ATTGATGAGCGAAG-1,CD4 T
ATTGATGATCTATC-1,Platelet
ATTGCACTGACGGA-1,CD8 T
ATTGCACTGAGAGC-1,Mono
ATTGCACTGGAGCA-1,Mono
ATTGCACTTAGCCA-1,Platelet
ATTGCACTTGCTTT-1,Mono
ATTGCTTGTTACTC-1,B
ATTGGTCTGACTAC-1,B
ATTGGTCTTGTCTT-1,B
ATTGTAGATTCCCG-1,DC
ATTGTAGATTGCAG-1,CD8 T
ATTGTCTGCGTACA-1,CD4 T
ATTTAGGAACCATG-1,Mono
ATTTAGGACAGAGG-1,CD4 T
ATTTCCGAGATGAA-1,CD4 T
ATTTCCGAGTGCTA-1,Platelet
ATTTCGTGTATGGC-1,Platelet
ATTTCTCTACTTTC-1,Mono
ATTTCTCTAGCAAA-1,CD4 T
ATTTCTCTCACTTT-1,Mono
ATTTCTCTTCCCAC-1,Platelet
ATTTGCACAAGATG-1,Mono
CAAAGCACAGCTCA-1,CD4 T
CAAAGCACCGTAAC-1,B
CAAAGCACGGTAAA-1,NK
CAAAGCTGAAAGTG-1,CD8 T
CAAAGCTGTTGCTT-1,Mono
CAAATATGTGACAC-1,Platelet
CAAATTGAGGGCAA-1,CD4 T
CAAATTGATGGAGG-1,Platelet
CAACCAGAAAAGTG-1,CD8 T
CAACCAGAAGTGCT-1,CD8 T
CAACCAGAGTTCAG-1,Mono
CAACCAGATAGAAG-1,Mono
CAACCGCTGTTCAG-1,CD4 T
CAACCGCTTTGAGC-1,CD8 T
CAACGATGCGCAAT-1,Mono
CAACGTGACTCCAC-1,Mono
CAACGTGAGCCATA-1,CD8 T
CAACGTGATCAAGC-1,Mono
CAAGAAGACCACAA-1,CD8 T
CAAGAAGACGTCTC-1,Mono
CAAGAAGATTCTAC-1,Platelet
CAAGACTGACCTGA-1,B
CAAGACTGAGTAGA-1,B
CAAGCTGACCATAG-1,Mono
CAAGCTGATCTATC-1,CD8 T
CAAGGACTGTTCAG-1,CD8 T
CAAGGACTTCTTTG-1,CD8 T
CAAGGTTGCTCCAC-1,Platelet
CAAGGTTGTCATTC-1,B
CAAGGTTGTCTGGA-1,NK
CAAGTCGAAACAGA-1,B
CAAGTCGATAGCGT-1,Mono
CAATAAACGCCATA-1,Mono
CAATAATGAACTGC-1,Platelet
CAATATGACATGGT-1,CD4 T
CAATATGACCTTCG-1,CD8 T
CAATATGACGTTAG-1,Platelet
CAATATGAGGAGCA-1,Platelet
CAATCGGAGAAACA-1,CD4 T
CAATCTACTGACTG-1,NK
CAATTCACCCAACA-1,CD8 T
CAATTCACGATAGA-1,Platelet
CAATTCACTTGTGG-1,Platelet
CAATTCTGCTTGTT-1,Mono
CAATTCTGGCGTAT-1,Mono
CACAACGATACGAC-1,CD8 T
CACAATCTTGTTCT-1,CD8 T
CACAATCTTTCCAT-1,CD8 T
CACACCTGCTTGAG-1,CD8 T
CACACCTGTATGGC-1,Platelet
CACAGAACCCTTGC-1,B
CACAGAACCTGATG-1,CD4 T
CACAGATGGGATTC-1,CD8 T
CACAGATGGTTTCT-1,Mono
CACAGCCTGATACC-1,CD4 T
CACAGCCTTGCCAA-1,Mono
CACAGCCTTGTAGC-1,CD4 T
CACAGTGATGAAGA-1,Mono
CACATACTACAGCT-1,CD8 T
CACATGGAACACGT-1,CD4 T
CACATGGAAGTCGT-1,CD4 T
CACCACTGCCAACA-1,Platelet
CACCACTGGCGAAG-1,NK
CACCCATGTTCTGT-1,CD8 T
CACCGGGAATCGAC-1,CD4 T
CACCGGGACGAGAG-1,CD8 T
CACCGGGACGTGTA-1,CD4 T
CACCGGGACTTCTA-1,CD8 T
CACCGGGACTTGCC-1,CD8 T
CACCGGGATTCGGA-1,CD8 T
CACCGTACTAAGGA-1,B
CACCGTACTAGCGT-1,CD4 T
CACCTGACACCCAA-1,CD8 T
CACCTGACCAGAAA-1,CD4 T
CACCTGACCTCAAG-1,CD8 T
CACCTGACGAAAGT-1,B
CACCTGACTCGTAG-1,CD8 T
CACGAAACTTCCGC-1,B
CACGACCTCGATAC-1,B
CACGCTACAGAAGT-1,Mono
CACGCTACTGTTCT-1,B
CACGGGACAGAGTA-1,CD4 T
CACGGGACATAAGG-1,CD4 T
CACGGGACGTAGGG-1,CD4 T
CACGGGTGCTTCGC-1,CD8 T
CACGGGTGGAGGAC-1,NK
CACGGGTGTGTTTC-1,Platelet
CACTAACTCCTAAG-1,B
CACTAACTGAAAGT-1,CD4 T
CACTAGGATGATGC-1,B
CACTATACCCCGTT-1,B
CACTATACGTTTGG-1,CD8 T
CACTGAGACAGTCA-1,Mono
CACTGCACTTCATC-1,CD8 T
CACTGCTGAGACTC-1,Mono
CACTGCTGGAAAGT-1,Platelet
CACTTAACCGAATC-1,CD4 T
CACTTAACCGTACA-1,B
CACTTTGACTCTAT-1,CD8 T
CACTTTGAGCTGTA-1,CD8 T
CAGAAGCTCTCAAG-1,CD8 T
CAGACATGAACGGG-1,CD4 T
CAGACATGTCGACA-1,Platelet
CAGACCCTAAGGTA-1,Mono
CAGACCCTAATGCC-1,CD4 T
CAGACCCTAGGAGC-1,CD8 T
CAGACTGAGTATGC-1,CD4 T
CAGATCGAATGTCG-1,B
CAGATCGACCTGAA-1,CD8 T
CAGATCGATATGGC-1,CD4 T
CAGATGACATTCTC-1,NK
CAGCAATGCCTTCG-1,CD4 T
CAGCAATGGAGGGT-1,NK
CAGCAATGGTGCTA-1,Platelet
CAGCAATGTCTACT-1,Mono
CAGCAATGTGACCA-1,CD4 T
CAGCAATGTGAGGG-1,Mono
CAGCACCTAAGCCT-1,CD4 T
CAGCACCTAGGCGA-1,CD8 T
CAGCACCTGTAGGG-1,Mono
CAGCATGACAACCA-1,Mono
CAGCATGAGACGTT-1,CD8 T
CAGCCTACCCAACA-1,CD4 T
CAGCCTTGCTACCC-1,Mono
CAGCCTTGGGGACA-1,CD4 T
CAGCGGACACCCTC-1,CD4 T
CAGCGGACCTTTAC-1,NK
CAGCGTCTAAAGCA-1,CD8 T
CAGCGTCTTATCGG-1,CD4 T
CAGCTAGATGTGAC-1,Mono
CAGCTCTGAGGCGA-1,Platelet
CAGCTCTGCAAGCT-1,CD8 T
CAGCTCTGTCGTAG-1,Mono
CAGCTCTGTGTGGT-1,NK
CAGGAACTAACTGC-1,CD8 T
CAGGAACTCTCAGA-1,Platelet
CAGGCCGAACACCA-1,CD4 T
CAGGCCGAACACGT-1,CD4 T
CAGGCCGAACGACT-1,CD4 T
CAGGCCGAATCTCT-1,Mono
CAGGCCGACTAGCA-1,B
CAGGGCACCATACG-1,B
CAGGGCACCCAACA-1,CD4 T
CAGGGCACTCCCGT-1,CD4 T
CAGGTAACAGACTC-1,Mono
CAGGTATGAGTCGT-1,CD4 T
CAGGTATGTGCTTT-1,CD4 T
CAGGTTGAGGATCT-1,B
CAGTGATGGACGGA-1,B
CAGTGATGGCTAAC-1,CD8 T
CAGTGATGGGACAG-1,CD4 T
CAGTGATGTAAGGA-1,B
CAGTGATGTACGCA-1,B
CAGTGTGATGTCAG-1,CD4 T
CAGTTACTAAGGTA-1,B
CAGTTACTGATAGA-1,CD8 T
CAGTTGGAAAGAGT-1,Mono
CAGTTGGACATACG-1,CD8 T
CAGTTTACACACGT-1,NK
CAGTTTACCCCAAA-1,CD8 T
CATAAAACGGAGCA-1,Mono
CATAAATGAACTGC-1,CD4 T
CATAACCTTCTCCG-1,CD4 T
CATACTACCTCGAA-1,Platelet
CATACTACCTGAAC-1,CD4 T
CATACTACGTACCA-1,Mono
CATACTTGGGTTAC-1,Platelet
CATAGTCTAATCGC-1,CD4 T
CATAGTCTCACTTT-1,CD8 T
CATATAGACTAAGC-1,DC
CATATAGATCAGGT-1,B
CATCAACTAGAAGT-1,B
CATCAACTCCCTCA-1,CD4 T
CATCAGGACTTCCG-1,NK
CATCAGGATAGCCA-1,NK
CATCAGGATCCTAT-1,Mono
CATCAGGATGCACA-1,Mono
CATCAGGATTTCGT-1,Mono
CATCATACCGCATA-1,Mono
CATCATACGGAGCA-1,B
CATCATACTCAAGC-1,CD8 T
CATCGCTGGGATCT-1,Platelet
CATCGCTGTGGCAT-1,B
CATCGGCTATGCTG-1,CD4 T
CATCGGCTTTGGCA-1,CD4 T
CATCTCCTATGTGC-1,B
CATCTCCTCGAACT-1,Mono
CATGAGACACGGGA-1,B
CATGAGACGTTGAC-1,NK
CATGAGACTCGCCT-1,Platelet
CATGCCACGGGTGA-1,CD8 T
CATGCCACTGCCAA-1,CD4 T
CATGCGCTAGTCAC-1,Mono
CATGCGCTCAGATC-1,Mono
CATGCGCTTTGCAG-1,Mono
CATGGCCTAGGGTG-1,Mono
CATGGCCTGTGCAT-1,CD8 T
CATGTACTATCGTG-1,CD8 T
CATGTTACAGTCGT-1,NK
CATGTTACCTGAGT-1,CD8 T
CATGTTTGGGGATG-1,Mono
CATTACACACGGAG-1,B
CATTACACCAACTG-1,NK
CATTACACGGAGTG-1,CD4 T
CATTACACTACTCT-1,CD8 T
CATTAGCTCCACAA-1,Mono
CATTGACTAGCGGA-1,Mono
CATTGGGACTCGAA-1,CD4 T
CATTGTACAGCGTT-1,CD8 T
CATTGTACTCGATG-1,B
CATTGTACTTATCC-1,CD4 T
CATTGTACTTTGCT-1,Mono
CATTGTTGCTAGTG-1,CD8 T
CATTTCGACTCTAT-1,CD8 T
CATTTCGAGATACC-1,NK
CATTTGACCACACA-1,CD8 T
CATTTGACCCTGAA-1,CD8 T
CATTTGTGACGACT-1,B
CATTTGTGCATTGG-1,CD8 T
CATTTGTGCGGAGA-1,CD8 T
CATTTGTGGGATCT-1,B
CCAAAGTGCTACGA-1,Mono
CCAAAGTGTGAGAA-1,Mono
CCAACCTGAAGTAG-1,Platelet
CCAACCTGACGTAC-1,Mono
CCAACCTGTTCGCC-1,Mono
CCAAGAACCCAATG-1,CD4 T
CCAAGAACGTAGCT-1,Platelet
CCAAGAACGTGTCA-1,Platelet
CCAAGAACTACTGG-1,CD8 T
CCAAGAACTCCTAT-1,B
CCAAGATGTCATTC-1,Platelet
CCAAGATGTTTCAC-1,Platelet
CCAAGTGAGGAACG-1,CD8 T
CCAAGTGATCAAGC-1,CD4 T
CCAATTTGAACGTC-1,Mono
CCACCATGAACGTC-1,Platelet
CCACCATGATCGGT-1,CD4 T
CCACCATGGACGAG-1,Mono
CCACCATGGGGAGT-1,Platelet
CCACCATGTCCTGC-1,CD8 T
CCACTGACCCGCTT-1,Mono
CCACTGTGGGAAGC-1,Mono
CCACTGTGTGTAGC-1,CD4 T
CCACTTCTCGGGAA-1,Mono
CCAGAAACCCTGTC-1,B
CCAGAAACGAACTC-1,CD4 T
CCAGAAACGGTCTA-1,Platelet
CCAGACCTCTGAGT-1,Mono
CCAGACCTTGTGGT-1,CD4 T
CCAGCACTGCGATT-1,Mono
CCAGCGGAAAGGCG-1,Mono
CCAGCGGACGACTA-1,Mono
CCAGCGGATGGGAG-1,Platelet
CCAGCTACACAGTC-1,CD4 T
CCAGCTACCAGCTA-1,B
CCAGGTCTACACCA-1,B
CCAGGTCTAGCATC-1,Mono
CCAGGTCTATGGTC-1,CD4 T
CCAGTCACACTGGT-1,Mono
CCAGTCACACTGTG-1,B
CCAGTCACGTTGTG-1,CD8 T
CCAGTGCTAACCAC-1,CD4 T
CCAGTGCTCGTAGT-1,CD4 T
CCATCCGAAAGCAA-1,CD8 T
CCATCCGAACGACT-1,CD8 T
CCATCCGAAGGTTC-1,B
CCATCCGATTCGCC-1,Mono
CCATCGTGAACGGG-1,Platelet
CCATCGTGCTAGAC-1,Mono
CCCAACACCTCGCT-1,B
CCCAACACGCATCA-1,CD4 T
CCCAACACTTTGTC-1,Mono
CCCAACTGCAATCG-1,Mono
CCCAGACTGCCTTC-1,Mono
CCCAGACTGGTTTG-1,B
CCCAGACTTTCGCC-1,Mono
CCCAGTTGCAGTTG-1,Mono
CCCAGTTGGGTACT-1,CD4 T
CCCAGTTGTCTATC-1,B
CCCGATTGTGTTTC-1,CD4 T
CCCGGAGAAGGGTG-1,Mono
CCCTACGAATTGGC-1,Mono
CCCTAGTGCAAAGA-1,CD4 T
CCCTCAGACACTTT-1,B
CCCTCAGACGAGAG-1,CD4 T
CCCTCAGAGGTCAT-1,CD8 T
CCCTGAACTAAAGG-1,B
CCCTGATGCAACCA-1,Platelet
CCCTGATGCAAGCT-1,B
CCCTTACTAACCAC-1,Mono
CCCTTACTGCAGTT-1,CD8 T
CCGAAAACCTTGTT-1,Mono
CCGACACTGGTTTG-1,CD4 T
CCGACTACCCAGTA-1,Mono
CCGACTACCGTGTA-1,Platelet
CCGACTACTGAGGG-1,CD8 T
CCGATAGACCTAAG-1,CD8 T
CCGATAGAGTTGGT-1,Mono
CCGCGAGACACACA-1,Mono
CCGCGAGAGGTTCA-1,CD8 T
CCGCTATGGGACGA-1,B
CCGCTATGTGCAAC-1,Mono
CCGCTATGTGCACA-1,Mono
CCGGTACTGTCCTC-1,CD8 T
CCGTACACAAGCAA-1,CD4 T
CCGTACACAGCGTT-1,B
CCGTACACGTCATG-1,CD8 T
CCGTACACGTTGGT-1,Mono
CCGTACACTAACGC-1,CD8 T
CCTAAACTTTCGTT-1,CD4 T
CCTAAGGACCCAAA-1,CD4 T
CCTAAGGACTAGCA-1,Mono
CCTAAGGAGGGCAA-1,CD8 T
CCTAAGGATGATGC-1,Platelet
CCTAAGGATGTCAG-1,CD4 T
CCTACCGACTCTTA-1,Platelet
CCTACCGAGGGATG-1,B
CCTAGAGAGGTGAG-1,B
CCTATAACCAAAGA-1,CD8 T
CCTATAACGAGACG-1,Mono
CCTATAACTCAGAC-1,CD4 T
CCTATAACTGCATG-1,Mono
CCTCGAACACTTTC-1,NK
CCTCGAACCCGTAA-1,Platelet
CCTCGAACGTATCG-1,Platelet
CCTCGAACTTACTC-1,CD4 T
CCTCTACTCTTCGC-1,Mono
CCTCTACTGGCATT-1,Platelet
CCTGACTGAAGTAG-1,CD8 T
CCTGACTGGGGAGT-1,CD8 T
CCTGACTGTGTCTT-1,B
CCTGCAACACGTTG-1,Mono
CCTGGACTCGTGAT-1,Platelet
CCTTAATGCCCAAA-1,B
CCTTAATGTTCTAC-1,Mono
CCTTCACTACGACT-1,CD4 T
CCTTCACTCAGTCA-1,B
CCTTCACTGGAGTG-1,Mono
CCTTTAGATTCATC-1,Mono
CGAACATGCCCTAC-1,Platelet
CGAACATGTCAGAC-1,CD4 T
CGAAGACTGGAACG-1,CD8 T
CGAAGACTGTTACG-1,CD8 T
CGAAGGGAAACCTG-1,Platelet
CGAAGGGATCCGAA-1,B
CGAAGTACCAACTG-1,B
CGAATCGAGGAGCA-1,Mono
CGAATCGAGGAGGT-1,CD4 T
CGACAAACCCATAG-1,Platelet
CGACAAACCGACAT-1,B
CGACCACTAAAGTG-1,NK
CGACCACTGCCAAT-1,NK
CGACCGGAAGGTCT-1,Platelet
CGACCGGATGGAAA-1,CD4 T
CGACCTTGCTAGTG-1,CD4 T
CGACGTCTATCGTG-1,CD8 T
CGACGTCTCGTGTA-1,CD4 T
CGACGTCTGAGGCA-1,Platelet
CGACTCACGTCGTA-1,Platelet
CGACTCACGTTGCA-1,CD8 T
CGACTCTGTGTGAC-1,CD4 T
CGACTGCTTCCTCG-1,Mono
CGAGAACTAAGGCG-1,CD8 T
CGAGAACTACGTTG-1,CD4 T
CGAGAACTTGTTCT-1,Mono
CGAGATTGGACACT-1,CD8 T
CGAGATTGGCCATA-1,CD8 T
CGAGCCGAACACCA-1,CD4 T
CGAGCCGAGGCGAA-1,Platelet
CGAGCGTGCTCCAC-1,CD8 T
CGAGCGTGGATACC-1,CD4 T
CGAGCGTGTATGCG-1,Mono
CGAGGAGACCTCCA-1,B
CGAGGAGATGTCGA-1,Platelet
CGAGGCACCTATGG-1,CD8 T
CGAGGCACTATGCG-1,Mono
CGAGGCACTCTTCA-1,Platelet
CGAGGCTGACGCTA-1,NK
CGAGGCTGGCAGTT-1,Mono
CGAGGGCTACGACT-1,B
CGAGGGCTCGAATC-1,CD8 T
CGAGTATGTCACCC-1,Mono
CGATACGAACAGTC-1,Mono
CGATACGACAGGAG-1,CD4 T
CGATACGATTCACT-1,B
CGATAGACCCGTAA-1,Mono
CGATAGACCGTACA-1,CD4 T
CGATAGACGTAGGG-1,Mono
CGATAGACTGTTCT-1,Platelet
CGATCAGAAGAACA-1,CD8 T
CGATCAGAGAGGGT-1,CD8 T
CGATCAGAGGTACT-1,CD4 T
CGATCAGATGTGAC-1,DC
CGATCCACCGGGAA-1,CD8 T
CGATCCACTTCCAT-1,B
CGCAAATGCTCGAA-1,CD8 T
CGCAACCTCCTTGC-1,CD4 T
CGCAACCTGGACGA-1,Platelet
CGCACGGAGGACGA-1,B
CGCACGGATCTTTG-1,CD8 T
CGCACTACAGAATG-1,CD4 T
CGCACTACAGCCAT-1,CD4 T
CGCACTACATTGGC-1,CD4 T
CGCACTACTCGCCT-1,B
CGCACTACTCGTGA-1,CD8 T
CGCACTTGTCACGA-1,Mono
CGCAGGACAGATCC-1,CD8 T
CGCAGGACCTACTT-1,CD4 T
CGCAGGACTTGTCT-1,Mono
CGCAGGTGCACTGA-1,CD8 T
CGCAGGTGCCATAG-1,Mono
CGCAGGTGGGAACG-1,CD4 T
CGCATAGATCACGA-1,Mono
CGCCATACTGCAAC-1,Platelet
CGCCATTGAGAGGC-1,CD4 T
CGCCATTGCTATGG-1,CD8 T
CGCCATTGGAGACG-1,Platelet
CGCCATTGGAGCAG-1,B
CGCCATTGTACTGG-1,B
CGCCGAGAGCTTAG-1,NK
CGCCTAACGAATGA-1,DC
CGCCTAACTGCTCC-1,CD4 T
CGCGAGACACAGCT-1,CD8 T
CGCGAGACAGGTCT-1,B
CGCGAGACGCTACA-1,CD8 T
CGCGATCTCAGTCA-1,Mono
CGCGATCTGTTGAC-1,Mono
CGCGATCTTTCTTG-1,B
CGCGGATGGCCAAT-1,CD4 T
CGCTAAGAATGTCG-1,CD4 T
CGCTAAGACAACTG-1,CD4 T
CGCTAAGACCCTTG-1,Platelet
CGCTACTGAACAGA-1,Mono
CGCTACTGAGAACA-1,CD4 T
CGCTACTGTGAGCT-1,Platelet
CGCTACTGTTCCCG-1,CD8 T
CGCTCATGCATTTC-1,Mono
CGGAATTGGTTTGG-1,CD4 T
CGGAATTGTGGAGG-1,CD4 T
CGGACCGATGCGTA-1,CD8 T
CGGACCGATGGGAG-1,Platelet
CGGACTCTAAACAG-1,B
CGGACTCTCCAATG-1,CD4 T
CGGACTCTCCTCGT-1,Platelet
CGGAGGCTATTCCT-1,CD8 T
CGGAGGCTTGGATC-1,CD8 T
CGGATAACAACGAA-1,Mono
CGGATAACAGCTCA-1,CD4 T
CGGATAACTCAGTG-1,Mono
CGGCACGAACTCAG-1,CD4 T
CGGCACGAAGGGTG-1,CD8 T
CGGCACGACTACGA-1,Mono
CGGCATCTTAGAAG-1,CD4 T
CGGCATCTTCGTAG-1,Mono
CGGCCAGAAAGGTA-1,CD4 T
CGGCCAGAGAGGCA-1,CD8 T
CGGCGAACCAGTCA-1,Mono
CGGCGAACGACAAA-1,NK
CGGCGAACGGTCTA-1,CD4 T
CGGCGAACTACTTC-1,NK
CGGGACTGCGTGTA-1,CD8 T
CGGGACTGGAATAG-1,CD8 T
CGGGCATGACCCAA-1,CD8 T
CGGGCATGTCTCTA-1,NK
CGGGCATGTTGTGG-1,CD4 T
CGGTAAACTCGCAA-1,CD8 T
CGGTCACTGTTTGG-1,CD4 T
CGGTCACTTACTTC-1,CD4 T
CGTAACGATCGCCT-1,CD4 T
CGTACCACACACAC-1,Platelet
CGTACCACACGTTG-1,CD4 T
CGTACCACCTCATT-1,Platelet
CGTACCACGGAGCA-1,CD4 T
CGTACCTGGCATCA-1,NK
CGTAGCCTCTCTCG-1,Mono
CGTAGCCTGCGAAG-1,CD8 T
CGTAGCCTGTATGC-1,Mono
CGTCAAGAAAGGTA-1,Mono
CGTCAAGAACGTGT-1,CD4 T
CGTCAAGACAGAGG-1,Platelet
CGTCAAGACAGGAG-1,CD8 T
CGTCCATGCTCTTA-1,Platelet
CGTCGACTTTCCGC-1,CD8 T
CGTGATGACGCTAA-1,NK
CGTGATGAGGTTCA-1,CD8 T
CGTGCACTTATGGC-1,Mono
CGTGTAGAAAAACG-1,CD4 T
CGTGTAGACGATAC-1,NK
CGTGTAGAGTTACG-1,NK
CGTGTAGAGTTCAG-1,Mono
CGTGTAGATTCGGA-1,NK
CGTTAGGAAACCAC-1,CD4 T
CGTTAGGATCATTC-1,Mono
CGTTATACCCTGAA-1,CD8 T
CGTTTAACTGGTCA-1,Platelet
CTAAACCTCTGACA-1,NK
CTAAACCTGTGCAT-1,B
CTAACACTAACGTC-1,CD4 T
CTAACACTAGTGCT-1,Mono
CTAACGGAACCGAT-1,NK
CTAACGGATTTCTG-1,CD4 T
CTAACTACGGCAAG-1,CD8 T
CTAAGGACACCATG-1,CD4 T
CTAAGGACCGTTAG-1,CD8 T
CTAAGGACGCCATA-1,Mono
CTAAGGTGCCTAAG-1,B
CTAAGGTGTTGCAG-1,CD4 T
CTAAGGTGTTTCTG-1,CD8 T
CTAATAGAGCTATG-1,CD8 T
CTAATGCTTGTGGT-1,Mono
CTACAACTCCCGTT-1,CD8 T
CTACCTCTCAACCA-1,NK
CTACGCACACCTAG-1,Mono
CTACGCACTCTCCG-1,Platelet
CTACGCACTGGTCA-1,NK
CTACGGCTTTCTTG-1,Mono
CTACTATGAACCAC-1,Mono
CTACTATGATGTGC-1,Mono
CTACTATGCTAAGC-1,CD8 T
CTACTATGTAAAGG-1,B
CTACTCCTATGTCG-1,NK
CTACTCCTGCCATA-1,Mono
CTAGAGACACTTTC-1,Platelet
CTAGAGACAGCATC-1,CD8 T
CTAGAGACTTTGGG-1,Mono
CTAGATCTCTCTAT-1,CD4 T
CTAGATCTTCGACA-1,Platelet
CTAGGATGAGCCTA-1,B
CTAGGATGATCGTG-1,B
CTAGGCCTCTCAGA-1,CD4 T
CTAGGTGATGGTTG-1,Mono
CTAGTTACCAGAGG-1,CD4 T
CTAGTTACCGCATA-1,CD4 T
CTAGTTACGAAACA-1,NK
CTATAAGATCGTTT-1,B
CTATACTGAGGTTC-1,Mono
CTATACTGCCAGTA-1,Platelet
CTATACTGCGCTAA-1,Mono
CTATACTGCTACGA-1,NK
CTATACTGTCTCAT-1,NK
CTATACTGTTCGTT-1,Platelet
CTATAGCTGTCACA-1,CD4 T
CTATAGCTTCGCTC-1,Mono
CTATAGCTTGCCTC-1,Mono
CTATCAACGAACTC-1,CD4 T
CTATCAACGCAGAG-1,CD8 T
CTATCAACTTTGGG-1,CD8 T
CTATCCCTCCACCT-1,Mono
CTATGTACGAGAGC-1,CD4 T
CTATGTACGCTTAG-1,CD4 T
CTATGTACTGTTTC-1,B
CTATGTTGAAAGCA-1,CD4 T
CTATGTTGTCCTCG-1,Platelet
CTATGTTGTCTCGC-1,CD4 T
CTATTGACAAACGA-1,Mono
CTATTGACACTGGT-1,Mono
CTATTGACGGTGAG-1,Mono
CTATTGTGGCAAGG-1,CD4 T
CTCAATTGGTTCAG-1,CD4 T
CTCAATTGGTTGCA-1,Mono
CTCAGAGATAGAAG-1,Platelet
CTCAGCACTCTAGG-1,CD8 T
CTCAGCACTGAACC-1,Mono
CTCAGCACTTGCAG-1,Platelet
CTCAGCTGAACCTG-1,Mono
CTCAGCTGCAGTTG-1,CD8 T
CTCAGGCTCGTTGA-1,Mono
CTCAGGCTGCTAAC-1,CD4 T
CTCATTGACCTTAT-1,CD4 T
CTCATTGATGCTTT-1,Mono
CTCCACGAGAGATA-1,DC
CTCCATCTCTTAGG-1,CD4 T
CTCCATCTGACGAG-1,Platelet
CTCCGAACAAGTGA-1,Mono
CTCCTACTGCCTTC-1,Mono
CTCGAAGATGTGGT-1,CD8 T
CTCGAAGATTAGGC-1,Mono
CTCGACTGCTCTAT-1,CD8 T
CTCGACTGGGTGAG-1,Platelet
CTCGACTGGTTGAC-1,NK
CTCGAGCTCTGGAT-1,CD8 T
CTCGCATGACTTTC-1,CD8 T
CTCGCATGCTTAGG-1,Platelet
CTCTAAACCTCGAA-1,CD4 T
CTCTAAACGGCGAA-1,Platelet
CTCTAATGTCCAAG-1,Mono
CTGAACGACAGTCA-1,CD4 T
CTGAACGATGAGGG-1,Platelet
CTGAAGACCCAACA-1,Platelet
CTGAAGACGTGCAT-1,B
CTGAAGTGAAGCCT-1,Mono
CTGAAGTGCAGCTA-1,B
CTGAAGTGGCTATG-1,Platelet
CTGAAGTGTCCAGA-1,Platelet
CTGAATCTGAATAG-1,CD8 T
CTGACAGAATCGTG-1,CD8 T
CTGACCACAGCAAA-1,CD4 T
CTGAGAACCGGGAA-1,CD4 T
CTGAGAACGTAAAG-1,NK
CTGATACTAGTAGA-1,CD4 T
CTGATTTGGTGTTG-1,Mono
CTGCAGCTAACCGT-1,CD8 T
CTGCAGCTGACACT-1,CD4 T
CTGCAGCTGGATTC-1,Mono
CTGCAGCTTGGCAT-1,CD8 T
CTGCCAACAGGAGC-1,CD8 T
CTGCCAACCAGCTA-1,CD4 T
CTGCCAACTAACCG-1,Mono
CTGCCAACTGCTCC-1,CD8 T
CTGCCAACTTGCAG-1,Platelet
CTGCCAACTTGCTT-1,CD8 T
CTGCGACTCCACCT-1,CD8 T
CTGGAAACAAACGA-1,CD8 T
CTGGAAACATCGAC-1,Platelet
CTGGATGACTGGAT-1,CD8 T
CTGGATGACTTGTT-1,Platelet
CTGGATGATGTGAC-1,B
CTGGCACTCAAGCT-1,Mono
CTGTAACTAACCAC-1,CD4 T
CTGTAACTAGCGTT-1,CD4 T
CTGTATACGTAAAG-1,CD8 T
CTGTATACGTACGT-1,Mono
CTGTATACGTTGGT-1,CD4 T
CTGTGAGACAACCA-1,Mono
CTGTGAGACCTTGC-1,CD8 T
CTGTGAGACGAACT-1,Mono
CTGTGAGACTGTAG-1,Mono
CTTAAAGAACCTGA-1,Platelet
CTTAACACCTGTAG-1,Platelet
CTTAACACTATCGG-1,B
CTTAAGCTACCTAG-1,Platelet
CTTAAGCTAGTACC-1,CD8 T
CTTAAGCTCATCAG-1,CD4 T
CTTAAGCTCCGCTT-1,B
CTTACAACTAACGC-1,CD4 T
CTTACAACTCCCGT-1,Mono
CTTACTGACGTACA-1,Platelet
CTTAGACTAAACGA-1,CD4 T
CTTAGGGACTTGCC-1,Platelet
CTTAGGGAGAATCC-1,CD4 T
CTTATCGACTCATT-1,CD4 T
CTTCACCTACCTGA-1,Mono
CTTCATGAAGCATC-1,B
CTTCATGAAGTACC-1,CD4 T
CTTCATGACCGAAT-1,Platelet
CTTGAACTACGCAT-1,CD4 T
CTTGATTGAGGTTC-1,CD8 T
CTTGATTGATCTTC-1,Platelet
CTTGATTGCATTCT-1,CD4 T
CTTGATTGTTTCGT-1,CD4 T
CTTGTATGACACCA-1,B
CTTGTATGCGCAAT-1,B
CTTTACGAGCGAAG-1,CD4 T
CTTTAGACCGTGAT-1,CD4 T
CTTTAGACGAGACG-1,Platelet
CTTTAGACGATACC-1,CD4 T
CTTTAGACGTTGGT-1,CD8 T
CTTTAGACTCATTC-1,NK
CTTTAGTGACGGGA-1,NK
CTTTAGTGGGTGGA-1,Platelet
CTTTCAGAGAAACA-1,CD4 T
CTTTGATGAGCACT-1,CD4 T
CTTTGATGTCTAGG-1,CD8 T
CTTTGATGTGTCCC-1,CD4 T
CTTTGATGTGTGGT-1,CD4 T
GAAACAGAACTACG-1,CD4 T
GAAACAGAATCACG-1,CD4 T
GAAACAGACATTCT-1,CD4 T
GAAACCTGATCGTG-1,CD8 T
GAAACCTGATGCCA-1,CD4 T
GAAACCTGCTTATC-1,CD4 T
GAAACCTGGACTAC-1,Mono
GAAACCTGTGCTAG-1,CD4 T
GAAAGATGATTTCC-1,Platelet
GAAAGATGCTGATG-1,Mono
GAAAGATGCTTCGC-1,Mono
GAAAGATGTAAGGA-1,Platelet
GAAAGCCTACGTTG-1,B
GAAAGTGAAAGTGA-1,DC
GAAAGTGACCACAA-1,Mono
GAAAGTGACTCAAG-1,CD4 T
GAAATACTACCAAC-1,Platelet
GAAATACTCTTAGG-1,B
GAAATACTTCCTCG-1,Platelet
GAACACACGTGCAT-1,Mono
GAACACACTGCCTC-1,CD4 T
GAACAGCTAACTGC-1,Mono
GAACAGCTCTCAGA-1,Mono
GAACCAACCACAAC-1,CD8 T
GAACCAACTTCCGC-1,NK
GAACCTGAACGTGT-1,CD4 T
GAACCTGAGAGACG-1,CD4 T
GAACCTGATGAACC-1,CD4 T
GAACGGGATACTTC-1,Platelet
GAACTGTGACCTGA-1,Mono
GAACTGTGCCAGTA-1,Mono
GAAGAATGCAATCG-1,CD8 T
GAAGCGGACCTATT-1,Mono
GAAGCTACGAATGA-1,Mono
GAAGCTACGGTTTG-1,CD4 T
GAAGGGTGAAAGTG-1,CD4 T
GAAGGGTGCTTAGG-1,Mono
GAAGGTCTGAAAGT-1,CD4 T
GAAGGTCTGTTGCA-1,CD8 T
GAAGGTCTTAAAGG-1,DC
GAAGTAGACTCCCA-1,CD8 T
GAAGTAGATCCAAG-1,Mono
GAAGTCACCCTCGT-1,Mono
GAAGTCACCCTGTC-1,B
GAAGTCTGTCGCAA-1,B
GAAGTCTGTTCTGT-1,CD4 T
GAAGTGCTAAACGA-1,NK
GAAGTGCTCCGCTT-1,Mono
GAAGTGCTTAACCG-1,Platelet
GAATGCACCCTAAG-1,Platelet
GAATGCACCTTCGC-1,NK
GAATGCTGCGGTAT-1,CD8 T
GAATTAACGATAAG-1,Platelet
GAATTAACGGTCAT-1,CD8 T
GAATTAACGTCGTA-1,NK
GAATTAACTGAAGA-1,B
GACAACACAGGCGA-1,CD4 T
GACAACACATCGTG-1,NK
GACAACACTCGCCT-1,CD8 T
GACAACTGAGGTTC-1,CD4 T
GACAGGGAAGAGTA-1,B
GACAGGGAATGCCA-1,CD8 T
GACAGTACGAGCTT-1,Mono
GACAGTACTTCGGA-1,Mono
GACAGTTGAGTAGA-1,B
GACATTCTCCACCT-1,DC
GACCAAACGACTAC-1,Mono
GACCAAACGTATCG-1,Mono
GACCCTACTAAAGG-1,B
GACCTAGACCTCAC-1,CD8 T
GACCTAGACGAGAG-1,CD4 T
GACCTCACAAGGTA-1,CD8 T
GACCTCACGTACGT-1,Mono
GACCTCTGCATCAG-1,CD8 T
GACGAACTCCCACT-1,CD4 T
GACGATTGCCAATG-1,B
GACGCCGACCTTCG-1,CD4 T
GACGCTCTCTCTCG-1,Platelet
GACGGCACACGGGA-1,NK
GACGGCACGAGATA-1,Mono
GACGTAACCTATGG-1,CD4 T
GACGTAACCTGTGA-1,CD4 T
GACGTAACTATGGC-1,CD4 T
GACGTATGTTGACG-1,CD8 T
GACGTATGTTTGCT-1,CD8 T
GACGTCCTACGGAG-1,CD4 T
GACGTCCTCTCAAG-1,Mono
GACGTCCTGATAAG-1,B
GACTACGATGGTCA-1,B
GACTCCTGCTCGCT-1,Platelet
GACTCCTGGGTTAC-1,CD8 T
GACTCCTGTTATCC-1,CD4 T
GACTCCTGTTGGTG-1,Mono
GACTGAACCAATCG-1,Mono
GACTGATGTGATGC-1,CD8 T
GACTTTACATGCCA-1,Platelet
GACTTTACGACAGG-1,B
GAGAAATGTTCTCA-1,B
GAGATAGAAAAAGC-1,Mono
GAGATCACGACAAA-1,Mono
GAGATGCTCTGGAT-1,Platelet
GAGATGCTGAATGA-1,CD4 T
GAGCAGGATTCCCG-1,CD8 T
GAGCATACTTTGCT-1,Mono
GAGCGCACGCGTAT-1,Mono
GAGCGCACGGTGAG-1,CD8 T
GAGCGCTGAAGATG-1,NK
GAGCGCTGTCTTAC-1,Mono
GAGCGGCTGGGAGT-1,B
GAGGACGACTCAGA-1,CD8 T
GAGGATCTGAAAGT-1,B
GAGGCAGACTTGCC-1,CD8 T
GAGGGAACACCAGT-1,CD4 T
GAGGGAACGAGGGT-1,CD4 T
GAGGGATGGGAAAT-1,CD8 T
GAGGGCCTTCACCC-1,CD8 T
GAGGGTGAAGAGTA-1,Platelet
GAGGTACTACGGTT-1,CD8 T
GAGGTACTACTCAG-1,Mono
GAGGTACTGACACT-1,NK
GAGGTACTGGGAGT-1,Platelet
GAGGTACTTAGCGT-1,Mono
GAGGTGGAGTACGT-1,CD8 T
GAGGTGGATCCTCG-1,NK
GAGGTTACTCGTTT-1,Mono
GAGGTTTGTAAGCC-1,Mono
GAGTCAACCATTCT-1,Platelet
GAGTCAACGGGAGT-1,CD4 T
GAGTCTGATCGTGA-1,CD8 T
GAGTCTGATTTGGG-1,B
GAGTGACTCAGCTA-1,CD4 T
GAGTGACTCGGTAT-1,CD8 T
GAGTGACTCTTGCC-1,B
GAGTGACTGACTAC-1,B
GAGTGACTGTCTAG-1,CD8 T
GAGTGGGAGTCTTT-1,B
GAGTGGGATGCCCT-1,CD8 T
GAGTGGGATGCTGA-1,B
GAGTGTTGCTGTAG-1,CD4 T
GAGTGTTGTGGTCA-1,CD4 T
GAGTTGTGCATGGT-1,Mono
GAGTTGTGCTGAGT-1,CD8 T
GAGTTGTGGCGAGA-1,Mono
GAGTTGTGGTAGCT-1,Platelet
GAGTTGTGTATGCG-1,Mono
GATAAGGAGAAACA-1,Mono
GATAAGGATTCACT-1,Mono
GATACTCTATCGGT-1,CD8 T
GATACTCTTACTTC-1,CD8 T
GATACTCTTGACTG-1,Mono
GATAGAGAAGGGTG-1,CD8 T
GATAGAGACTGTGA-1,CD4 T
GATAGAGATCACGA-1,Mono
GATAGCACCCATAG-1,CD4 T
GATAGCACGAAGGC-1,Mono
GATAGCACTTGTCT-1,CD8 T
GATATAACAAGGTA-1,Platelet
GATATAACACGCAT-1,CD4 T
GATATATGCTGGAT-1,CD8 T
GATATATGTCCGTC-1,CD8 T
GATATATGTGGAGG-1,Mono
GATATCCTAGAAGT-1,CD4 T
GATATCCTCCCGTT-1,Mono
GATATTGACAGGAG-1,CD8 T
GATATTGACGAGTT-1,Mono
GATATTGAGCCAAT-1,CD4 T
GATCCCTGACCTTT-1,NK
GATCCCTGTGTAGC-1,CD8 T
GATCCGCTGGTCAT-1,Mono
GATCGAACCGAGAG-1,CD8 T
GATCGATGACTAGC-1,B
GATCGATGGTAAAG-1,B
GATCGATGTAAGGA-1,Mono
GATCGTGACACTAG-1,CD4 T
GATCGTGATTCACT-1,Platelet
GATCTACTGGTGAG-1,CD8 T
GATCTACTTTGCAG-1,B
GATCTTACACCCAA-1,Mono
GATCTTACCCTACC-1,Platelet
GATCTTACGAATAG-1,Mono
GATCTTACGAGATA-1,Mono
GATGCAACTCCAGA-1,CD4 T
GATGCCCTACGTAC-1,CD4 T
GATGCCCTCTCATT-1,CD4 T
GATGCCCTGGCAAG-1,Mono
GATGCCCTTTTGCT-1,Platelet
GATTACCTTGTTCT-1,CD8 T
GATTCGGAACGACT-1,CD8 T
GATTCGGACAGGAG-1,Mono
GATTCGGAGAAGGC-1,Mono
GATTCTTGATTCGG-1,Mono
GATTCTTGCCGATA-1,Platelet
GATTCTTGCGAGTT-1,B
GATTGGACCCGTTC-1,B
GATTGGACGGTGTT-1,B
GATTGGACTTTCGT-1,B
GATTGGTGTGTCAG-1,Platelet
GATTTAGACACTCC-1,Mono
GATTTAGACTAAGC-1,B
GATTTAGATTCGTT-1,Mono
GATTTGCTAACGAA-1,CD4 T
GATTTGCTAACGGG-1,Mono
GCAACCCTCCTCGT-1,Mono
GCAACTGATTGCGA-1,CD8 T
GCAAGACTACTGGT-1,CD4 T
GCAAGACTAGGTCT-1,CD4 T
GCAAGACTCCCTTG-1,CD4 T
GCAATCGACTGCAA-1,CD8 T
GCAATCGAGACGTT-1,Mono
GCAATCGATCCTTA-1,Mono
GCAATTCTCGTGTA-1,CD4 T
GCAATTCTTCTCCG-1,Platelet
GCACAAACAATGCC-1,CD8 T
GCACAAACGGTACT-1,CD4 T
GCACAATGGTGCAT-1,Platelet
GCACACCTGTGCTA-1,NK
GCACCACTCATGAC-1,Mono
GCACCACTGTTTGG-1,Mono
GCACCACTTCCTTA-1,NK
GCACCACTTTCGGA-1,Mono
GCACCTACGCGATT-1,CD4 T
GCACCTTGGCTGTA-1,CD4 T
GCACCTTGGGGAGT-1,Mono
GCACGGACCAGCTA-1,CD4 T
GCACGGTGACCTCC-1,CD4 T
GCACGGTGCTATGG-1,Mono
GCACTAGAACGGGA-1,CD4 T
GCACTAGAAGATGA-1,B
GCACTAGACCTTTA-1,Mono
GCACTAGACGTAAC-1,B
GCACTAGAGTCGTA-1,NK
GCACTAGATGCAAC-1,CD4 T
GCACTGCTGAGGCA-1,CD8 T
GCAGATACAGCGTT-1,CD8 T
GCAGATACGACGGA-1,CD4 T
GCAGATACGCAGAG-1,CD4 T
GCAGCCGACAGTCA-1,CD8 T
GCAGCGTGCACTCC-1,CD4 T
GCAGCTCTCAATCG-1,CD4 T
GCAGCTCTGTTTCT-1,CD4 T
GCAGGGCTAAGAAC-1,CD4 T
GCAGGGCTAAGGGC-1,CD4 T
GCAGGGCTATCGAC-1,NK
GCAGGGCTTGGGAG-1,CD8 T
GCAGTCCTAACTGC-1,CD4 T
GCAGTCCTCTCTTA-1,CD4 T
GCATCAGATGCGTA-1,CD8 T
GCATGTGACAAGCT-1,Platelet
GCATTGGAGAAGGC-1,CD4 T
GCCAAAACGAGGCA-1,CD8 T
GCCAAATGATCGAC-1,CD8 T
GCCAACCTACGGTT-1,Platelet
GCCAACCTCGCCTT-1,Platelet
GCCACGGAGGCGAA-1,Mono
GCCACGGATACTGG-1,CD8 T
GCCACTACGTCTTT-1,Platelet
GCCCAACTACCGAT-1,CD8 T
GCCCAACTATGGTC-1,CD8 T
GCCCATACAGCGTT-1,CD8 T
GCCGACGAACTCTT-1,Mono
GCCGAGTGCGTTGA-1,CD4 T
GCCGGAACGAACTC-1,CD8 T
GCCGGAACGTTCTT-1,NK
GCCGGAACTGCACA-1,NK
GCCGGAACTTACTC-1,CD4 T
GCCGTACTACCTGA-1,CD8 T
GCCGTACTGGCAAG-1,Mono
GCCTACACAGTTCG-1,NK
GCCTACACCACTGA-1,Mono
GCCTACACCTTGAG-1,CD4 T
GCCTAGCTACGGAG-1,B
GCCTAGCTCTATTC-1,CD4 T
GCCTAGCTTCTCAT-1,CD8 T
GCCTAGCTTCTCTA-1,Mono
GCCTCAACCATGGT-1,CD8 T
GCCTCAACTCTTTG-1,CD8 T
GCCTCATGTCTTAC-1,CD8 T
GCCTGACTCTCAAG-1,Mono
GCGAAGGAACTCTT-1,CD8 T
GCGAAGGATGCCAA-1,CD8 T
GCGAGAGAGGGACA-1,CD4 T
GCGAGCACTGTCGA-1,B
GCGAGCACTTGACG-1,CD8 T
GCGAGCACTTGCTT-1,Mono
GCGATATGGTACGT-1,CD4 T
GCGATATGGTGTTG-1,CD4 T
GCGCACGAAGTCGT-1,CD8 T
GCGCACGACTTTAC-1,Mono
GCGCATCTAGGTCT-1,CD4 T
GCGCATCTGGTTAC-1,Platelet
GCGCATCTTCGATG-1,CD8 T
GCGCATCTTGCTCC-1,NK
GCGCATCTTTCTAC-1,CD4 T
GCGCGAACGTTCTT-1,B
GCGCGATGAACGGG-1,CD4 T
GCGCGATGGTGCAT-1,NK
GCGGAGCTCCTGAA-1,CD4 T
GCGGCAACCCGATA-1,Platelet
GCGGCAACGGAGGT-1,B
GCGGCAACTGTCGA-1,Mono
GCGTAAACACGGTT-1,DC
GCGTAATGCACCAA-1,Mono
GCGTATGAACACCA-1,CD4 T
GCGTATGATGAGAA-1,Platelet
GCTACAGAAAGGTA-1,CD4 T
GCTACAGAATCTTC-1,B
GCTACCTGAGAAGT-1,Mono
GCTACCTGATCACG-1,CD4 T
GCTACGCTAGAATG-1,CD8 T
GCTACGCTAGCTAC-1,CD8 T
GCTACGCTCCCTAC-1,CD4 T
GCTAGAACAGAGGC-1,B
GCTAGAACGGATCT-1,CD4 T
GCTAGAACTCCCGT-1,CD4 T
GCTAGATGAGCTCA-1,Mono
GCTAGATGGCGATT-1,CD8 T
GCTATACTAAGGCG-1,CD4 T
GCTATACTAGCGTT-1,CD8 T
GCTATACTCTCTTA-1,CD8 T
GCTATACTGGACGA-1,CD4 T
GCTCAAGAACCATG-1,B
GCTCAAGAAGTCAC-1,Mono
GCTCAGCTGTCTAG-1,CD4 T
GCTCCATGAGAAGT-1,CD8 T
GCTCCATGCCGAAT-1,CD4 T
GCTCGACTCTAGTG-1,Mono
GCTGATGAGGTATC-1,Mono
GCTTAACTACAGTC-1,Mono
GCTTAACTACTGGT-1,CD8 T
GCTTAACTGCTGAT-1,CD4 T
GCTTAACTTAGACC-1,Mono
GCTTAACTTCAGTG-1,CD8 T
GGAACACTCACTTT-1,Platelet
GGAACACTTCAGAC-1,Platelet
GGAACTACTACTTC-1,CD4 T
GGAACTTGAAGGTA-1,Mono
GGAACTTGAGAATG-1,CD8 T
GGAACTTGCTCCAC-1,Mono
GGAACTTGGGTAGG-1,B
GGAAGGACATCGGT-1,Mono
GGAAGGACCACTAG-1,CD4 T
GGAAGGACGAGGGT-1,CD4 T
GGAAGGACGCGAAG-1,CD8 T
GGAAGGTGGCGAGA-1,NK
GGAATCTGAAGGGC-1,CD4 T
GGAATCTGAGGAGC-1,CD4 T
GGAATCTGCTTAGG-1,B
GGAATCTGCTTGTT-1,Mono
GGAATCTGGGAGGT-1,Platelet
GGAATGCTTTCTAC-1,CD8 T
GGACAGGAAAGGGC-1,CD8 T
GGACAGGAGTGCTA-1,B
GGACAGGATCTCGC-1,CD4 T
GGACCCGAAGCTAC-1,Platelet
GGACCGTGCTTACT-1,Mono
GGACCGTGGGAACG-1,DC
GGACCGTGTAACGC-1,CD4 T
GGACCTCTGTAAGA-1,Mono
GGACCTCTTTTCTG-1,CD8 T
GGACGAGAGTGTCA-1,Mono
GGACGCTGACGCAT-1,Platelet
GGACGCTGCTAGCA-1,CD4 T
GGACGCTGTCCTCG-1,NK
GGAGAGACGTGAGG-1,B
GGAGCAGATTCAGG-1,B
GGAGCCACCTTCTA-1,B
GGAGCGCTACGCAT-1,Mono
GGAGCGCTCCGAAT-1,CD4 T
GGAGGATGCCACCT-1,CD8 T
GGAGGATGGTTGAC-1,Mono
GGAGGATGTCAGTG-1,Mono
GGAGGCCTCGTTGA-1,NK
GGAGGCCTTTCTTG-1,CD4 T
GGAGGTGATACGCA-1,CD4 T
GGAGGTGATCGCTC-1,CD8 T
GGATACTGCAGCTA-1,Platelet
GGATACTGTCTAGG-1,CD4 T
GGATAGCTCGTCTC-1,CD4 T
GGATAGCTCTGAAC-1,CD8 T
GGATGTACCAAAGA-1,B
GGATGTACGCGAAG-1,CD4 T
GGATGTACGTCTTT-1,Mono
GGATGTACGTGTCA-1,CD8 T
GGATTTCTAGGTTC-1,CD4 T
GGATTTCTTTGTCT-1,Mono
GGCAAGGAAAAAGC-1,NK
GGCAAGGAAGAAGT-1,CD4 T
GGCAAGGACTTGGA-1,Mono
GGCAAGGAGGACTT-1,CD4 T
GGCAATACGCTAAC-1,B
GGCAATACGGCATT-1,CD8 T
GGCAATACGTTTCT-1,B
GGCACGTGGCTTAG-1,Mono
GGCACTCTTTTGTC-1,CD4 T
GGCATATGCTTATC-1,NK
GGCATATGGGGAGT-1,Platelet
GGCATATGTGTGAC-1,CD4 T
GGCCACGACAGAGG-1,CD4 T
GGCCAGACTGGTTG-1,NK
GGCCCAGAAAGTAG-1,Mono
GGCCGAACAACGAA-1,CD4 T
GGCCGAACGCAGAG-1,Platelet
GGCCGAACGTAGGG-1,CD4 T
GGCCGAACTCTAGG-1,NK
GGCCGATGCAGGAG-1,Platelet
GGCCGATGCCGAAT-1,Platelet
GGCCGATGTACTCT-1,CD8 T
GGCGACACTGCCCT-1,NK
GGCGACTGCGTAAC-1,CD4 T
GGCGCATGCCTAAG-1,Mono
GGCGCATGCTCCAC-1,CD4 T
GGCGCATGTGGAAA-1,Platelet
GGCGGACTAGAGGC-1,Platelet
GGCGGACTAGGAGC-1,CD8 T
GGCGGACTCTGACA-1,CD4 T
GGCGGACTCTTGGA-1,CD8 T
GGCGGACTTACTGG-1,CD8 T
GGCGGACTTGAACC-1,CD4 T
GGCTAAACACCTGA-1,NK
GGCTAAACTCTTAC-1,CD4 T
GGCTAATGAGCACT-1,CD8 T
GGCTAATGGTCTAG-1,Platelet
GGCTCACTACTCAG-1,Mono
GGGAACGAAGCTCA-1,Mono
GGGAACGACACAAC-1,B
GGGAACGAGTGTCA-1,Mono
GGGAAGTGTTGAGC-1,Mono
GGGACCACACGTTG-1,CD8 T
GGGACCACAGAACA-1,Platelet
GGGACCACGAATAG-1,CD4 T
GGGACCACGTCATG-1,CD8 T
GGGACCACTCAAGC-1,CD8 T
GGGACCACTCGTGA-1,CD4 T
GGGACCACTGCATG-1,CD4 T
GGGACCTGACCCTC-1,Mono
GGGACCTGCTTGCC-1,CD4 T
GGGACCTGTGGAGG-1,B
GGGATGGACGACAT-1,B
GGGATGGATACTTC-1,CD4 T
GGGATGGATGGTTG-1,Mono
GGGATTACGTCTAG-1,CD8 T
GGGCAAGATGCATG-1,Mono
GGGCACACGGTGAG-1,Mono
GGGCACACGTTGCA-1,CD8 T
GGGCAGCTTGGGAG-1,CD8 T
GGGCAGCTTTTCTG-1,CD4 T
GGGCCAACCTTGGA-1,DC
GGGCCAACGCGTTA-1,B
GGGCCAACTACGCA-1,Mono
GGGCCAACTCCAAG-1,B
GGGCCATGATGGTC-1,Platelet
GGGCCATGTTGACG-1,CD4 T
GGGTAACTCAGCTA-1,CD8 T
GGGTAACTCTAGTG-1,B
GGGTAACTCTGGAT-1,Platelet
GGGTTAACGTGCAT-1,NK
GGTAAAGAGCTAAC-1,CD8 T
GGTACAACTGCAAC-1,Platelet
GGTACATGAAAGCA-1,B
GGTACATGAGCTCA-1,CD4 T
GGTACATGCGGTAT-1,CD4 T
GGTACATGGTTACG-1,CD8 T
GGTACATGTGGGAG-1,CD4 T
GGTACTGAACTCTT-1,Mono
GGTAGTACACCACA-1,CD8 T
GGTAGTACACTAGC-1,Mono
GGTAGTACCCTGTC-1,CD8 T
GGTAGTACGCCATA-1,Mono
GGTAGTACTGTCTT-1,CD8 T
GGTATCGAGACAAA-1,Mono
GGTATCGATGAACC-1,B
GGTCAAACCAAAGA-1,Platelet
GGTCTAGAGAAACA-1,Mono
GGTCTAGATAGCGT-1,Mono
GGTGATACCGACTA-1,B
GGTGATACGACTAC-1,Mono
GGTGATACTGTTTC-1,Platelet
GGTGGAGAAACGGG-1,NK
GGTGGAGAAGTAGA-1,CD8 T
GGTGGAGACAGATC-1,NK
GGTGGAGATCGATG-1,CD4 T
GGTGGAGATCTCTA-1,Mono
GGTGGAGATTACTC-1,CD8 T
GGTTTACTACGCAT-1,CD8 T
GTAACGTGACCTCC-1,Mono
GTAACGTGATCGGT-1,B
GTAACGTGCAGCTA-1,B
GTAACGTGGTTGAC-1,B
GTAAGCACAACGGG-1,CD4 T
GTAAGCACTCATTC-1,B
GTAAGCTGGTACCA-1,Mono
GTAATAACCTTCTA-1,Mono
GTAATAACGTTGTG-1,CD8 T
GTACCCTGACAGTC-1,Mono
GTACCCTGGAGCTT-1,CD4 T
GTACCCTGTCCTTA-1,CD8 T
GTACCCTGTGAACC-1,CD4 T
GTACGTGAACGTTG-1,CD8 T
GTACTTTGTCGACA-1,CD8 T
GTAGACTGAGATGA-1,Mono
GTAGACTGTATTCC-1,CD4 T
GTAGCAACAGTCGT-1,Mono
GTAGCAACCATTTC-1,B
GTAGCAACGGTAGG-1,Mono
GTAGCATGCACTCC-1,B
GTAGCATGTAAGCC-1,Platelet
GTAGCCCTGACGTT-1,CD8 T
GTAGCTGAAGCTAC-1,Mono
GTAGCTGAATTCGG-1,CD4 T
GTAGGTACACGGGA-1,Mono
GTAGTGACCTCATT-1,CD8 T
GTAGTGTGAGCGGA-1,NK
GTAGTGTGAGGCGA-1,Mono
GTAGTGTGTGGTTG-1,CD8 T
GTATCACTGGTAGG-1,Mono
GTATCTACAGAAGT-1,CD8 T
GTATCTACGACGAG-1,CD8 T
GTATCTACGTTACG-1,Platelet
GTATTAGAAACAGA-1,CD4 T
GTATTAGAGGTCTA-1,Platelet
GTATTCACACAGCT-1,CD8 T
GTATTCACGGGTGA-1,CD8 T
GTCAACGACACTGA-1,CD4 T
GTCAACGAGTGTAC-1,Mono
GTCAATCTACACCA-1,CD8 T
GTCAATCTGTAGCT-1,CD8 T
GTCAATCTTGTGGT-1,CD4 T
GTCACCTGCCTCCA-1,CD4 T
GTCACCTGTCCCGT-1,CD8 T
GTCATACTAATCGC-1,B
GTCATACTGCGATT-1,CD8 T
GTCATACTTCGCCT-1,Platelet
GTCATACTTTACCT-1,CD8 T
GTCATACTTTGACG-1,CD4 T
GTCCAAGAAAAACG-1,CD4 T
GTCCACTGACCTCC-1,CD8 T
GTCCACTGGGTACT-1,Mono
GTCCAGCTACGGGA-1,CD4 T
GTCCCATGTGGTGT-1,Mono
GTCGAATGAAGGCG-1,Mono
GTCGACCTGAATGA-1,NK
GTCGACCTGTTCAG-1,CD4 T
GTCGCACTTGAGAA-1,B
GTCTAACTGGTCTA-1,Mono
GTCTAGGAGCTTCC-1,Mono
GTGAACACACTCTT-1,Platelet
GTGAACACTCAGGT-1,CD4 T
GTGACCCTTAAGCC-1,CD8 T
GTGATGACAAGTGA-1,CD8 T
GTGATGACCTGAGT-1,B
GTGATGACGGTTTG-1,CD8 T
GTGATTCTCATTTC-1,CD4 T
GTGATTCTCTCTCG-1,Mono
GTGATTCTGGTTCA-1,NK
GTGATTCTGTCGAT-1,CD4 T
GTGATTCTTAGCGT-1,B
GTGCCACTCAGGAG-1,Platelet
GTGGATTGCACTAG-1,Mono
GTGGATTGCGGAGA-1,CD4 T
GTGGATTGTAACGC-1,CD4 T
GTGTACGATCAGTG-1,Platelet
GTGTAGTGGGTACT-1,CD4 T
GTGTATCTAGCCTA-1,B
GTGTATCTAGTAGA-1,NK
GTGTATCTGTTACG-1,B
GTGTCAGAAGCGTT-1,CD8 T
GTTAAAACCGAGAG-1,NK
GTTAAATGCTCGAA-1,CD8 T
GTTAAATGTCGACA-1,B
GTTAACCTAGCTAC-1,Platelet
GTTAACCTTGCTTT-1,DC
GTTAGGTGCACTCC-1,CD8 T
GTTAGGTGCCAGTA-1,Mono
GTTAGGTGCCCAAA-1,Platelet
GTTAGGTGGAACTC-1,B
GTTAGTCTAAGAAC-1,CD8 T
GTTATAGAGGACAG-1,CD8 T
GTTATGCTTTCATC-1,CD4 T
GTTCAACTGGGACA-1,NK
GTTCAACTTATGCG-1,CD8 T
GTTGACGAGCCCTT-1,CD8 T
GTTGACGATATCGG-1,NK
GTTGAGTGGTCTTT-1,Mono
GTTGAGTGTGCTTT-1,CD4 T
GTTGATCTGGGACA-1,Platelet
GTTGATCTTTTCAC-1,CD8 T
GTTGGATGTTTACC-1,Mono
GTTGTACTATTCCT-1,Mono
GTTGTACTTTTGGG-1,CD8 T
GTTTAAGACCATGA-1,Platelet
GTTTAAGACTGTCC-1,CD8 T
TAAACAACCAACCA-1,CD4 T
TAAACAACGAATCC-1,B
TAAAGACTCAGGAG-1,CD8 T
TAAATCGATGAGGG-1,CD4 T
TAACAATGTGCCCT-1,B
TAACACCTTCGCTC-1,Mono
TAACACCTTCGTAG-1,Mono
TAACACCTTGTTTC-1,Platelet
TAACATGACACTAG-1,B
TAACCGGACTTACT-1,CD4 T
TAACGTCTCAACCA-1,Mono
TAACGTCTCATTGG-1,Platelet
TAACTAGAATTTCC-1,CD4 T
TAACTAGACTTAGG-1,CD4 T
TAACTAGATCTGGA-1,CD4 T
TAACTCACGAGGAC-1,Mono
TAACTCACGTACAC-1,B
TAACTCACGTATCG-1,Mono
TAACTCACTCTACT-1,NK
TAAGAACTGTGTCA-1,Mono
TAAGAGGACTAAGC-1,B
TAAGAGGACTTGTT-1,NK
TAAGATACGGTTCA-1,Mono
TAAGATTGCGTAGT-1,CD8 T
TAAGATTGTTGCTT-1,CD4 T
TAAGCGTGAGGTTC-1,Mono
TAAGCGTGGACAAA-1,Mono
TAAGCGTGGGAAAT-1,CD4 T
TAAGCGTGTGCTCC-1,Mono
TAAGGCTGCCATGA-1,CD8 T
TAAGGCTGCTGCTC-1,Platelet
TAAGGCTGTCTCGC-1,Mono
TAAGGGCTGCTGTA-1,Platelet
TAAGGGCTTTACTC-1,CD4 T
TAAGTAACCGAGAG-1,B
TAAGTAACCTCCAC-1,B
TAAGTAACCTGTAG-1,CD4 T
TAAGTAACTTGTCT-1,CD8 T
TAATGATGAGCGGA-1,CD4 T
TAATGCCTCATGAC-1,CD4 T
TAATGCCTCGTCTC-1,NK
TAATGTGAAGATGA-1,CD4 T
TAATGTGACTGCAA-1,Mono
TAATGTGATTACTC-1,CD8 T
TACAAATGGGTACT-1,Platelet
TACAATGAAAACAG-1,Mono
TACAATGACTTAGG-1,CD4 T
TACAATGATGCTAG-1,CD8 T
TACACACTCACACA-1,CD4 T
TACACACTCTTACT-1,Platelet
TACATAGAACGCAT-1,CD8 T
TACATCACACGGGA-1,CD4 T
TACATCACCTGTTT-1,Mono
TACATCACGCTAAC-1,B
TACATCACTGAACC-1,Mono
TACCATTGAGGTTC-1,CD4 T
TACCATTGCGGGAA-1,Mono
TACCATTGGGGATG-1,Mono
TACCATTGTGAGGG-1,Mono
TACCGGCTGTTGGT-1,CD8 T
TACGAGTGATCTCT-1,CD8 T
TACGAGTGATGCTG-1,Mono
TACGAGTGCGGAGA-1,CD4 T
TACGAGTGGTTGGT-1,CD4 T
TACGATCTAGTGTC-1,CD8 T
TACGATCTCACTGA-1,Mono
TACGATCTTACGAC-1,Platelet
TACGCAGAGAATCC-1,NK
TACGCCACATTCCT-1,CD4 T
TACGCCACTCCCAC-1,Mono
TACGCCACTCCGAA-1,B
TACGGAACGCGTTA-1,B
TACGGCCTGGGACA-1,NK
TACGTACTACGGAG-1,CD4 T
TACGTACTCAGTTG-1,CD4 T
TACGTACTCCCGTT-1,B
TACGTTACAGAAGT-1,CD4 T
TACGTTACCAAGCT-1,Mono
TACTAAGAAAGGTA-1,B
TACTAAGAATCACG-1,CD8 T
TACTAAGATGATGC-1,Mono
TACTAAGATTGCGA-1,CD4 T
TACTACACGAGAGC-1,CD4 T
TACTACACTTACCT-1,B
TACTACTGAACCTG-1,Mono
TACTACTGATGTCG-1,CD8 T
TACTACTGATTCTC-1,CD4 T
TACTACTGTATGGC-1,CD4 T
TACTCAACGGTCTA-1,Mono
TACTCAACTGCTAG-1,B
TACTCCCTCAGTTG-1,CD4 T
TACTCTGAATCGAC-1,NK
TACTCTGACGAGTT-1,Platelet
TACTCTGATTGACG-1,B
TACTGGGATCGATG-1,CD4 T
TACTGTTGAAAGCA-1,CD4 T
TACTGTTGAGGCGA-1,NK
TACTGTTGCTGAAC-1,B
TACTTGACTCCTCG-1,CD8 T
TACTTGACTGGTGT-1,B
TACTTTCTTTTGGG-1,CD8 T
TAGAAACTAATCGC-1,CD4 T
TAGAAACTGCTTCC-1,Mono
TAGAAACTGGGATG-1,CD8 T
TAGAATTGCGACAT-1,CD8 T
TAGAATTGTATCGG-1,Platelet
TAGACGTGCTTGAG-1,Platelet
TAGACGTGTCGCTC-1,CD4 T
TAGAGCACCTTACT-1,B
TAGATTGACTTGTT-1,B
TAGATTGAGGCATT-1,CD8 T
TAGCATCTCAGCTA-1,NK
TAGCATCTCCCTCA-1,CD8 T
TAGCATCTGCTGTA-1,Mono
TAGCATCTGGGACA-1,CD8 T
TAGCATCTTGTCGA-1,CD4 T
TAGCCCACAAAAGC-1,Platelet
TAGCCCACAGCCAT-1,CD8 T
TAGCCCACAGCTAC-1,NK
TAGCCCACCCACAA-1,Platelet
TAGCCCTGCGGAGA-1,CD8 T
TAGCCGCTTACGAC-1,CD4 T
TAGCCGCTTACTTC-1,CD8 T
TAGCCGCTTTCCAT-1,Mono
TAGCTACTGAATAG-1,B
TAGCTACTGTAGCT-1,CD4 T
TAGCTACTTTTGCT-1,CD8 T
TAGGACTGTGCTGA-1,CD8 T
TAGGAGCTAAGGCG-1,B
TAGGAGCTGAGGGT-1,CD4 T
TAGGAGCTTGCATG-1,B
TAGGCAACCGTCTC-1,B
TAGGCATGCTCTCG-1,DC
TAGGCATGGCGAGA-1,CD8 T
TAGGCTGATGCCTC-1,Mono
TAGGGACTGAACTC-1,NK
TAGGTCGACACTGA-1,Platelet
TAGGTCGAGGATCT-1,B
TAGGTGACACACTG-1,Platelet
TAGGTGACACGTTG-1,B
TAGGTGTGTTCTGT-1,CD8 T
TAGGTTCTGAAGGC-1,CD4 T
TAGGTTCTTCTTAC-1,Mono
TAGGTTCTTGCTGA-1,Mono
TAGTAAACCTCGCT-1,CD4 T
TAGTAAACGTCACA-1,CD8 T
TAGTAATGAGATCC-1,CD4 T
TAGTACCTAAGAAC-1,Mono
TAGTATGATCTTAC-1,B
TAGTATGATTCTCA-1,CD4 T
TAGTCTTGGCTGTA-1,Platelet
TAGTCTTGGGACTT-1,CD8 T
TAGTCTTGTGGAAA-1,CD8 T
TAGTGGTGAAGTGA-1,NK
TAGTTAGAACCACA-1,NK
TAGTTAGATGAACC-1,CD4 T
TATAAGACAACAGA-1,CD8 T
TATAAGACAGCTCA-1,Mono
TATAAGTGACACCA-1,Mono
TATAAGTGTATCGG-1,Mono
TATAAGTGTGGTGT-1,Mono
TATACAGAACCCTC-1,CD8 T
TATACAGAAGAACA-1,CD4 T
TATACAGATCCAGA-1,CD4 T
TATACCACCTGATG-1,B
TATACGCTACCAAC-1,CD8 T
TATAGATGGACGGA-1,CD4 T
TATAGATGTTCCGC-1,Mono
TATCCAACCAGCTA-1,Platelet
TATCCAACTCTCTA-1,CD4 T
TATCGACTACTAGC-1,NK
TATCGACTCGATAC-1,Mono
TATCGTACAGATGA-1,CD8 T
TATCGTACATTCCT-1,Mono
TATCTCGAGAGATA-1,Platelet
TATCTGACAGGTTC-1,CD8 T
TATCTGACTGTTTC-1,CD8 T
TATCTTCTAAACAG-1,CD8 T
TATGAATGGAGGAC-1,CD8 T
TATGAATGTTTGCT-1,Mono
TATGCGGATAACCG-1,CD4 T
TATGGGTGCATCAG-1,NK
TATGGGTGCTAGCA-1,B
TATGGTCTCTACCC-1,CD4 T
TATGTCACGGAACG-1,B
TATGTCACTAACCG-1,Mono
TATGTCACTTCTCA-1,B
TATGTGCTCCGATA-1,Mono
TATGTGCTGGATTC-1,CD4 T
TATTGCTGAAGAAC-1,Mono
TATTGCTGCCGTTC-1,B
TATTGCTGTCTGGA-1,CD4 T
TATTGCTGTGCACA-1,CD8 T
TATTTCCTATTGGC-1,Mono
TATTTCCTGGAGGT-1,NK
TATTTCCTGGTGTT-1,CD4 T
TCAACACTGTTTGG-1,NK
TCAAGGACAGCGTT-1,Platelet
TCAAGGACATTCTC-1,CD8 T
TCAAGGACGGTGTT-1,Mono
TCAATCACACTCTT-1,CD8 T
TCAATCACAGTCGT-1,Mono
TCACAACTATGTGC-1,CD8 T
TCACAACTTTGCTT-1,Platelet
TCACATACACTTTC-1,CD8 T
TCACATACAGGGTG-1,CD4 T
TCACCCGAGACGGA-1,Mono
TCACCGTGCTCGCT-1,Platelet
TCACCTCTACGACT-1,NK
TCACCTCTTCCAAG-1,Mono
TCACGAGAGGAGGT-1,B
TCACTATGGGGCAA-1,CD8 T
TCACTATGGTTGTG-1,B
TCAGACGACGCTAA-1,Platelet
TCAGACGACGTTAG-1,NK
TCAGAGACTCCAGA-1,CD4 T
TCAGCAGACTCCAC-1,CD4 T
TCAGCGCTCTAGTG-1,CD8 T
TCAGCGCTGGATCT-1,B
TCAGCGCTGGTATC-1,CD8 T
TCAGGATGAAGTAG-1,CD4 T
TCAGGATGCCTTTA-1,Mono
TCAGTGGAAGATCC-1,CD4 T
TCAGTTACCTACGA-1,Mono
TCAGTTACTAGAAG-1,CD4 T
TCATCAACCCGATA-1,CD4 T
TCATCAACTGTTCT-1,Mono
TCATCATGCAGTTG-1,CD4 T
TCATCCCTTACTGG-1,Platelet
TCATTCGATACAGC-1,Mono
TCCACGTGGAAACA-1,CD8 T
TCCACTCTACACTG-1,Platelet
TCCACTCTGAGCTT-1,Mono
TCCACTCTTACTTC-1,B
TCCATAACAAAGTG-1,Platelet
TCCATAACCGTAGT-1,B
TCCATAACGATGAA-1,CD4 T
TCCATAACTACGCA-1,CD4 T
TCCATCCTCCCTAC-1,CD8 T
TCCCACGATCATTC-1,Platelet
TCCCATCTCAAAGA-1,Mono
TCCCGAACACAGTC-1,NK
TCCCGAACTTCGCC-1,Mono
TCCCGATGAGATCC-1,Platelet
TCCCGATGCCTGAA-1,Mono
TCCCTACTCAACTG-1,B
TCCGAAGACAATCG-1,Mono
TCCGAAGACGTTAG-1,CD4 T
TCCGGACTGAGGTG-1,Platelet
TCCGGACTGTACGT-1,CD8 T
TCCTAAACATCGAC-1,CD8 T
TCCTAAACCGAGAG-1,CD4 T
TCCTAAACCGCATA-1,NK
TCCTAATGGTTTGG-1,CD8 T
TCCTACCTGTCGTA-1,Platelet
TCCTATGAAAAGCA-1,CD4 T
TCGAATCTCTGGTA-1,CD8 T
TCGACCTGCCGATA-1,Mono
TCGACGCTTCTATC-1,Mono
TCGACGCTTTGACG-1,Platelet
TCGAGAACGACAGG-1,Platelet
TCGAGAACGTTAGC-1,CD4 T
TCGAGCCTATCAGC-1,B
TCGAGCCTGCGAGA-1,CD8 T
TCGAGCCTTGTGAC-1,CD8 T
TCGATACTATTCCT-1,CD8 T
TCGATACTTGCACA-1,B
TCGATTTGATGCCA-1,Mono
TCGATTTGCACTCC-1,Platelet
TCGATTTGCAGCTA-1,NK
TCGATTTGCCTACC-1,Mono
TCGATTTGTCGTGA-1,B
TCGCAGCTAGATCC-1,CD8 T
TCGCCATGAGACTC-1,CD4 T
TCGCCATGTGGTCA-1,B
TCGGACCTAACAGA-1,CD4 T
TCGGACCTATAAGG-1,B
TCGGACCTGTACAC-1,CD4 T
TCGGTAGAGTAGGG-1,CD4 T
TCGGTAGATCCCAC-1,B
TCGTAGGATCGACA-1,CD4 T
TCGTTATGGACAAA-1,CD8 T
TCTAACACCAGTTG-1,NK
TCTAACACGAGCAG-1,DC
TCTAACTGAACCAC-1,Platelet
TCTAAGCTAATGCC-1,Platelet
TCTAAGCTTAGTCG-1,CD8 T
TCTAAGCTTCTAGG-1,Mono
TCTAAGCTTGTTCT-1,Mono
TCTAAGCTTTCGCC-1,B
TCTACAACGACTAC-1,Mono
TCTAGACTTAGAAG-1,Mono
TCTAGTTGCACCAA-1,Mono
TCTATGTGAAGAGT-1,Mono
TCTATGTGAGTCTG-1,CD8 T
TCTCAAACCTAAGC-1,B
TCTCTAGAATTTCC-1,CD8 T
TCTGATACACGTGT-1,CD4 T
TCTGATACTCGCCT-1,CD4 T
TCTTACGAACCTGA-1,Mono
TCTTCAGAGCTACA-1,Mono
TCTTGATGCGGAGA-1,CD8 T
TGAAATTGGTGAGG-1,Mono
TGAACCGAAAACGA-1,Platelet
TGAACCGACTACTT-1,Mono
TGAACCGATTCGGA-1,Mono
TGAAGCACTCACGA-1,Platelet
TGAAGCTGAACGAA-1,CD8 T
TGAAGCTGCATGGT-1,B
TGAAGCTGCGTAAC-1,Platelet
TGAATAACCACTTT-1,CD8 T
TGAATAACTCCCAC-1,CD8 T
TGACACGACCTTAT-1,B
TGACCAGACAACCA-1,CD4 T
TGACCAGAGGATTC-1,CD8 T
TGACCGCTAAAAGC-1,Mono
TGACCGCTCTGCAA-1,CD8 T
TGACGATGCAAAGA-1,Mono
TGACGCCTGTACCA-1,CD4 T
TGACGCCTTTACTC-1,CD4 T
TGACTGGAAGAGAT-1,Mono
TGACTGGACCGTAA-1,CD4 T
TGACTGGACGCAAT-1,CD4 T
TGACTGGAGGACAG-1,B
TGACTGGATTCTCA-1,Platelet
TGACTTACACACCA-1,CD4 T
TGACTTACAGTCTG-1,Mono
TGACTTTGCGCATA-1,CD8 T
TGACTTTGTTTGTC-1,CD4 T
TGAGACACAAGGTA-1,CD4 T
TGAGACACTCAAGC-1,CD4 T
TGAGCTGAATGCTG-1,Mono
TGAGCTGACTGGAT-1,Mono
TGAGCTGATGCTAG-1,Mono
TGAGGACTCTCATT-1,Mono
TGAGGACTTCATTC-1,CD4 T
TGAGGTACGAACCT-1,Mono
TGAGTCGAGTTACG-1,B
TGAGTGACTGAGCT-1,CD4 T
TGATAAACGAATCC-1,CD4 T
TGATAAACTCCGTC-1,NK
TGATAAACTTTCAC-1,CD4 T
TGATACCTCACTAG-1,Mono
TGATACCTGTTGGT-1,CD4 T
TGATACCTTATGCG-1,CD8 T
TGATACCTTGAAGA-1,CD4 T
TGATATGAACCTTT-1,CD8 T
TGATCACTAGCATC-1,Platelet
TGATCACTCTCGCT-1,CD4 T
TGATCACTTCTACT-1,B
TGATCGGACTGACA-1,Mono
TGATCGGAGGAGCA-1,B
TGATCGGATATGCG-1,Mono
TGATTAGACATTGG-1,CD8 T
TGATTAGATGACTG-1,B
TGATTAGATGCTAG-1,CD8 T
TGATTCACTATGCG-1,CD8 T
TGATTCACTGTCAG-1,B
TGATTCTGCCGAAT-1,CD4 T
TGATTCTGCTCTTA-1,CD4 T
TGCAAGTGAGAACA-1,CD4 T
TGCAAGTGGGTAGG-1,Mono
TGCAATCTTCAGGT-1,DC
TGCACAGACGACAT-1,NK
TGCCAAGAGCAGTT-1,Mono
TGCCAAGATCTCTA-1,Platelet
TGCCACTGAACGTC-1,Platelet
TGCCACTGCGATAC-1,NK
TGCCAGCTTGGCAT-1,CD4 T
TGCCCAACAGCAAA-1,CD4 T
TGCCCAACCGCATA-1,Mono
TGCCGACTCTCCCA-1,B
TGCGAAACAGTCAC-1,B
TGCGAAACGTTGCA-1,B
TGCGATGAACGGTT-1,Platelet
TGCGATGACCTCGT-1,Platelet
TGCGATGACTAGTG-1,B
TGCGATGACTGCTC-1,B
TGCGATGACTTGCC-1,B
TGCGATGAGTGCTA-1,Mono
TGCGCACTCTTGAG-1,Mono
TGCGTAGAATAAGG-1,Mono
TGCGTAGACGGGAA-1,B
TGCGTAGATGGTCA-1,Mono
TGCTAGGAAACCGT-1,CD8 T
TGCTAGGATAGTCG-1,Platelet
TGCTATACGGTTCA-1,DC
TGCTATACTGCTGA-1,CD8 T
TGCTGAGAGAGCAG-1,NK
TGCTGAGATTATCC-1,CD4 T
TGGAAAGACTCTCG-1,B
TGGAAAGAGCGATT-1,CD4 T
TGGAAAGAGGTCAT-1,Mono
TGGAAAGATATGGC-1,Platelet
TGGAACACAAACAG-1,NK
TGGAACACGCTAAC-1,CD8 T
TGGAAGCTCAGATC-1,CD8 T
TGGACCCTACACTG-1,Mono
TGGACCCTCATGGT-1,CD8 T
TGGACCCTGGTACT-1,Mono
TGGACTGAGTATGC-1,CD4 T
TGGAGACTATCAGC-1,Mono
TGGAGACTTCAAGC-1,CD4 T
TGGAGACTTGACCA-1,CD8 T
TGGAGGGACGGAGA-1,Mono
TGGAGGGAGCTATG-1,CD8 T
TGGATCGATAAAGG-1,CD4 T
TGGATGTGACCTAG-1,B
TGGATGTGTGAAGA-1,B
TGGATTCTCATACG-1,CD8 T
TGGCAATGCTTGTT-1,B
TGGCACCTTCACGA-1,CD8 T
TGGCACCTTCAGTG-1,Mono
TGGGTATGAAGAGT-1,CD4 T
TGGGTATGCACAAC-1,CD4 T
TGGGTATGGTACGT-1,B
TGGGTATGTTTGGG-1,Mono
TGGTAGACATGCCA-1,Mono
TGGTAGACCCTCAC-1,NK
TGGTAGACCTGATG-1,CD4 T
TGGTAGTGCACTGA-1,Mono
TGGTATCTAAACAG-1,CD8 T
TGGTATCTCTTCCG-1,Platelet
TGGTCAGACCCAAA-1,Platelet
TGGTTACTGACGTT-1,Mono
TGGTTACTGTTCTT-1,CD8 T
TGTAACCTAGAGGC-1,CD8 T
TGTAACCTTGCCTC-1,Mono
TGTAATGACACAAC-1,NK
TGTAATGAGGTAAA-1,NK
TGTACTTGCTCTAT-1,Mono
TGTAGGTGCGAGAG-1,B
TGTAGGTGCTATGG-1,CD4 T
TGTAGGTGCTCTAT-1,DC
TGTAGGTGTGCTGA-1,CD4 T
TGTAGTCTTCCAGA-1,Platelet
TGTAGTCTTGCACA-1,CD8 T
TGTATCTGTTAGGC-1,CD4 T
TGTATGCTCATGGT-1,B
TGTATGCTGTAGGG-1,Platelet
TGTATGCTTTCATC-1,CD4 T
TGTCAGGAATACCG-1,CD8 T
TGTCAGGAGATGAA-1,Platelet
TGTCTAACCCCTTG-1,CD4 T
TGTGACGATTCTCA-1,CD8 T
TGTGAGACTGTCAG-1,Mono
TGTGAGACTTGAGC-1,CD4 T
TGTGAGTGACCACA-1,CD4 T
TGTGAGTGAGTGCT-1,Mono
TGTGAGTGGAGATA-1,CD8 T
TGTGATCTCTCTAT-1,B
TGTGATCTGACACT-1,CD8 T
TGTGGATGGCCAAT-1,B
TGTTAAGACAAAGA-1,Mono
TGTTAAGATAAGGA-1,Mono
TGTTACACCGCATA-1,Mono
TGTTACACGACTAC-1,Mono
TGTTACTGGCTACA-1,CD8 T
TGTTACTGTAGTCG-1,CD8 T
TTAACCACCGTAAC-1,CD8 T
TTAACCACTAAGGA-1,CD8 T
TTAACCACTCAGAC-1,Platelet
TTACACACGTGTTG-1,Platelet
TTACACACTCCTAT-1,CD4 T
TTACCATGAATCGC-1,Mono
TTACCATGGTTGAC-1,CD4 T
TTACCATGTGTCTT-1,NK
TTACCATGTTGTGG-1,B
TTACGACTGAGAGC-1,CD4 T
TTACGACTTGACAC-1,Mono
TTACGTACGTTCAG-1,Platelet
TTACTCGAAGAATG-1,Mono
TTACTCGACGCAAT-1,DC
TTACTCGAGGGTGA-1,CD4 T
TTACTCGATCTACT-1,NK
TTAGAATGTGGTGT-1,Platelet
TTAGAATGTGTAGC-1,Platelet
TTAGACCTCCTACC-1,CD4 T
TTAGACCTCCTTTA-1,Mono
TTAGCTACAACCGT-1,CD8 T
TTAGCTACTGTCCC-1,Mono
TTAGCTACTTTCGT-1,CD4 T
TTAGGGACGCGAAG-1,CD8 T
TTAGGGTGCTGGAT-1,B
TTAGGGTGTCCTGC-1,Mono
TTAGGTCTACTTTC-1,Mono
TTAGTCACCAGTTG-1,CD4 T
TTAGTCTGAAAGCA-1,B
TTAGTCTGCCAACA-1,NK
TTAGTCTGTGCACA-1,CD4 T
TTATCCGACTAGTG-1,B
TTATCCGAGAAAGT-1,Mono
TTATGAGAGATAAG-1,CD8 T
TTATGCACGTCACA-1,B
TTATGGCTTATGGC-1,DC
TTATTCCTATGCTG-1,Mono
TTATTCCTGGACAG-1,B
TTATTCCTGGTACT-1,B
TTATTCCTTCGTGA-1,CD4 T
TTCAAAGATAAAGG-1,CD8 T
TTCAACACAACAGA-1,CD4 T
TTCAACACCCCAAA-1,Mono
TTCAACACGGACGA-1,Mono
TTCAAGCTAAGAAC-1,Mono
TTCAAGCTAGATGA-1,CD4 T
TTCAAGCTGTTGAC-1,CD4 T
TTCAAGCTTGATGC-1,CD4 T
TTCAAGCTTTCGCC-1,CD8 T
TTCACAACCCGTTC-1,Mono
TTCACAACGTCTGA-1,Platelet
TTCAGACTACCCAA-1,CD4 T
TTCAGACTCTCGAA-1,Platelet
TTCAGTACCGACTA-1,CD4 T
TTCAGTACTCAAGC-1,CD8 T
TTCAGTACTCCTAT-1,Mono
TTCAGTTGCCAAGT-1,CD8 T
TTCAGTTGTCCTTA-1,DC
TTCAGTTGTCTAGG-1,CD8 T
TTCAGTTGTCTCGC-1,B
TTCATCGAGGTGGA-1,Mono
TTCATGTGTGGTGT-1,Platelet
TTCATTCTATGTCG-1,Mono
TTCATTCTTCTCTA-1,CD8 T
TTCCAAACCTATGG-1,Mono
TTCCAAACCTCCCA-1,B
TTCCAAACTCCCAC-1,NK
TTCCAAACTTGACG-1,CD8 T
TTCCATGACGAGAG-1,Mono
TTCCATGACTGTCC-1,CD8 T
TTCCCACTTGAGGG-1,NK
TTCCCACTTGTCTT-1,Mono
TTCCTAGAAAGTGA-1,CD4 T
TTCCTAGACTAGTG-1,Mono
TTCGAGGACTCTAT-1,CD4 T
TTCGAGGAGGGCAA-1,CD4 T
TTCGAGGATAGAAG-1,Mono
TTCGATTGAGCATC-1,Platelet
TTCGGAGAATGCCA-1,Platelet
TTCGGAGATGTGCA-1,Platelet
TTCGTATGAAAAGC-1,CD8 T
TTCGTATGGATAGA-1,CD8 T
TTCGTATGGTCTGA-1,CD4 T
TTCGTATGTCCTTA-1,Mono
TTCTACGAACGTAC-1,Platelet
TTCTACGAGTTGGT-1,CD8 T
TTCTAGTGACACGT-1,CD4 T
TTCTAGTGCATGAC-1,Mono
TTCTAGTGGAGAGC-1,NK
TTCTAGTGGTCACA-1,Mono
TTCTCAGAAGAGAT-1,CD4 T
TTCTCAGAAGCATC-1,B
TTCTCAGATGGAGG-1,CD4 T
TTCTGATGGAGACG-1,NK
TTCTTACTCTGGAT-1,Mono
TTGAACCTCCTTGC-1,B
TTGAATGAACTACG-1,Mono
TTGAATGACTTACT-1,CD4 T
TTGAATGATCTCAT-1,B
TTGACACTCTGTAG-1,Platelet
TTGACACTGATAAG-1,B
TTGAGGACAGAACA-1,Mono
TTGAGGACTACGCA-1,DC
TTGAGGTGGACGGA-1,CD4 T
TTGCATTGAGCTAC-1,CD8 T
TTGCATTGCTAAGC-1,Mono
TTGCATTGTGACTG-1,CD4 T
TTGCTAACACCAAC-1,CD8 T
TTGCTAACACGCTA-1,Mono
TTGCTAACCACTCC-1,CD8 T
TTGCTATGGTACGT-1,Mono
TTGCTATGGTAGGG-1,Mono
TTGGAGACCAATCG-1,CD8 T
TTGGAGACGCTATG-1,Mono
TTGGAGACTATGGC-1,B
TTGGGAACTGAACC-1,CD8 T
TTGGTACTACTGGT-1,Mono
TTGGTACTCTTAGG-1,Platelet
TTGGTACTGAATCC-1,B
TTGGTACTGGATTC-1,B
TTGTACACGTTGTG-1,B
TTGTACACTTGCAG-1,CD8 T
TTGTAGCTAGCTCA-1,Platelet
TTGTAGCTCTCTTA-1,B
TTGTCATGGACGGA-1,NK
TTTAGAGATCCTCG-1,B
TTTAGCTGATACCG-1,CD8 T
TTTAGCTGGATACC-1,Mono
TTTAGCTGTACTCT-1,B
TTTAGGCTCCTTTA-1,Mono
TTTATCCTGTTGTG-1,Mono
TTTCACGAGGTTCA-1,Platelet
TTTCAGTGGAAGGC-1,CD8 T
TTTCAGTGTCACGA-1,B
TTTCAGTGTCTATC-1,Mono
TTTCAGTGTGCAGT-1,B
TTTCCAGAGGTGAG-1,Platelet
TTTCGAACACCTGA-1,DC
TTTCGAACTCTCAT-1,Mono
TTTCTACTGAGGCA-1,B
TTTCTACTTCCTCG-1,B
TTTGCATGAGAGGC-1,B
TTTGCATGCCTCAC-1,CD4 T
