"","cell_type"
"AAACATACAACCAC","CD8 T"
"AAACATTGAGCTAC","B"
"AAACATTGATCAGC","Unknown"
"AAACCGTGCTTCCG","Unknown"
"AAACCGTGTATGCG","Unknown"
"AAACGCACTGGTAC","Unknown"
"AAACGCTGACCAGT","NK"
"AAACGCTGGTTCTT","Unknown"
"AAACGCTGTAGCCA","B"
"AAACGCTGTTTCTG","Platelet"
"AAACTTGAAAAACG","B"
"AAACTTGATCCAGA","Unknown"
"AAAGAGACGAGATA","NK"
"AAAGAGACGCGAGA","DC"
"AAAGAGACGGACTT","CD8 T"
"AAAGAGACGGCATT","Unknown"
"AAAGCAGATATCGG","DC"
"AAAGCCTGTATGCG","Unknown"
"AAAGGCCTGTCTAG","B"
"AAAGTTTGATCACG","B"
"AAAGTTTGGGGTGA","B"
"AAAGTTTGTAGAGA","CD4 T"
"AAAGTTTGTAGCGT","DC"
"AAATCAACAATGCC","B"
"AAATCAACACCAGT","NK"
"AAATCAACCAGGAG","NK"
"AAATCAACCCTATT","DC"
"AAATCAACGGAAGC","Unknown"
"AAATCAACTCGCAA","CD4 T"
"AAATCATGACCACA","Platelet"
"AAATCCCTCCACAA","NK"
"AAATCCCTGCTATG","B"
"AAATGTTGAACGAA","DC"
"AAATGTTGCCACAA","Unknown"
"AAATGTTGTGGCAT","DC"
"AAATTCGAAGGTTC","Unknown"
"AAATTCGAATCACG","DC"
"AAATTCGAGCTGAT","Platelet"
"AAATTCGAGGAGTG","CD8 T"
"AAATTCGATTCTCA","NK"
"AAATTGACACGACT","Unknown"
"AAATTGACTCGCTC","Unknown"
"AACAAACTCATTTC","Unknown"
"AACAAACTTTCGTT","Unknown"
"AACAATACGACGAG","Unknown"
"AACACGTGCAGAGG","Unknown"
"AACACGTGGAAAGT","CD4 T"
"AACACGTGGAACCT","DC"
"AACACGTGGCTACA","Unknown"
"AACACGTGTACGAC","Platelet"
"AACAGCACAAGAGT","DC"
"AACATTGATGGGAG","Unknown"
"AACCAGTGATACCG","Platelet"
"AACCCAGATCGCTC","Unknown"
"AACCGATGCTCCCA","Unknown"
"AACCGATGGTCATG","B"
"AACCGATGTTCTAC","DC"
"AACCGCCTAGCGTT","NK"
"AACCGCCTCTACGA","DC"
"AACCTACTGTGAGG","Unknown"
"AACCTACTGTGTTG","CD8 T"
"AACCTTACGAGACG","Unknown"
"AACCTTACGCGAGA","NK"
"AACCTTACTAACGC","Platelet"
"AACCTTTGGACGGA","Unknown"
"AACCTTTGTACGCA","Platelet"
"AACGCAACAAGTAG","Unknown"
"AACGCATGACCCAA","Unknown"
"AACGCATGCCTTCG","CD8 T"
"AACGCATGTACTTC","Unknown"
"AACGCCCTCGGGAA","B"
"AACGCCCTCGTACA","Unknown"
"AACGCCCTGGCATT","B"
"AACGTCGAGTATCG","Unknown"
"AACGTGTGAAAGCA","Unknown"
"AACGTGTGGCGGAA","B"
"AACGTGTGTCCAAG","CD4 T"
"AACGTGTGTGCTTT","NK"
"AACTACCTTAGAGA","Unknown"
"AACTCACTCAAGCT","DC"
"AACTCACTTGGAGG","DC"
"AACTCGGAAAGTGA","Unknown"
"AACTCGGAAGGTCT","DC"
"AACTCTTGCAGGAG","NK"
"AACTGTCTCCCTTG","DC"
"AACTTGCTACGCTA","B"
"AACTTGCTGGGACA","Unknown"
"AAGAACGAGTGTTG","Unknown"
"AAGAAGACGTAGGG","B"
"AAGACAGAAGTCTG","B"
"AAGACAGAGGATCT","Unknown"
"AAGACAGATTACCT","DC"
"AAGAGATGGGTAGG","B"
"AAGATGGAAAACAG","B"
"AAGATGGAGAACTC","DC"
"AAGATGGAGATAAG","Unknown"
"AAGATTACAACCTG","Unknown"
"AAGATTACAGATCC","DC"
"AAGATTACCCGTTC","DC"
"AAGATTACCGCCTT","DC"
"AAGATTACCTCAAG","Unknown"
"AAGATTACTCCTCG","Unknown"
"AAGCAAGAGCGAGA","CD8 T"
"AAGCAAGAGCTTAG","Unknown"
"AAGCAAGAGGTGTT","NK"
"AAGCACTGAGCAAA","B"
"AAGCACTGCATACG","NK"
"AAGCACTGGTTCTT","B"
"AAGCCAACGTGTTG","Unknown"
"AAGCCATGAACTGC","Unknown"
"AAGCCATGACACGT","Unknown"
"AAGCCATGCGTGAT","CD4 T"
"AAGCCATGTCTCGC","NK"
"AAGCCTGACATGCA","Unknown"
"AAGCCTGACCGAAT","Unknown"
"AAGCGACTCCTCAC","DC"
"AAGCGACTGTGTCA","Unknown"
"AAGCGACTTACAGC","B"
"AAGCGACTTTGACG","Platelet"
"AAGCGTACGTCTTT","NK"
"AAGGCTTGCGAACT","NK"
"AAGGTCACGGTTAC","Unknown"
"AAGGTCACTGTTTC","Unknown"
"AAGGTCACTTCCCG","CD8 T"
"AAGGTCTGACAGTC","Unknown"
"AAGGTCTGCAGATC","Unknown"
"AAGTAACTCTGAAC","DC"
"AAGTAACTGAGATA","B"
"AAGTAGGATACAGC","Unknown"
"AAGTATACCGAACT","NK"
"AAGTCCGACTTGTT","Unknown"
"AAGTCCGATAGAAG","CD8 T"
"AAGTCTCTAGTCGT","Unknown"
"AAGTCTCTCGGAGA","NK"
"AAGTGGCTTGGAGG","B"
"AAGTTCCTCATTCT","Platelet"
"AAGTTCCTTCTTAC","CD4 T"
"AATAAGCTCGAATC","NK"
"AATAAGCTCGTTGA","Unknown"
"AATACCCTGGACGA","B"
"AATACCCTGGCATT","Unknown"
"AATACTGAAAGGGC","NK"
"AATACTGAATTGGC","Unknown"
"AATAGGGAACCCTC","B"
"AATAGGGAGAATGA","NK"
"AATCAAACTATCGG","Unknown"
"AATCCGGAATGCTG","B"
"AATCCTACCGGTAT","Unknown"
"AATCCTTGACGGGA","Unknown"
"AATCCTTGGTGAGG","Unknown"
"AATCGGTGGAACTC","NK"
"AATCGGTGTGCTTT","CD4 T"
"AATCTAGAAAAGTG","Unknown"
"AATCTAGAATCGGT","Unknown"
"AATCTCACAGCCTA","DC"
"AATCTCACTCTAGG","Unknown"
"AATCTCTGAACAGA","Unknown"
"AATCTCTGCTTTAC","Unknown"
"AATGATACACCAAC","Unknown"
"AATGATACGGTCAT","DC"
"AATGCGTGACACCA","B"
"AATGCGTGGACGGA","DC"
"AATGCGTGGCTATG","B"
"AATGGAGAATCGTG","DC"
"AATGGAGATCCTTA","B"
"AATGGCTGACACCA","B"
"AATGGCTGCGTGAT","Unknown"
"AATGGCTGTAAAGG","CD8 T"
"AATGGCTGTACTCT","Unknown"
"AATGGCTGTGAAGA","Unknown"
"AATGTAACGGTGGA","Unknown"
"AATGTCCTCTTCTA","Unknown"
"AATGTTGACAGTCA","CD4 T"
"AATGTTGAGTTGAC","DC"
"AATGTTGATCTACT","Unknown"
"AATTACGAATTCCT","Unknown"
"AATTACGACTTCTA","Unknown"
"AATTACGAGTGAGG","CD4 T"
"AATTACGATTGGCA","B"
"AATTCCTGCTCAGA","B"
"AATTGATGTCGCAA","Platelet"
"AATTGTGACTTGGA","B"
"ACAAAGGAGGGTGA","Unknown"
"ACAAATTGATTCTC","Platelet"
"ACAAATTGCTCAGA","DC"
"ACAAATTGTTGCGA","NK"
"ACAACCGAGGGATG","NK"
"ACAACCGAGTTACG","Unknown"
"ACAAGAGAAGTCGT","DC"
"ACAAGAGACTTATC","CD8 T"
"ACAAGAGAGTTGAC","B"
"ACAATCCTAACCGT","Unknown"
"ACAATCCTTAGCGT","B"
"ACAATTGACTGACA","Unknown"
"ACAATTGATGACTG","Unknown"
"ACACAGACCATACG","CD8 T"
"ACACCAGAGGGCAA","CD8 T"
"ACACCCTGGTGTTG","Unknown"
"ACACGAACAGTTCG","Unknown"
"ACACGATGACGCAT","NK"
"ACACGATGATGTGC","Unknown"
"ACACGATGTCGTAG","CD8 T"
"ACACGATGTGGTCA","CD8 T"
"ACAGACACGGCATT","CD8 T"
"ACAGACACGTTGTG","B"
"ACAGCAACACCTAG","DC"
"ACAGCAACCTCAAG","Platelet"
"ACAGGTACCCCACT","Unknown"
"ACAGGTACGCTGTA","Unknown"
"ACAGGTACTGGTGT","NK"
"ACAGTCGACCCAAA","CD8 T"
"ACAGTCGACCGATA","Unknown"
"ACAGTGACTCACCC","CD8 T"
"ACAGTGACTCTATC","NK"
"ACAGTGTGGTCACA","NK"
"ACAGTGTGTTGCGA","DC"
"ACATCACTCTACTT","DC"
"ACATGGTGAAGCCT","Unknown"
"ACATGGTGCAACCA","B"
"ACATGGTGCGAGTT","B"
"ACATTCTGGCATAC","Unknown"
"ACATTCTGGGAACG","DC"
"ACCAACGACATGCA","Unknown"
"ACCACAGAAAGTAG","B"
"ACCACAGAGTTGGT","Unknown"
"ACCACCTGTGTGCA","CD4 T"
"ACCACGCTACAGCT","Unknown"
"ACCACGCTACCCAA","Unknown"
"ACCACGCTGCGAGA","CD8 T"
"ACCACGCTGCTGTA","CD8 T"
"ACCAGCCTGACAGG","Unknown"
"ACCAGTGAACGGTT","B"
"ACCAGTGAATACCG","Platelet"
"ACCAGTGAGGGATG","CD8 T"
"ACCAGTGATGACTG","DC"
"ACCATTACCTTCTA","Unknown"
"ACCATTACGAGATA","CD8 T"
"ACCATTTGTCATTC","Unknown"
"ACCCAAGAACTGTG","Unknown"
"ACCCAAGAATTCCT","Unknown"
"ACCCAAGAGGACAG","CD4 T"
"ACCCAAGATTCACT","B"
"ACCCACTGCGCCTT","DC"
"ACCCACTGGACAGG","CD4 T"
"ACCCACTGGTTCAG","Platelet"
"ACCCACTGTCGTAG","DC"
"ACCCAGCTCAGAAA","Unknown"
"ACCCAGCTGTTAGC","DC"
"ACCCAGCTTGCTTT","NK"
"ACCCGTTGATGACC","B"
"ACCCGTTGCTGCAA","NK"
"ACCCGTTGCTTCTA","B"
"ACCCTCGACCTATT","NK"
"ACCCTCGACGGTAT","B"
"ACCCTCGATAAGGA","DC"
"ACCCTCGATCAAGC","Platelet"
"ACCGTGCTACCAGT","NK"
"ACCGTGCTGGAACG","B"
"ACCTATTGCTGAGT","B"
"ACCTATTGTGCCCT","Platelet"
"ACCTCCGAGTCCTC","Unknown"
"ACCTCCGATATGCG","Unknown"
"ACCTCCGATGCTGA","B"
"ACCTCGTGAACCAC","NK"
"ACCTGAGATATCGG","Unknown"
"ACCTGGCTAAGTAG","Unknown"
"ACCTTTGACTCCCA","DC"
"ACCTTTGAGGAACG","DC"
"ACCTTTGAGGAAGC","Unknown"
"ACGAACACCTTGTT","Unknown"
"ACGAACTGGCTATG","Platelet"
"ACGAAGCTCTCCAC","Unknown"
"ACGAAGCTCTGAGT","B"
"ACGACCCTATCTCT","Unknown"
"ACGACCCTGATGAA","Unknown"
"ACGACCCTTGACAC","B"
"ACGACCCTTGACCA","Unknown"
"ACGAGGGACAGGAG","Unknown"
"ACGAGGGACGAACT","Unknown"
"ACGAGGGATGTAGC","Unknown"
"ACGAGTACCCTAAG","B"
"ACGAGTACGAATCC","B"
"ACGATCGAGGACTT","NK"
"ACGATCGAGTCACA","DC"
"ACGATGACAATGCC","Unknown"
"ACGATGACTGGTCA","Unknown"
"ACGATTCTACGGGA","Unknown"
"ACGCAATGGTTCAG","Unknown"
"ACGCACCTGTTAGC","B"
"ACGCCACTGAACTC","Unknown"
"ACGCCGGAAACCAC","DC"
"ACGCCGGAAAGCCT","Unknown"
"ACGCCGGAAATGCC","Unknown"
"ACGCCTTGCTCCCA","Platelet"
"ACGCGGTGGCGAGA","Unknown"
"ACGCGGTGTGTGGT","B"
"ACGCGGTGTTTGCT","CD8 T"
"ACGCTCACAGTACC","Unknown"
"ACGCTCACCCTTGC","CD4 T"
"ACGCTGCTGTTCTT","Unknown"
"ACGGAACTCAGATC","Unknown"
"ACGGAACTGTCGTA","Platelet"
"ACGGAGGACTCTTA","DC"
"ACGGATTGGGAGGT","B"
"ACGGATTGGTTAGC","CD4 T"
"ACGGCTCTGAGCAG","CD8 T"
"ACGGCTCTTGCACA","Unknown"
"ACGGTAACCGCTAA","CD8 T"
"ACGGTAACCTTCGC","CD8 T"
"ACGGTAACGGTGGA","NK"
"ACGGTAACTCGCAA","NK"
"ACGGTATGAGTCGT","DC"
"ACGGTATGGGTATC","B"
"ACGGTATGGTTGTG","B"
"ACGGTCCTAACGGG","Unknown"
"ACGGTCCTCGGGAA","Unknown"
"ACGTAGACAACCAC","Unknown"
"ACGTAGACTACAGC","B"
"ACGTCAGAAACGAA","NK"
"ACGTCAGAGAGCTT","Unknown"
"ACGTCAGAGGGATG","CD4 T"
"ACGTCCTGATAAGG","DC"
"ACGTCCTGTGAACC","Unknown"
"ACGTCGCTCCTGAA","NK"
"ACGTCGCTCTATTC","Unknown"
"ACGTCGCTTCTCAT","B"
"ACGTGATGCCATGA","Unknown"
"ACGTGATGGGTCTA","CD8 T"
"ACGTGATGTAACCG","Platelet"
"ACGTGATGTGACAC","NK"
"ACGTGCCTCCGTAA","Unknown"
"ACGTGCCTTCTATC","CD8 T"
"ACGTTACTTTCCAT","Unknown"
"ACGTTGGAAAAGCA","Unknown"
"ACGTTGGAAACCTG","NK"
"ACGTTGGACCGTAA","DC"
"ACGTTGGAGCCAAT","Unknown"
"ACGTTGGATATGGC","B"
"ACGTTGGATCAGGT","DC"
"ACGTTTACATCAGC","NK"
"ACTAAAACCCACAA","CD8 T"
"ACTAAAACTCGACA","DC"
"ACTACGGAATTTCC","Unknown"
"ACTACGGACCTATT","NK"
"ACTACGGATCGCTC","CD4 T"
"ACTACTACTAAGGA","Unknown"
"ACTAGGTGGAACCT","CD8 T"
"ACTAGGTGGAACTC","Unknown"
"ACTATCACCTTGGA","CD8 T"
"ACTATCACTGCCAA","CD4 T"
"ACTCAGGACTGAAC","Unknown"
"ACTCAGGATCTATC","B"
"ACTCAGGATTCGTT","DC"
"ACTCCTCTCAACTG","Unknown"
"ACTCGCACGAAAGT","DC"
"ACTCGCACTACGAC","Unknown"
"ACTCTCCTGACACT","B"
"ACTCTCCTGCATAC","Unknown"
"ACTCTCCTGTTTGG","NK"
"ACTGAGACAACCAC","NK"
"ACTGAGACCCATAG","Unknown"
"ACTGAGACGTTGGT","B"
"ACTGCCACACACGT","CD8 T"
"ACTGCCACTCCGTC","Unknown"
"ACTGGCCTTCAGTG","NK"
"ACTGTGGACGTGTA","Unknown"
"ACTGTGGATCTAGG","B"
"ACTGTTACCCACAA","DC"
"ACTGTTACTGCAGT","Unknown"
"ACTTAAGAACCACA","Unknown"
"ACTTAAGATTACTC","DC"
"ACTTAGCTGCGTAT","Platelet"
"ACTTAGCTGGGAGT","CD4 T"
"ACTTCAACAAGCAA","CD8 T"
"ACTTCAACGTAGGG","NK"
"ACTTCCCTTTCCGC","NK"
"ACTTCTGACATGCA","B"
"ACTTGACTCCACAA","Unknown"
"ACTTGGGAGAAAGT","DC"
"ACTTGGGAGGTTTG","Unknown"
"ACTTGGGATGTGAC","Platelet"
"ACTTGGGATTGACG","DC"
"ACTTGTACCTGTCC","NK"
"ACTTTGTGGAAAGT","Unknown"
"ACTTTGTGGATAGA","DC"
"AGAAACGAAAGTAG","B"
"AGAAAGTGCGCAAT","Unknown"
"AGAAAGTGGGGATG","DC"
"AGAACAGAAATGCC","Unknown"
"AGAACAGACGACTA","B"
"AGAACAGAGACAAA","Unknown"
"AGAACGCTTTGCTT","Unknown"
"AGAAGATGTGACTG","Unknown"
"AGAATGGAAGAAGT","CD8 T"
"AGAATTTGTAACCG","CD4 T"
"AGAATTTGTAGAGA","Unknown"
"AGACACACTGTAGC","Unknown"
"AGACACTGTCAAGC","DC"
"AGACCTGAAGTAGA","DC"
"AGACCTGACCAACA","B"
"AGACCTGAGGAAGC","NK"
"AGACGTACAGAGGC","Unknown"
"AGACGTACCCCTAC","B"
"AGACGTACCTCTTA","DC"
"AGACGTACTCGTGA","Platelet"
"AGACTGACCATCAG","CD8 T"
"AGACTGACCCTTTA","Unknown"
"AGACTTCTCATGCA","B"
"AGAGATGACAGTCA","B"
"AGAGATGACTGAAC","Unknown"
"AGAGATGAGGTTTG","DC"
"AGAGATGATCTCGC","B"
"AGAGATGATTGTGG","Unknown"
"AGAGCGGAGGCAAG","DC"
"AGAGTCTGGTCGTA","Platelet"
"AGAGTGCTCAGCTA","Unknown"
"AGAGTGCTCGAATC","Unknown"
"AGAGTGCTGTCATG","CD4 T"
"AGAGTGCTGTCCTC","CD8 T"
"AGAGTGCTGTGTTG","B"
"AGATATACCCGTAA","Unknown"
"AGATATACGATGAA","Unknown"
"AGATATACTGTTCT","B"
"AGATATTGCCTACC","NK"
"AGATATTGGCCAAT","DC"
"AGATCGTGTCTGGA","DC"
"AGATCGTGTTTGTC","B"
"AGATCTCTATCACG","B"
"AGATTAACGTTCTT","Platelet"
"AGATTCCTATCGTG","B"
"AGATTCCTCACTTT","DC"
"AGATTCCTGACGAG","DC"
"AGATTCCTGTTCAG","NK"
"AGCAAAGATATGCG","Unknown"
"AGCACAACAGTCTG","CD8 T"
"AGCACTGAGGGAGT","Unknown"
"AGCACTGATATGCG","Unknown"
"AGCACTGATGCTTT","Unknown"
"AGCACTGATTGCGA","Unknown"
"AGCATCGAAGATCC","NK"
"AGCATCGAAGGGTG","B"
"AGCATCGAGCTTCC","DC"
"AGCATCGAGTGAGG","Unknown"
"AGCATCGATAACCG","DC"
"AGCATGACGATGAA","CD8 T"
"AGCCAATGGGGAGT","Platelet"
"AGCCAATGTATCTC","Unknown"
"AGCCACCTGGATCT","CD8 T"
"AGCCGGTGCCAATG","CD4 T"
"AGCCGGTGTGTTTC","Unknown"
"AGCCGTCTCAATCG","CD8 T"
"AGCCGTCTGAGAGC","NK"
"AGCCTCACGTTCGA","B"
"AGCCTCACTGTCAG","Unknown"
"AGCCTCTGCAGTTG","B"
"AGCCTCTGCCAATG","NK"
"AGCGAACTGGATCT","NK"
"AGCGAACTTACTGG","NK"
"AGCGATACGGAGCA","Unknown"
"AGCGATTGAGATCC","NK"
"AGCGCCGAATCTCT","NK"
"AGCGCCGACAGAGG","Unknown"
"AGCGCTCTACCTTT","Unknown"
"AGCGGCACCGGGAA","NK"
"AGCGGCTGATGTGC","CD4 T"
"AGCGGGCTTGCCAA","NK"
"AGCGTAACATGCTG","Unknown"
"AGCGTAACTGAGAA","Unknown"
"AGCTCGCTACTGGT","CD4 T"
"AGCTCGCTCTGCTC","CD8 T"
"AGCTGAACCATACG","Platelet"
"AGCTGAACCTCTCG","Unknown"
"AGCTGCCTTGGGAG","Unknown"
"AGCTGCCTTTCATC","Unknown"
"AGCTGCCTTTCTGT","Unknown"
"AGCTGTGATCCAAG","CD8 T"
"AGCTTTACAAGTAG","Unknown"
"AGCTTTACACCAAC","Unknown"
"AGCTTTACTCTCAT","B"
"AGGAAATGAGGAGC","Unknown"
"AGGAACCTCTTAGG","Platelet"
"AGGAACCTTGCCTC","CD8 T"
"AGGAATGATAACGC","CD8 T"
"AGGAATGATTTGTC","NK"
"AGGAGTCTGGTTTG","B"
"AGGAGTCTTGTCAG","Unknown"
"AGGATAGACATTTC","B"
"AGGATAGAGGATTC","NK"
"AGGATGCTACTAGC","B"
"AGGATGCTTTAGGC","Unknown"
"AGGCAACTGAAGGC","NK"
"AGGCAGGAGTACCA","CD8 T"
"AGGCCTCTAGTCGT","B"
"AGGCCTCTCGGAGA","B"
"AGGCCTCTCGTAAC","NK"
"AGGGACGACGTTGA","Unknown"
"AGGGACGAGTCAAC","Unknown"
"AGGGACGAGTTGTG","Unknown"
"AGGGACGATAGAGA","Unknown"
"AGGGACGATGCATG","CD8 T"
"AGGGAGTGAGCCTA","CD4 T"
"AGGGCCACCATACG","Unknown"
"AGGGCGCTAACCAC","DC"
"AGGGCGCTATGGTC","CD8 T"
"AGGGTGGACAGTCA","B"
"AGGGTGGACTCAAG","Unknown"
"AGGGTGGAGTTGCA","CD8 T"
"AGGGTTTGTTCATC","DC"
"AGGTCATGAGTGTC","B"
"AGGTCATGCTTATC","CD8 T"
"AGGTCTGATTCTCA","DC"
"AGGTGGGAAGAATG","Unknown"
"AGGTGGGAAGTTCG","CD4 T"
"AGGTGTTGGTTACG","B"
"AGGTTCGAACCTCC","DC"
"AGGTTCGAACGTAC","DC"
"AGGTTCGAGGGTGA","Unknown"
"AGTAAGGAGTTTGG","Unknown"
"AGTAAGGATTCTTG","Unknown"
"AGTAATACATCACG","Unknown"
"AGTAATACCGAACT","B"
"AGTAATTGTCCCAC","Unknown"
"AGTACGTGAGGGTG","Unknown"
"AGTACGTGCTGCAA","NK"
"AGTACGTGCTTGGA","Unknown"
"AGTACTCTACGTGT","B"
"AGTACTCTCAACCA","CD8 T"
"AGTACTCTCGGTAT","Unknown"
"AGTAGGCTTGCCTC","Unknown"
"AGTATAACTTGTCT","Unknown"
"AGTATCCTAGAACA","Unknown"
"AGTCACGATGAGCT","Unknown"
"AGTCAGACGAATAG","Unknown"
"AGTCAGACGCTTAG","CD8 T"
"AGTCAGACTAGAGA","Unknown"
"AGTCAGACTGCACA","NK"
"AGTCCAGATATCTC","Unknown"
"AGTCCAGATTTCAC","Unknown"
"AGTCGAACCAACCA","Unknown"
"AGTCGCCTCCGTAA","Unknown"
"AGTCTACTAGGGTG","Unknown"
"AGTCTACTTGCATG","Unknown"
"AGTCTTACACCACA","CD8 T"
"AGTCTTACTTCGCC","CD8 T"
"AGTCTTACTTCGGA","Platelet"
"AGTGACTGCAACTG","Platelet"
"AGTGTTCTAACCTG","Unknown"
"AGTGTTCTATAAGG","Unknown"
"AGTGTTCTCACTTT","DC"
"AGTTAAACCACTTT","B"
"AGTTATGAACAGTC","Unknown"
"AGTTATGACTGAGT","NK"
"AGTTATGAGTTCAG","Unknown"
"AGTTCTACCAGCTA","DC"
"AGTTCTTGAAGCCT","CD8 T"
"AGTTGTCTACTACG","Unknown"
"AGTTTAGATGGTCA","CD8 T"
"AGTTTCACGGTCTA","CD8 T"
"AGTTTGCTACAGTC","B"
"AGTTTGCTACTGGT","NK"
"AGTTTGCTCCAAGT","B"
"ATAAACACAGTGCT","B"
"ATAAACACCACCAA","Unknown"
"ATAACAACATGCTG","DC"
"ATAACAACGTCTAG","Unknown"
"ATAACAACTTTGTC","NK"
"ATAACATGTACTCT","NK"
"ATAACCCTGTTGGT","CD8 T"
"ATAACCCTTGGTAC","Unknown"
"ATAAGTACGAATGA","B"
"ATAAGTTGGTACGT","Platelet"
"ATAAGTTGTCTAGG","Unknown"
"ATAATCGAGCTGAT","B"
"ATAATCGATGGTTG","CD8 T"
"ATAATGACCTACTT","Unknown"
"ATAATGACTCGTGA","Platelet"
"ATACAATGTTAGGC","NK"
"ATACCACTCGTACA","DC"
"ATACCACTCTAAGC","Unknown"
"ATACCACTGCCAAT","NK"
"ATACCGGAATGCTG","Unknown"
"ATACCGGACATTTC","Unknown"
"ATACCGGACTTCGC","CD4 T"
"ATACCGGAGGTGTT","DC"
"ATACCGGATCTCGC","NK"
"ATACCTACGCATCA","Unknown"
"ATACCTTGGGGCAA","Unknown"
"ATACGGACAGACTC","DC"
"ATACGGACCTACTT","Unknown"
"ATACGGACGAGGTG","B"
"ATACGGACTATGCG","B"
"ATACGGACTCTGGA","DC"
"ATACGTCTTAACGC","DC"
"ATACTCTGCTTCGC","Unknown"
"ATACTCTGGTATGC","NK"
"ATAGATACCATGGT","NK"
"ATAGATACGACGAG","B"
"ATAGATTGGTGTAC","B"
"ATAGCCGAACGGAG","Unknown"
"ATAGCGTGCAGATC","Unknown"
"ATAGCGTGCCCTTG","DC"
"ATAGCGTGGTATCG","DC"
"ATAGCGTGTCTCTA","Unknown"
"ATAGCTCTCTGATG","NK"
"ATAGCTCTGAGGTG","Unknown"
"ATAGGAGAAACAGA","Unknown"
"ATAGGCTGTCAGAC","Unknown"
"ATAGTCCTAGTGTC","DC"
"ATAGTCCTTGCATG","NK"
"ATAGTCCTTGTCGA","Unknown"
"ATAGTTGACAACTG","Unknown"
"ATAGTTGACCCTCA","Platelet"
"ATAGTTGAGACGTT","B"
"ATAGTTGATAAGCC","NK"
"ATATACGAAGCCAT","B"
"ATATACGAATTGGC","CD4 T"
"ATATAGTGGAATGA","DC"
"ATATGCCTAGATCC","DC"
"ATATGCCTGGACAG","Unknown"
"ATATGCCTTCTCTA","Unknown"
"ATATGCCTTGGTAC","Unknown"
"ATCAAATGAGCCTA","DC"
"ATCAAATGGGTAAA","Platelet"
"ATCAACCTAAACGA","Unknown"
"ATCAACCTGAGGAC","NK"
"ATCAACCTTCTCTA","Unknown"
"ATCAACCTTTGTCT","CD8 T"
"ATCACACTTTGTCT","Unknown"
"ATCACGGATTTCGT","B"
"ATCATCTGACACCA","Platelet"
"ATCATGCTAGAGTA","NK"
"ATCATGCTGAACCT","B"
"ATCCAGGACGCTAA","Unknown"
"ATCCAGGATGGAAA","NK"
"ATCCATACTCCTTA","DC"
"ATCCATACTTCATC","Unknown"
"ATCCCGTGCAGTCA","Unknown"
"ATCCCGTGCATGCA","B"
"ATCCCGTGGCTGAT","B"
"ATCCGCACGCATCA","B"
"ATCCTAACGACGGA","B"
"ATCCTAACGCTACA","Unknown"
"ATCGACGAAACTGC","DC"
"ATCGACGAATGACC","Unknown"
"ATCGAGTGGACGTT","CD8 T"
"ATCGCAGAATCTCT","Platelet"
"ATCGCAGAGTGTCA","B"
"ATCGCCACTGAGGG","CD8 T"
"ATCGCCTGGGTCAT","Unknown"
"ATCGCCTGTGGCAT","B"
"ATCGCGCTCAGAGG","DC"
"ATCGCGCTGGGATG","NK"
"ATCGCGCTTTTCGT","B"
"ATCGGAACCAGTCA","Unknown"
"ATCGGTGAGTCAAC","Unknown"
"ATCGGTGATTGCAG","NK"
"ATCGTTTGCCTACC","Unknown"
"ATCGTTTGGGTACT","DC"
"ATCGTTTGTGCCAA","DC"
"ATCTACACCCGCTT","DC"
"ATCTACACCGGGAA","B"
"ATCTCAACAGGAGC","B"
"ATCTCAACCTCGAA","Unknown"
"ATCTCAACCTTGTT","DC"
"ATCTGGGAAACCAC","DC"
"ATCTGGGAAGTGTC","B"
"ATCTGGGATTCCGC","NK"
"ATCTGTTGAACGGG","Unknown"
"ATCTGTTGACCTCC","NK"
"ATCTGTTGCCTTCG","Unknown"
"ATCTGTTGGTTGCA","Unknown"
"ATCTTGACACCAAC","Unknown"
"ATCTTGACCTCCCA","DC"
"ATCTTTCTGCATCA","Unknown"
"ATCTTTCTGTTTCT","B"
"ATCTTTCTTGTCCC","Unknown"
"ATGAAACTCTGTGA","CD8 T"
"ATGAAACTGAGGCA","CD4 T"
"ATGAAGGAACAGCT","Unknown"
"ATGAAGGACCTGTC","B"
"ATGAAGGACCTTAT","B"
"ATGAAGGACTAGTG","B"
"ATGAAGGACTTGCC","Unknown"
"ATGACGTGACGACT","B"
"ATGACGTGATCGGT","Unknown"
"ATGAGAGAAAGTGA","Unknown"
"ATGAGAGAACGCAT","Unknown"
"ATGAGAGAAGTAGA","B"
"ATGAGCACACAGCT","Unknown"
"ATGAGCACATCTTC","Unknown"
"ATGATAACTTCACT","Unknown"
"ATGATATGAAACAG","Unknown"
"ATGATATGACTGGT","NK"
"ATGATATGAGCACT","NK"
"ATGATATGGTCATG","CD4 T"
"ATGATATGGTGCTA","NK"
"ATGATATGTTGTCT","Unknown"
"ATGCACGAATGTCG","B"
"ATGCACGACTGTAG","Unknown"
"ATGCACGAGAACCT","B"
"ATGCACGAGTTCGA","Unknown"
"ATGCACGATTGGTG","Unknown"
"ATGCAGTGTTACCT","B"
"ATGCAGTGTTCTAC","Unknown"
"ATGCCAGAACGACT","NK"
"ATGCCAGACAGTCA","DC"
"ATGCCGCTTGAACC","Unknown"
"ATGCGATGCTATGG","DC"
"ATGCGATGCTGAGT","NK"
"ATGCGATGGTTACG","B"
"ATGCGCCTTCATTC","Unknown"
"ATGCTTTGCGAATC","CD4 T"
"ATGCTTTGGGCGAA","CD8 T"
"ATGCTTTGTAGTCG","B"
"ATGGACACATCGGT","CD4 T"
"ATGGACACGCATCA","NK"
"ATGGGTACAACCTG","B"
"ATGGGTACATCGGT","Unknown"
"ATGGGTACTATTCC","Unknown"
"ATGGGTACTGGGAG","Unknown"
"ATGTAAACACCTCC","CD4 T"
"ATGTAAACCCGCTT","NK"
"ATGTAAACGGGATG","Unknown"
"ATGTAAACTCTCCG","Unknown"
"ATGTAAACTTCACT","DC"
"ATGTACCTCAGTCA","Unknown"
"ATGTACCTTAGTCG","CD4 T"
"ATGTACCTTTATCC","DC"
"ATGTACCTTTCACT","Unknown"
"ATGTCACTAATGCC","DC"
"ATGTCACTCTGCTC","NK"
"ATGTCGGAGGTGAG","NK"
"ATGTTCACAGTCTG","DC"
"ATGTTCACCGTAGT","NK"
"ATGTTGCTTTCAGG","NK"
"ATTAACGATGAGAA","Unknown"
"ATTAACGATGCAAC","Unknown"
"ATTAAGACTGCAGT","CD4 T"
"ATTACCTGCCTTAT","DC"
"ATTACCTGGAGGAC","Unknown"
"ATTAGATGTTTCAC","NK"
"ATTATGGAATCTCT","NK"
"ATTCAAGAACGGGA","CD8 T"
"ATTCAAGACCTTTA","Unknown"
"ATTCAGCTCATTGG","Platelet"
"ATTCCAACCATTGG","DC"
"ATTCCAACTTAGGC","NK"
"ATTCGACTCACTAG","B"
"ATTCGACTGAATAG","DC"
"ATTCGACTTTTGTC","B"
"ATTCGGGAAAGGCG","NK"
"ATTCGGGATTAGGC","Unknown"
"ATTCTTCTGATACC","Unknown"
"ATTGAATGGACGGA","Unknown"
"ATTGATGAAGGTTC","NK"
"ATTGATGACTGAGT","B"
"ATTGATGAGCGAAG","NK"
"ATTGATGATCTATC","Unknown"
"ATTGCACTGACGGA","NK"
"ATTGCACTGAGAGC","Unknown"
"ATTGCACTGGAGCA","Platelet"
"ATTGCACTTAGCCA","CD4 T"
"ATTGCACTTGCTTT","Unknown"
"ATTGCTTGTTACTC","B"
"ATTGGTCTGACTAC","B"
"ATTGGTCTTGTCTT","B"
"ATTGTAGATTCCCG","Unknown"
"ATTGTAGATTGCAG","Unknown"
"ATTGTCTGCGTACA","NK"
"ATTTAGGAACCATG","Unknown"
"ATTTAGGACAGAGG","Unknown"
"ATTTCCGAGATGAA","CD4 T"
"ATTTCCGAGTGCTA","Unknown"
"ATTTCGTGTATGGC","Unknown"
"ATTTCTCTACTTTC","Platelet"
"ATTTCTCTAGCAAA","NK"
"ATTTCTCTCACTTT","Platelet"
"ATTTCTCTTCCCAC","Unknown"
"ATTTGCACAAGATG","DC"
"CAAAGCACAGCTCA","Unknown"
"CAAAGCACCGTAAC","B"
"CAAAGCACGGTAAA","CD8 T"
"CAAAGCTGAAAGTG","CD8 T"
"CAAAGCTGTTGCTT","DC"
"CAAATATGTGACAC","Unknown"
"CAAATTGAGGGCAA","B"
"CAAATTGATGGAGG","Platelet"
"CAACCAGAAAAGTG","CD8 T"
"CAACCAGAAGTGCT","B"
"CAACCAGAGTTCAG","DC"
"CAACCAGATAGAAG","DC"
"CAACCGCTGTTCAG","NK"
"CAACCGCTTTGAGC","Unknown"
"CAACGATGCGCAAT","Unknown"
"CAACGTGACTCCAC","DC"
"CAACGTGAGCCATA","Unknown"
"CAACGTGATCAAGC","DC"
"CAAGAAGACCACAA","CD8 T"
"CAAGAAGACGTCTC","DC"
"CAAGAAGATTCTAC","NK"
"CAAGACTGACCTGA","B"
"CAAGACTGAGTAGA","B"
"CAAGCTGACCATAG","Unknown"
"CAAGCTGATCTATC","Unknown"
"CAAGGACTGTTCAG","Unknown"
"CAAGGACTTCTTTG","CD8 T"
"CAAGGTTGCTCCAC","CD4 T"
"CAAGGTTGTCATTC","B"
"CAAGGTTGTCTGGA","NK"
"CAAGTCGAAACAGA","B"
"CAAGTCGATAGCGT","DC"
"CAATAAACGCCATA","DC"
"CAATAATGAACTGC","DC"
"CAATATGACATGGT","NK"
"CAATATGACCTTCG","Unknown"
"CAATATGACGTTAG","Unknown"
"CAATATGAGGAGCA","CD4 T"
"CAATCGGAGAAACA","Unknown"
"CAATCTACTGACTG","Unknown"
"CAATTCACCCAACA","Unknown"
"CAATTCACGATAGA","CD4 T"
"CAATTCACTTGTGG","Unknown"
"CAATTCTGCTTGTT","DC"
"CAATTCTGGCGTAT","DC"
"CACAACGATACGAC","Unknown"
"CACAATCTTGTTCT","CD8 T"
"CACAATCTTTCCAT","NK"
"CACACCTGCTTGAG","CD4 T"
"CACACCTGTATGGC","Unknown"
"CACAGAACCCTTGC","B"
"CACAGAACCTGATG","NK"
"CACAGATGGGATTC","Unknown"
"CACAGATGGTTTCT","DC"
"CACAGCCTGATACC","NK"
"CACAGCCTTGCCAA","Platelet"
"CACAGCCTTGTAGC","CD4 T"
"CACAGTGATGAAGA","DC"
"CACATACTACAGCT","Unknown"
"CACATGGAACACGT","Unknown"
"CACATGGAAGTCGT","Unknown"
"CACCACTGCCAACA","Unknown"
"CACCACTGGCGAAG","NK"
"CACCCATGTTCTGT","NK"
"CACCGGGAATCGAC","CD4 T"
"CACCGGGACGAGAG","Unknown"
"CACCGGGACGTGTA","Unknown"
"CACCGGGACTTCTA","NK"
"CACCGGGACTTGCC","CD8 T"
"CACCGGGATTCGGA","NK"
"CACCGTACTAAGGA","B"
"CACCGTACTAGCGT","Unknown"
"CACCTGACACCCAA","Unknown"
"CACCTGACCAGAAA","NK"
"CACCTGACCTCAAG","Unknown"
"CACCTGACGAAAGT","B"
"CACCTGACTCGTAG","Unknown"
"CACGAAACTTCCGC","B"
"CACGACCTCGATAC","B"
"CACGCTACAGAAGT","Unknown"
"CACGCTACTGTTCT","B"
"CACGGGACAGAGTA","Unknown"
"CACGGGACATAAGG","Unknown"
"CACGGGACGTAGGG","CD4 T"
"CACGGGTGCTTCGC","NK"
"CACGGGTGGAGGAC","NK"
"CACGGGTGTGTTTC","DC"
"CACTAACTCCTAAG","B"
"CACTAACTGAAAGT","Unknown"
"CACTAGGATGATGC","B"
"CACTATACCCCGTT","B"
"CACTATACGTTTGG","Unknown"
"CACTGAGACAGTCA","Platelet"
"CACTGCACTTCATC","CD4 T"
"CACTGCTGAGACTC","Platelet"
"CACTGCTGGAAAGT","Unknown"
"CACTTAACCGAATC","NK"
"CACTTAACCGTACA","B"
"CACTTTGACTCTAT","NK"
"CACTTTGAGCTGTA","CD8 T"
"CAGAAGCTCTCAAG","Unknown"
"CAGACATGAACGGG","Unknown"
"CAGACATGTCGACA","NK"
"CAGACCCTAAGGTA","DC"
"CAGACCCTAATGCC","Unknown"
"CAGACCCTAGGAGC","Unknown"
"CAGACTGAGTATGC","CD4 T"
"CAGATCGAATGTCG","B"
"CAGATCGACCTGAA","NK"
"CAGATCGATATGGC","B"
"CAGATGACATTCTC","Unknown"
"CAGCAATGCCTTCG","Unknown"
"CAGCAATGGAGGGT","Unknown"
"CAGCAATGGTGCTA","NK"
"CAGCAATGTCTACT","DC"
"CAGCAATGTGACCA","Unknown"
"CAGCAATGTGAGGG","DC"
"CAGCACCTAAGCCT","Unknown"
"CAGCACCTAGGCGA","Unknown"
"CAGCACCTGTAGGG","DC"
"CAGCATGACAACCA","DC"
"CAGCATGAGACGTT","NK"
"CAGCCTACCCAACA","B"
"CAGCCTTGCTACCC","DC"
"CAGCCTTGGGGACA","CD4 T"
"CAGCGGACACCCTC","Unknown"
"CAGCGGACCTTTAC","Unknown"
"CAGCGTCTAAAGCA","NK"
"CAGCGTCTTATCGG","Unknown"
"CAGCTAGATGTGAC","Platelet"
"CAGCTCTGAGGCGA","Unknown"
"CAGCTCTGCAAGCT","CD8 T"
"CAGCTCTGTCGTAG","Unknown"
"CAGCTCTGTGTGGT","Unknown"
"CAGGAACTAACTGC","Unknown"
"CAGGAACTCTCAGA","Platelet"
"CAGGCCGAACACCA","NK"
"CAGGCCGAACACGT","Unknown"
"CAGGCCGAACGACT","NK"
"CAGGCCGAATCTCT","Unknown"
"CAGGCCGACTAGCA","B"
"CAGGGCACCATACG","Unknown"
"CAGGGCACCCAACA","NK"
"CAGGGCACTCCCGT","Unknown"
"CAGGTAACAGACTC","DC"
"CAGGTATGAGTCGT","NK"
"CAGGTATGTGCTTT","CD4 T"
"CAGGTTGAGGATCT","B"
"CAGTGATGGACGGA","B"
"CAGTGATGGCTAAC","Unknown"
"CAGTGATGGGACAG","CD4 T"
"CAGTGATGTAAGGA","B"
"CAGTGATGTACGCA","B"
"CAGTGTGATGTCAG","Unknown"
"CAGTTACTAAGGTA","B"
"CAGTTACTGATAGA","Unknown"
"CAGTTGGAAAGAGT","Unknown"
"CAGTTGGACATACG","Unknown"
"CAGTTTACACACGT","NK"
"CAGTTTACCCCAAA","CD8 T"
"CATAAAACGGAGCA","DC"
"CATAAATGAACTGC","Unknown"
"CATAACCTTCTCCG","Unknown"
"CATACTACCTCGAA","B"
"CATACTACCTGAAC","Unknown"
"CATACTACGTACCA","Platelet"
"CATACTTGGGTTAC","Unknown"
"CATAGTCTAATCGC","B"
"CATAGTCTCACTTT","Unknown"
"CATATAGACTAAGC","Unknown"
"CATATAGATCAGGT","B"
"CATCAACTAGAAGT","Unknown"
"CATCAACTCCCTCA","Unknown"
"CATCAGGACTTCCG","Unknown"
"CATCAGGATAGCCA","Unknown"
"CATCAGGATCCTAT","Platelet"
"CATCAGGATGCACA","Unknown"
"CATCAGGATTTCGT","Unknown"
"CATCATACCGCATA","DC"
"CATCATACGGAGCA","B"
"CATCATACTCAAGC","CD8 T"
"CATCGCTGGGATCT","Unknown"
"CATCGCTGTGGCAT","B"
"CATCGGCTATGCTG","Unknown"
"CATCGGCTTTGGCA","Unknown"
"CATCTCCTATGTGC","B"
"CATCTCCTCGAACT","Unknown"
"CATGAGACACGGGA","B"
"CATGAGACGTTGAC","Unknown"
"CATGAGACTCGCCT","Unknown"
"CATGCCACGGGTGA","CD8 T"
"CATGCCACTGCCAA","NK"
"CATGCGCTAGTCAC","Platelet"
"CATGCGCTCAGATC","DC"
"CATGCGCTTTGCAG","Unknown"
"CATGGCCTAGGGTG","DC"
"CATGGCCTGTGCAT","Unknown"
"CATGTACTATCGTG","Unknown"
"CATGTTACAGTCGT","NK"
"CATGTTACCTGAGT","CD8 T"
"CATGTTTGGGGATG","DC"
"CATTACACACGGAG","B"
"CATTACACCAACTG","Unknown"
"CATTACACGGAGTG","Unknown"
"CATTACACTACTCT","Unknown"
"CATTAGCTCCACAA","DC"
"CATTGACTAGCGGA","DC"
"CATTGGGACTCGAA","B"
"CATTGTACAGCGTT","CD8 T"
"CATTGTACTCGATG","B"
"CATTGTACTTATCC","CD4 T"
"CATTGTACTTTGCT","Unknown"
"CATTGTTGCTAGTG","Unknown"
"CATTTCGACTCTAT","CD8 T"
"CATTTCGAGATACC","Unknown"
"CATTTGACCACACA","CD8 T"
"CATTTGACCCTGAA","CD8 T"
"CATTTGTGACGACT","B"
"CATTTGTGCATTGG","Unknown"
"CATTTGTGCGGAGA","Unknown"
"CATTTGTGGGATCT","B"
"CCAAAGTGCTACGA","DC"
"CCAAAGTGTGAGAA","Platelet"
"CCAACCTGAAGTAG","Unknown"
"CCAACCTGACGTAC","DC"
"CCAACCTGTTCGCC","Unknown"
"CCAAGAACCCAATG","NK"
"CCAAGAACGTAGCT","Unknown"
"CCAAGAACGTGTCA","Unknown"
"CCAAGAACTACTGG","Unknown"
"CCAAGAACTCCTAT","B"
"CCAAGATGTCATTC","NK"
"CCAAGATGTTTCAC","CD8 T"
"CCAAGTGAGGAACG","Unknown"
"CCAAGTGATCAAGC","NK"
"CCAATTTGAACGTC","DC"
"CCACCATGAACGTC","NK"
"CCACCATGATCGGT","B"
"CCACCATGGACGAG","Unknown"
"CCACCATGGGGAGT","Unknown"
"CCACCATGTCCTGC","NK"
"CCACTGACCCGCTT","DC"
"CCACTGTGGGAAGC","Platelet"
"CCACTGTGTGTAGC","NK"
"CCACTTCTCGGGAA","DC"
"CCAGAAACCCTGTC","B"
"CCAGAAACGAACTC","Unknown"
"CCAGAAACGGTCTA","CD8 T"
"CCAGACCTCTGAGT","DC"
"CCAGACCTTGTGGT","Unknown"
"CCAGCACTGCGATT","Platelet"
"CCAGCGGAAAGGCG","DC"
"CCAGCGGACGACTA","Unknown"
"CCAGCGGATGGGAG","NK"
"CCAGCTACACAGTC","NK"
"CCAGCTACCAGCTA","B"
"CCAGGTCTACACCA","B"
"CCAGGTCTAGCATC","DC"
"CCAGGTCTATGGTC","Unknown"
"CCAGTCACACTGGT","DC"
"CCAGTCACACTGTG","B"
"CCAGTCACGTTGTG","CD8 T"
"CCAGTGCTAACCAC","CD4 T"
"CCAGTGCTCGTAGT","Unknown"
"CCATCCGAAAGCAA","CD8 T"
"CCATCCGAACGACT","Unknown"
"CCATCCGAAGGTTC","B"
"CCATCCGATTCGCC","Unknown"
"CCATCGTGAACGGG","NK"
"CCATCGTGCTAGAC","Unknown"
"CCCAACACCTCGCT","B"
"CCCAACACGCATCA","NK"
"CCCAACACTTTGTC","DC"
"CCCAACTGCAATCG","Unknown"
"CCCAGACTGCCTTC","Unknown"
"CCCAGACTGGTTTG","B"
"CCCAGACTTTCGCC","B"
"CCCAGTTGCAGTTG","DC"
"CCCAGTTGGGTACT","NK"
"CCCAGTTGTCTATC","Unknown"
"CCCGATTGTGTTTC","CD8 T"
"CCCGGAGAAGGGTG","DC"
"CCCTACGAATTGGC","DC"
"CCCTAGTGCAAAGA","Unknown"
"CCCTCAGACACTTT","B"
"CCCTCAGACGAGAG","Unknown"
"CCCTCAGAGGTCAT","NK"
"CCCTGAACTAAAGG","B"
"CCCTGATGCAACCA","NK"
"CCCTGATGCAAGCT","B"
"CCCTTACTAACCAC","Unknown"
"CCCTTACTGCAGTT","NK"
"CCGAAAACCTTGTT","Unknown"
"CCGACACTGGTTTG","CD4 T"
"CCGACTACCCAGTA","DC"
"CCGACTACCGTGTA","Unknown"
"CCGACTACTGAGGG","CD8 T"
"CCGATAGACCTAAG","Unknown"
"CCGATAGAGTTGGT","DC"
"CCGCGAGACACACA","DC"
"CCGCGAGAGGTTCA","Unknown"
"CCGCTATGGGACGA","B"
"CCGCTATGTGCAAC","DC"
"CCGCTATGTGCACA","DC"
"CCGGTACTGTCCTC","Unknown"
"CCGTACACAAGCAA","Unknown"
"CCGTACACAGCGTT","B"
"CCGTACACGTCATG","CD8 T"
"CCGTACACGTTGGT","DC"
"CCGTACACTAACGC","NK"
"CCTAAACTTTCGTT","NK"
"CCTAAGGACCCAAA","Unknown"
"CCTAAGGACTAGCA","DC"
"CCTAAGGAGGGCAA","Unknown"
"CCTAAGGATGATGC","Unknown"
"CCTAAGGATGTCAG","Unknown"
"CCTACCGACTCTTA","Unknown"
"CCTACCGAGGGATG","B"
"CCTAGAGAGGTGAG","B"
"CCTATAACCAAAGA","Unknown"
"CCTATAACGAGACG","Platelet"
"CCTATAACTCAGAC","B"
"CCTATAACTGCATG","Unknown"
"CCTCGAACACTTTC","Unknown"
"CCTCGAACCCGTAA","Unknown"
"CCTCGAACGTATCG","NK"
"CCTCGAACTTACTC","Unknown"
"CCTCTACTCTTCGC","DC"
"CCTCTACTGGCATT","Unknown"
"CCTGACTGAAGTAG","CD8 T"
"CCTGACTGGGGAGT","CD8 T"
"CCTGACTGTGTCTT","B"
"CCTGCAACACGTTG","B"
"CCTGGACTCGTGAT","CD4 T"
"CCTTAATGCCCAAA","B"
"CCTTAATGTTCTAC","Unknown"
"CCTTCACTACGACT","NK"
"CCTTCACTCAGTCA","B"
"CCTTCACTGGAGTG","DC"
"CCTTTAGATTCATC","DC"
"CGAACATGCCCTAC","DC"
"CGAACATGTCAGAC","Unknown"
"CGAAGACTGGAACG","NK"
"CGAAGACTGTTACG","Unknown"
"CGAAGGGAAACCTG","Unknown"
"CGAAGGGATCCGAA","B"
"CGAAGTACCAACTG","B"
"CGAATCGAGGAGCA","DC"
"CGAATCGAGGAGGT","CD4 T"
"CGACAAACCCATAG","Unknown"
"CGACAAACCGACAT","B"
"CGACCACTAAAGTG","Unknown"
"CGACCACTGCCAAT","Unknown"
"CGACCGGAAGGTCT","NK"
"CGACCGGATGGAAA","NK"
"CGACCTTGCTAGTG","Unknown"
"CGACGTCTATCGTG","NK"
"CGACGTCTCGTGTA","CD4 T"
"CGACGTCTGAGGCA","NK"
"CGACTCACGTCGTA","Unknown"
"CGACTCACGTTGCA","CD8 T"
"CGACTCTGTGTGAC","Unknown"
"CGACTGCTTCCTCG","DC"
"CGAGAACTAAGGCG","Unknown"
"CGAGAACTACGTTG","B"
"CGAGAACTTGTTCT","DC"
"CGAGATTGGACACT","Unknown"
"CGAGATTGGCCATA","CD8 T"
"CGAGCCGAACACCA","NK"
"CGAGCCGAGGCGAA","Unknown"
"CGAGCGTGCTCCAC","CD8 T"
"CGAGCGTGGATACC","Unknown"
"CGAGCGTGTATGCG","DC"
"CGAGGAGACCTCCA","B"
"CGAGGAGATGTCGA","NK"
"CGAGGCACCTATGG","Unknown"
"CGAGGCACTATGCG","DC"
"CGAGGCACTCTTCA","CD8 T"
"CGAGGCTGACGCTA","Unknown"
"CGAGGCTGGCAGTT","DC"
"CGAGGGCTACGACT","B"
"CGAGGGCTCGAATC","CD8 T"
"CGAGTATGTCACCC","Platelet"
"CGATACGAACAGTC","DC"
"CGATACGACAGGAG","DC"
"CGATACGATTCACT","B"
"CGATAGACCCGTAA","DC"
"CGATAGACCGTACA","CD4 T"
"CGATAGACGTAGGG","DC"
"CGATAGACTGTTCT","Unknown"
"CGATCAGAAGAACA","Unknown"
"CGATCAGAGAGGGT","NK"
"CGATCAGAGGTACT","CD4 T"
"CGATCAGATGTGAC","Unknown"
"CGATCCACCGGGAA","Unknown"
"CGATCCACTTCCAT","B"
"CGCAAATGCTCGAA","Unknown"
"CGCAACCTCCTTGC","Unknown"
"CGCAACCTGGACGA","Unknown"
"CGCACGGAGGACGA","B"
"CGCACGGATCTTTG","Unknown"
"CGCACTACAGAATG","B"
"CGCACTACAGCCAT","CD4 T"
"CGCACTACATTGGC","Unknown"
"CGCACTACTCGCCT","B"
"CGCACTACTCGTGA","Unknown"
"CGCACTTGTCACGA","DC"
"CGCAGGACAGATCC","CD8 T"
"CGCAGGACCTACTT","Unknown"
"CGCAGGACTTGTCT","Unknown"
"CGCAGGTGCACTGA","B"
"CGCAGGTGCCATAG","Unknown"
"CGCAGGTGGGAACG","DC"
"CGCATAGATCACGA","DC"
"CGCCATACTGCAAC","Unknown"
"CGCCATTGAGAGGC","Unknown"
"CGCCATTGCTATGG","Unknown"
"CGCCATTGGAGACG","NK"
"CGCCATTGGAGCAG","B"
"CGCCATTGTACTGG","B"
"CGCCGAGAGCTTAG","Unknown"
"CGCCTAACGAATGA","Unknown"
"CGCCTAACTGCTCC","Unknown"
"CGCGAGACACAGCT","CD8 T"
"CGCGAGACAGGTCT","B"
"CGCGAGACGCTACA","Unknown"
"CGCGATCTCAGTCA","DC"
"CGCGATCTGTTGAC","DC"
"CGCGATCTTTCTTG","B"
"CGCGGATGGCCAAT","Unknown"
"CGCTAAGAATGTCG","CD4 T"
"CGCTAAGACAACTG","Unknown"
"CGCTAAGACCCTTG","Unknown"
"CGCTACTGAACAGA","Unknown"
"CGCTACTGAGAACA","NK"
"CGCTACTGTGAGCT","Unknown"
"CGCTACTGTTCCCG","NK"
"CGCTCATGCATTTC","DC"
"CGGAATTGGTTTGG","Unknown"
"CGGAATTGTGGAGG","NK"
"CGGACCGATGCGTA","CD8 T"
"CGGACCGATGGGAG","NK"
"CGGACTCTAAACAG","B"
"CGGACTCTCCAATG","Unknown"
"CGGACTCTCCTCGT","Unknown"
"CGGAGGCTATTCCT","Unknown"
"CGGAGGCTTGGATC","Unknown"
"CGGATAACAACGAA","DC"
"CGGATAACAGCTCA","B"
"CGGATAACTCAGTG","DC"
"CGGCACGAACTCAG","NK"
"CGGCACGAAGGGTG","Unknown"
"CGGCACGACTACGA","Unknown"
"CGGCATCTTAGAAG","NK"
"CGGCATCTTCGTAG","DC"
"CGGCCAGAAAGGTA","NK"
"CGGCCAGAGAGGCA","Unknown"
"CGGCGAACCAGTCA","Unknown"
"CGGCGAACGACAAA","Unknown"
"CGGCGAACGGTCTA","Unknown"
"CGGCGAACTACTTC","Unknown"
"CGGGACTGCGTGTA","Unknown"
"CGGGACTGGAATAG","Unknown"
"CGGGCATGACCCAA","Unknown"
"CGGGCATGTCTCTA","NK"
"CGGGCATGTTGTGG","Unknown"
"CGGTAAACTCGCAA","CD8 T"
"CGGTCACTGTTTGG","NK"
"CGGTCACTTACTTC","Unknown"
"CGTAACGATCGCCT","CD4 T"
"CGTACCACACACAC","CD4 T"
"CGTACCACACGTTG","Unknown"
"CGTACCACCTCATT","CD4 T"
"CGTACCACGGAGCA","NK"
"CGTACCTGGCATCA","Unknown"
"CGTAGCCTCTCTCG","DC"
"CGTAGCCTGCGAAG","Unknown"
"CGTAGCCTGTATGC","DC"
"CGTCAAGAAAGGTA","Unknown"
"CGTCAAGAACGTGT","Unknown"
"CGTCAAGACAGAGG","CD4 T"
"CGTCAAGACAGGAG","NK"
"CGTCCATGCTCTTA","Unknown"
"CGTCGACTTTCCGC","Unknown"
"CGTGATGACGCTAA","Unknown"
"CGTGATGAGGTTCA","NK"
"CGTGCACTTATGGC","Unknown"
"CGTGTAGAAAAACG","CD4 T"
"CGTGTAGACGATAC","NK"
"CGTGTAGAGTTACG","Unknown"
"CGTGTAGAGTTCAG","DC"
"CGTGTAGATTCGGA","Unknown"
"CGTTAGGAAACCAC","NK"
"CGTTAGGATCATTC","DC"
"CGTTATACCCTGAA","CD8 T"
"CGTTTAACTGGTCA","CD4 T"
"CTAAACCTCTGACA","Unknown"
"CTAAACCTGTGCAT","B"
"CTAACACTAACGTC","Unknown"
"CTAACACTAGTGCT","DC"
"CTAACGGAACCGAT","NK"
"CTAACGGATTTCTG","Unknown"
"CTAACTACGGCAAG","CD8 T"
"CTAAGGACACCATG","Unknown"
"CTAAGGACCGTTAG","Unknown"
"CTAAGGACGCCATA","DC"
"CTAAGGTGCCTAAG","B"
"CTAAGGTGTTGCAG","NK"
"CTAAGGTGTTTCTG","CD8 T"
"CTAATAGAGCTATG","CD8 T"
"CTAATGCTTGTGGT","DC"
"CTACAACTCCCGTT","Unknown"
"CTACCTCTCAACCA","NK"
"CTACGCACACCTAG","Unknown"
"CTACGCACTCTCCG","NK"
"CTACGCACTGGTCA","Unknown"
"CTACGGCTTTCTTG","DC"
"CTACTATGAACCAC","DC"
"CTACTATGATGTGC","DC"
"CTACTATGCTAAGC","CD8 T"
"CTACTATGTAAAGG","B"
"CTACTCCTATGTCG","NK"
"CTACTCCTGCCATA","Platelet"
"CTAGAGACACTTTC","NK"
"CTAGAGACAGCATC","Unknown"
"CTAGAGACTTTGGG","Unknown"
"CTAGATCTCTCTAT","Unknown"
"CTAGATCTTCGACA","Unknown"
"CTAGGATGAGCCTA","B"
"CTAGGATGATCGTG","B"
"CTAGGCCTCTCAGA","NK"
"CTAGGTGATGGTTG","B"
"CTAGTTACCAGAGG","Unknown"
"CTAGTTACCGCATA","CD4 T"
"CTAGTTACGAAACA","Unknown"
"CTATAAGATCGTTT","B"
"CTATACTGAGGTTC","DC"
"CTATACTGCCAGTA","Unknown"
"CTATACTGCGCTAA","DC"
"CTATACTGCTACGA","NK"
"CTATACTGTCTCAT","Unknown"
"CTATACTGTTCGTT","Unknown"
"CTATAGCTGTCACA","CD8 T"
"CTATAGCTTCGCTC","DC"
"CTATAGCTTGCCTC","DC"
"CTATCAACGAACTC","Unknown"
"CTATCAACGCAGAG","Unknown"
"CTATCAACTTTGGG","Unknown"
"CTATCCCTCCACCT","DC"
"CTATGTACGAGAGC","Unknown"
"CTATGTACGCTTAG","CD4 T"
"CTATGTACTGTTTC","B"
"CTATGTTGAAAGCA","Unknown"
"CTATGTTGTCCTCG","Unknown"
"CTATGTTGTCTCGC","CD4 T"
"CTATTGACAAACGA","DC"
"CTATTGACACTGGT","DC"
"CTATTGACGGTGAG","DC"
"CTATTGTGGCAAGG","NK"
"CTCAATTGGTTCAG","NK"
"CTCAATTGGTTGCA","DC"
"CTCAGAGATAGAAG","Unknown"
"CTCAGCACTCTAGG","Unknown"
"CTCAGCACTGAACC","Platelet"
"CTCAGCACTTGCAG","Unknown"
"CTCAGCTGAACCTG","DC"
"CTCAGCTGCAGTTG","CD8 T"
"CTCAGGCTCGTTGA","Platelet"
"CTCAGGCTGCTAAC","NK"
"CTCATTGACCTTAT","Unknown"
"CTCATTGATGCTTT","Unknown"
"CTCCACGAGAGATA","DC"
"CTCCATCTCTTAGG","Unknown"
"CTCCATCTGACGAG","NK"
"CTCCGAACAAGTGA","Platelet"
"CTCCTACTGCCTTC","DC"
"CTCGAAGATGTGGT","CD8 T"
"CTCGAAGATTAGGC","DC"
"CTCGACTGCTCTAT","Unknown"
"CTCGACTGGGTGAG","Unknown"
"CTCGACTGGTTGAC","Unknown"
"CTCGAGCTCTGGAT","Unknown"
"CTCGCATGACTTTC","CD8 T"
"CTCGCATGCTTAGG","NK"
"CTCTAAACCTCGAA","Unknown"
"CTCTAAACGGCGAA","Unknown"
"CTCTAATGTCCAAG","DC"
"CTGAACGACAGTCA","CD4 T"
"CTGAACGATGAGGG","CD4 T"
"CTGAAGACCCAACA","Unknown"
"CTGAAGACGTGCAT","B"
"CTGAAGTGAAGCCT","Unknown"
"CTGAAGTGCAGCTA","Unknown"
"CTGAAGTGGCTATG","CD4 T"
"CTGAAGTGTCCAGA","NK"
"CTGAATCTGAATAG","Unknown"
"CTGACAGAATCGTG","CD8 T"
"CTGACCACAGCAAA","NK"
"CTGAGAACCGGGAA","Unknown"
"CTGAGAACGTAAAG","Unknown"
"CTGATACTAGTAGA","Unknown"
"CTGATTTGGTGTTG","DC"
"CTGCAGCTAACCGT","Unknown"
"CTGCAGCTGACACT","Unknown"
"CTGCAGCTGGATTC","Unknown"
"CTGCAGCTTGGCAT","NK"
"CTGCCAACAGGAGC","CD8 T"
"CTGCCAACCAGCTA","Unknown"
"CTGCCAACTAACCG","Platelet"
"CTGCCAACTGCTCC","NK"
"CTGCCAACTTGCAG","Unknown"
"CTGCCAACTTGCTT","CD8 T"
"CTGCGACTCCACCT","CD8 T"
"CTGGAAACAAACGA","CD8 T"
"CTGGAAACATCGAC","NK"
"CTGGATGACTGGAT","Unknown"
"CTGGATGACTTGTT","Unknown"
"CTGGATGATGTGAC","B"
"CTGGCACTCAAGCT","DC"
"CTGTAACTAACCAC","Unknown"
"CTGTAACTAGCGTT","NK"
"CTGTATACGTAAAG","CD8 T"
"CTGTATACGTACGT","Unknown"
"CTGTATACGTTGGT","Unknown"
"CTGTGAGACAACCA","Unknown"
"CTGTGAGACCTTGC","Unknown"
"CTGTGAGACGAACT","DC"
"CTGTGAGACTGTAG","DC"
"CTTAAAGAACCTGA","Unknown"
"CTTAACACCTGTAG","NK"
"CTTAACACTATCGG","B"
"CTTAAGCTACCTAG","Unknown"
"CTTAAGCTAGTACC","CD8 T"
"CTTAAGCTCATCAG","NK"
"CTTAAGCTCCGCTT","Unknown"
"CTTACAACTAACGC","CD4 T"
"CTTACAACTCCCGT","DC"
"CTTACTGACGTACA","Unknown"
"CTTAGACTAAACGA","Unknown"
"CTTAGGGACTTGCC","CD4 T"
"CTTAGGGAGAATCC","Unknown"
"CTTATCGACTCATT","CD4 T"
"CTTCACCTACCTGA","DC"
"CTTCATGAAGCATC","B"
"CTTCATGAAGTACC","Unknown"
"CTTCATGACCGAAT","NK"
"CTTGAACTACGCAT","Unknown"
"CTTGATTGAGGTTC","Unknown"
"CTTGATTGATCTTC","DC"
"CTTGATTGCATTCT","Unknown"
"CTTGATTGTTTCGT","NK"
"CTTGTATGACACCA","B"
"CTTGTATGCGCAAT","B"
"CTTTACGAGCGAAG","Unknown"
"CTTTAGACCGTGAT","Unknown"
"CTTTAGACGAGACG","Unknown"
"CTTTAGACGATACC","Unknown"
"CTTTAGACGTTGGT","CD8 T"
"CTTTAGACTCATTC","CD8 T"
"CTTTAGTGACGGGA","Unknown"
"CTTTAGTGGGTGGA","NK"
"CTTTCAGAGAAACA","B"
"CTTTGATGAGCACT","Unknown"
"CTTTGATGTCTAGG","CD8 T"
"CTTTGATGTGTCCC","Unknown"
"CTTTGATGTGTGGT","CD4 T"
"GAAACAGAACTACG","Unknown"
"GAAACAGAATCACG","Unknown"
"GAAACAGACATTCT","Unknown"
"GAAACCTGATCGTG","CD4 T"
"GAAACCTGATGCCA","Unknown"
"GAAACCTGCTTATC","NK"
"GAAACCTGGACTAC","Platelet"
"GAAACCTGTGCTAG","Unknown"
"GAAAGATGATTTCC","NK"
"GAAAGATGCTGATG","Platelet"
"GAAAGATGCTTCGC","DC"
"GAAAGATGTAAGGA","Unknown"
"GAAAGCCTACGTTG","B"
"GAAAGTGAAAGTGA","Unknown"
"GAAAGTGACCACAA","DC"
"GAAAGTGACTCAAG","Unknown"
"GAAATACTACCAAC","CD4 T"
"GAAATACTCTTAGG","B"
"GAAATACTTCCTCG","NK"
"GAACACACGTGCAT","DC"
"GAACACACTGCCTC","Unknown"
"GAACAGCTAACTGC","Unknown"
"GAACAGCTCTCAGA","Unknown"
"GAACCAACCACAAC","CD8 T"
"GAACCAACTTCCGC","Unknown"
"GAACCTGAACGTGT","Unknown"
"GAACCTGAGAGACG","Unknown"
"GAACCTGATGAACC","Unknown"
"GAACGGGATACTTC","Unknown"
"GAACTGTGACCTGA","Platelet"
"GAACTGTGCCAGTA","DC"
"GAAGAATGCAATCG","CD8 T"
"GAAGCGGACCTATT","DC"
"GAAGCTACGAATGA","DC"
"GAAGCTACGGTTTG","CD4 T"
"GAAGGGTGAAAGTG","NK"
"GAAGGGTGCTTAGG","DC"
"GAAGGTCTGAAAGT","Unknown"
"GAAGGTCTGTTGCA","Unknown"
"GAAGGTCTTAAAGG","Unknown"
"GAAGTAGACTCCCA","NK"
"GAAGTAGATCCAAG","Unknown"
"GAAGTCACCCTCGT","DC"
"GAAGTCACCCTGTC","B"
"GAAGTCTGTCGCAA","B"
"GAAGTCTGTTCTGT","NK"
"GAAGTGCTAAACGA","Unknown"
"GAAGTGCTCCGCTT","Unknown"
"GAAGTGCTTAACCG","Unknown"
"GAATGCACCCTAAG","B"
"GAATGCACCTTCGC","Unknown"
"GAATGCTGCGGTAT","Unknown"
"GAATTAACGATAAG","B"
"GAATTAACGGTCAT","Unknown"
"GAATTAACGTCGTA","Unknown"
"GAATTAACTGAAGA","B"
"GACAACACAGGCGA","Unknown"
"GACAACACATCGTG","Unknown"
"GACAACACTCGCCT","CD8 T"
"GACAACTGAGGTTC","Unknown"
"GACAGGGAAGAGTA","B"
"GACAGGGAATGCCA","NK"
"GACAGTACGAGCTT","Unknown"
"GACAGTACTTCGGA","DC"
"GACAGTTGAGTAGA","B"
"GACATTCTCCACCT","Unknown"
"GACCAAACGACTAC","Unknown"
"GACCAAACGTATCG","DC"
"GACCCTACTAAAGG","B"
"GACCTAGACCTCAC","CD8 T"
"GACCTAGACGAGAG","Unknown"
"GACCTCACAAGGTA","CD8 T"
"GACCTCACGTACGT","DC"
"GACCTCTGCATCAG","Unknown"
"GACGAACTCCCACT","Unknown"
"GACGATTGCCAATG","B"
"GACGCCGACCTTCG","CD4 T"
"GACGCTCTCTCTCG","Platelet"
"GACGGCACACGGGA","Unknown"
"GACGGCACGAGATA","DC"
"GACGTAACCTATGG","Unknown"
"GACGTAACCTGTGA","Unknown"
"GACGTAACTATGGC","Unknown"
"GACGTATGTTGACG","Unknown"
"GACGTATGTTTGCT","CD8 T"
"GACGTCCTACGGAG","Unknown"
"GACGTCCTCTCAAG","DC"
"GACGTCCTGATAAG","B"
"GACTACGATGGTCA","B"
"GACTCCTGCTCGCT","NK"
"GACTCCTGGGTTAC","CD8 T"
"GACTCCTGTTATCC","Unknown"
"GACTCCTGTTGGTG","DC"
"GACTGAACCAATCG","DC"
"GACTGATGTGATGC","Unknown"
"GACTTTACATGCCA","B"
"GACTTTACGACAGG","B"
"GAGAAATGTTCTCA","B"
"GAGATAGAAAAAGC","DC"
"GAGATCACGACAAA","Unknown"
"GAGATGCTCTGGAT","CD8 T"
"GAGATGCTGAATGA","CD4 T"
"GAGCAGGATTCCCG","CD8 T"
"GAGCATACTTTGCT","Platelet"
"GAGCGCACGCGTAT","DC"
"GAGCGCACGGTGAG","CD8 T"
"GAGCGCTGAAGATG","Unknown"
"GAGCGCTGTCTTAC","DC"
"GAGCGGCTGGGAGT","B"
"GAGGACGACTCAGA","CD8 T"
"GAGGATCTGAAAGT","B"
"GAGGCAGACTTGCC","Unknown"
"GAGGGAACACCAGT","Unknown"
"GAGGGAACGAGGGT","NK"
"GAGGGATGGGAAAT","Unknown"
"GAGGGCCTTCACCC","CD4 T"
"GAGGGTGAAGAGTA","Unknown"
"GAGGTACTACGGTT","CD8 T"
"GAGGTACTACTCAG","DC"
"GAGGTACTGACACT","NK"
"GAGGTACTGGGAGT","NK"
"GAGGTACTTAGCGT","DC"
"GAGGTGGAGTACGT","NK"
"GAGGTGGATCCTCG","Unknown"
"GAGGTTACTCGTTT","DC"
"GAGGTTTGTAAGCC","Platelet"
"GAGTCAACCATTCT","Unknown"
"GAGTCAACGGGAGT","Unknown"
"GAGTCTGATCGTGA","CD8 T"
"GAGTCTGATTTGGG","B"
"GAGTGACTCAGCTA","Unknown"
"GAGTGACTCGGTAT","Unknown"
"GAGTGACTCTTGCC","B"
"GAGTGACTGACTAC","B"
"GAGTGACTGTCTAG","Unknown"
"GAGTGGGAGTCTTT","B"
"GAGTGGGATGCCCT","Unknown"
"GAGTGGGATGCTGA","B"
"GAGTGTTGCTGTAG","CD4 T"
"GAGTGTTGTGGTCA","Unknown"
"GAGTTGTGCATGGT","DC"
"GAGTTGTGCTGAGT","CD8 T"
"GAGTTGTGGCGAGA","DC"
"GAGTTGTGGTAGCT","Platelet"
"GAGTTGTGTATGCG","Platelet"
"GATAAGGAGAAACA","DC"
"GATAAGGATTCACT","DC"
"GATACTCTATCGGT","NK"
"GATACTCTTACTTC","NK"
"GATACTCTTGACTG","DC"
"GATAGAGAAGGGTG","NK"
"GATAGAGACTGTGA","CD4 T"
"GATAGAGATCACGA","DC"
"GATAGCACCCATAG","Unknown"
"GATAGCACGAAGGC","Unknown"
"GATAGCACTTGTCT","CD8 T"
"GATATAACAAGGTA","CD4 T"
"GATATAACACGCAT","NK"
"GATATATGCTGGAT","NK"
"GATATATGTCCGTC","CD8 T"
"GATATATGTGGAGG","DC"
"GATATCCTAGAAGT","Unknown"
"GATATCCTCCCGTT","DC"
"GATATTGACAGGAG","B"
"GATATTGACGAGTT","Platelet"
"GATATTGAGCCAAT","B"
"GATCCCTGACCTTT","NK"
"GATCCCTGTGTAGC","CD8 T"
"GATCCGCTGGTCAT","DC"
"GATCGAACCGAGAG","NK"
"GATCGATGACTAGC","B"
"GATCGATGGTAAAG","B"
"GATCGATGTAAGGA","DC"
"GATCGTGACACTAG","Unknown"
"GATCGTGATTCACT","Unknown"
"GATCTACTGGTGAG","CD8 T"
"GATCTACTTTGCAG","B"
"GATCTTACACCCAA","Platelet"
"GATCTTACCCTACC","NK"
"GATCTTACGAATAG","Unknown"
"GATCTTACGAGATA","DC"
"GATGCAACTCCAGA","Unknown"
"GATGCCCTACGTAC","NK"
"GATGCCCTCTCATT","Unknown"
"GATGCCCTGGCAAG","DC"
"GATGCCCTTTTGCT","CD4 T"
"GATTACCTTGTTCT","CD8 T"
"GATTCGGAACGACT","Unknown"
"GATTCGGACAGGAG","DC"
"GATTCGGAGAAGGC","Platelet"
"GATTCTTGATTCGG","DC"
"GATTCTTGCCGATA","DC"
"GATTCTTGCGAGTT","B"
"GATTGGACCCGTTC","B"
"GATTGGACGGTGTT","B"
"GATTGGACTTTCGT","B"
"GATTGGTGTGTCAG","Unknown"
"GATTTAGACACTCC","Platelet"
"GATTTAGACTAAGC","B"
"GATTTAGATTCGTT","DC"
"GATTTGCTAACGAA","NK"
"GATTTGCTAACGGG","DC"
"GCAACCCTCCTCGT","Unknown"
"GCAACTGATTGCGA","Unknown"
"GCAAGACTACTGGT","Unknown"
"GCAAGACTAGGTCT","NK"
"GCAAGACTCCCTTG","B"
"GCAATCGACTGCAA","CD8 T"
"GCAATCGAGACGTT","Unknown"
"GCAATCGATCCTTA","Unknown"
"GCAATTCTCGTGTA","Unknown"
"GCAATTCTTCTCCG","NK"
"GCACAAACAATGCC","NK"
"GCACAAACGGTACT","Unknown"
"GCACAATGGTGCAT","Unknown"
"GCACACCTGTGCTA","Unknown"
"GCACCACTCATGAC","DC"
"GCACCACTGTTTGG","Platelet"
"GCACCACTTCCTTA","NK"
"GCACCACTTTCGGA","DC"
"GCACCTACGCGATT","NK"
"GCACCTTGGCTGTA","Unknown"
"GCACCTTGGGGAGT","Unknown"
"GCACGGACCAGCTA","Unknown"
"GCACGGTGACCTCC","Unknown"
"GCACGGTGCTATGG","DC"
"GCACTAGAACGGGA","NK"
"GCACTAGAAGATGA","B"
"GCACTAGACCTTTA","Unknown"
"GCACTAGACGTAAC","B"
"GCACTAGAGTCGTA","NK"
"GCACTAGATGCAAC","Unknown"
"GCACTGCTGAGGCA","CD8 T"
"GCAGATACAGCGTT","NK"
"GCAGATACGACGGA","CD4 T"
"GCAGATACGCAGAG","Unknown"
"GCAGCCGACAGTCA","Unknown"
"GCAGCGTGCACTCC","Unknown"
"GCAGCTCTCAATCG","NK"
"GCAGCTCTGTTTCT","Unknown"
"GCAGGGCTAAGAAC","Unknown"
"GCAGGGCTAAGGGC","CD4 T"
"GCAGGGCTATCGAC","Unknown"
"GCAGGGCTTGGGAG","CD8 T"
"GCAGTCCTAACTGC","Unknown"
"GCAGTCCTCTCTTA","Unknown"
"GCATCAGATGCGTA","NK"
"GCATGTGACAAGCT","Unknown"
"GCATTGGAGAAGGC","Unknown"
"GCCAAAACGAGGCA","CD8 T"
"GCCAAATGATCGAC","Unknown"
"GCCAACCTACGGTT","B"
"GCCAACCTCGCCTT","NK"
"GCCACGGAGGCGAA","DC"
"GCCACGGATACTGG","Unknown"
"GCCACTACGTCTTT","Unknown"
"GCCCAACTACCGAT","CD8 T"
"GCCCAACTATGGTC","Unknown"
"GCCCATACAGCGTT","DC"
"GCCGACGAACTCTT","DC"
"GCCGAGTGCGTTGA","NK"
"GCCGGAACGAACTC","Unknown"
"GCCGGAACGTTCTT","Unknown"
"GCCGGAACTGCACA","Unknown"
"GCCGGAACTTACTC","CD4 T"
"GCCGTACTACCTGA","Unknown"
"GCCGTACTGGCAAG","DC"
"GCCTACACAGTTCG","Unknown"
"GCCTACACCACTGA","Platelet"
"GCCTACACCTTGAG","Unknown"
"GCCTAGCTACGGAG","B"
"GCCTAGCTCTATTC","Unknown"
"GCCTAGCTTCTCAT","Unknown"
"GCCTAGCTTCTCTA","Platelet"
"GCCTCAACCATGGT","Unknown"
"GCCTCAACTCTTTG","Unknown"
"GCCTCATGTCTTAC","NK"
"GCCTGACTCTCAAG","DC"
"GCGAAGGAACTCTT","CD8 T"
"GCGAAGGATGCCAA","Unknown"
"GCGAGAGAGGGACA","Unknown"
"GCGAGCACTGTCGA","B"
"GCGAGCACTTGACG","Unknown"
"GCGAGCACTTGCTT","Unknown"
"GCGATATGGTACGT","Unknown"
"GCGATATGGTGTTG","Unknown"
"GCGCACGAAGTCGT","CD4 T"
"GCGCACGACTTTAC","DC"
"GCGCATCTAGGTCT","Unknown"
"GCGCATCTGGTTAC","Unknown"
"GCGCATCTTCGATG","CD8 T"
"GCGCATCTTGCTCC","Unknown"
"GCGCATCTTTCTAC","Unknown"
"GCGCGAACGTTCTT","B"
"GCGCGATGAACGGG","NK"
"GCGCGATGGTGCAT","NK"
"GCGGAGCTCCTGAA","Unknown"
"GCGGCAACCCGATA","Unknown"
"GCGGCAACGGAGGT","B"
"GCGGCAACTGTCGA","DC"
"GCGTAAACACGGTT","Unknown"
"GCGTAATGCACCAA","DC"
"GCGTATGAACACCA","NK"
"GCGTATGATGAGAA","DC"
"GCTACAGAAAGGTA","Unknown"
"GCTACAGAATCTTC","B"
"GCTACCTGAGAAGT","DC"
"GCTACCTGATCACG","Unknown"
"GCTACGCTAGAATG","Unknown"
"GCTACGCTAGCTAC","CD8 T"
"GCTACGCTCCCTAC","Unknown"
"GCTAGAACAGAGGC","B"
"GCTAGAACGGATCT","Unknown"
"GCTAGAACTCCCGT","Unknown"
"GCTAGATGAGCTCA","DC"
"GCTAGATGGCGATT","CD8 T"
"GCTATACTAAGGCG","Unknown"
"GCTATACTAGCGTT","CD8 T"
"GCTATACTCTCTTA","Unknown"
"GCTATACTGGACGA","Unknown"
"GCTCAAGAACCATG","Unknown"
"GCTCAAGAAGTCAC","Platelet"
"GCTCAGCTGTCTAG","NK"
"GCTCCATGAGAAGT","Unknown"
"GCTCCATGCCGAAT","Unknown"
"GCTCGACTCTAGTG","DC"
"GCTGATGAGGTATC","Unknown"
"GCTTAACTACAGTC","DC"
"GCTTAACTACTGGT","Unknown"
"GCTTAACTGCTGAT","NK"
"GCTTAACTTAGACC","Unknown"
"GCTTAACTTCAGTG","Unknown"
"GGAACACTCACTTT","DC"
"GGAACACTTCAGAC","Unknown"
"GGAACTACTACTTC","Unknown"
"GGAACTTGAAGGTA","DC"
"GGAACTTGAGAATG","CD8 T"
"GGAACTTGCTCCAC","DC"
"GGAACTTGGGTAGG","Unknown"
"GGAAGGACATCGGT","DC"
"GGAAGGACCACTAG","B"
"GGAAGGACGAGGGT","Unknown"
"GGAAGGACGCGAAG","CD8 T"
"GGAAGGTGGCGAGA","Unknown"
"GGAATCTGAAGGGC","NK"
"GGAATCTGAGGAGC","Unknown"
"GGAATCTGCTTAGG","B"
"GGAATCTGCTTGTT","DC"
"GGAATCTGGGAGGT","Unknown"
"GGAATGCTTTCTAC","Unknown"
"GGACAGGAAAGGGC","NK"
"GGACAGGAGTGCTA","Unknown"
"GGACAGGATCTCGC","CD8 T"
"GGACCCGAAGCTAC","DC"
"GGACCGTGCTTACT","DC"
"GGACCGTGGGAACG","Unknown"
"GGACCGTGTAACGC","Unknown"
"GGACCTCTGTAAGA","DC"
"GGACCTCTTTTCTG","Unknown"
"GGACGAGAGTGTCA","DC"
"GGACGCTGACGCAT","NK"
"GGACGCTGCTAGCA","Unknown"
"GGACGCTGTCCTCG","Unknown"
"GGAGAGACGTGAGG","B"
"GGAGCAGATTCAGG","B"
"GGAGCCACCTTCTA","B"
"GGAGCGCTACGCAT","Unknown"
"GGAGCGCTCCGAAT","Unknown"
"GGAGGATGCCACCT","Unknown"
"GGAGGATGGTTGAC","DC"
"GGAGGATGTCAGTG","Unknown"
"GGAGGCCTCGTTGA","Unknown"
"GGAGGCCTTTCTTG","Unknown"
"GGAGGTGATACGCA","Unknown"
"GGAGGTGATCGCTC","CD4 T"
"GGATACTGCAGCTA","Unknown"
"GGATACTGTCTAGG","B"
"GGATAGCTCGTCTC","CD4 T"
"GGATAGCTCTGAAC","Unknown"
"GGATGTACCAAAGA","B"
"GGATGTACGCGAAG","Unknown"
"GGATGTACGTCTTT","Platelet"
"GGATGTACGTGTCA","CD8 T"
"GGATTTCTAGGTTC","NK"
"GGATTTCTTTGTCT","DC"
"GGCAAGGAAAAAGC","Unknown"
"GGCAAGGAAGAAGT","Unknown"
"GGCAAGGACTTGGA","DC"
"GGCAAGGAGGACTT","Unknown"
"GGCAATACGCTAAC","B"
"GGCAATACGGCATT","NK"
"GGCAATACGTTTCT","B"
"GGCACGTGGCTTAG","Unknown"
"GGCACTCTTTTGTC","CD4 T"
"GGCATATGCTTATC","NK"
"GGCATATGGGGAGT","Platelet"
"GGCATATGTGTGAC","Unknown"
"GGCCACGACAGAGG","NK"
"GGCCAGACTGGTTG","Unknown"
"GGCCCAGAAAGTAG","Unknown"
"GGCCGAACAACGAA","Unknown"
"GGCCGAACGCAGAG","Unknown"
"GGCCGAACGTAGGG","CD4 T"
"GGCCGAACTCTAGG","NK"
"GGCCGATGCAGGAG","B"
"GGCCGATGCCGAAT","CD4 T"
"GGCCGATGTACTCT","Unknown"
"GGCGACACTGCCCT","Unknown"
"GGCGACTGCGTAAC","Unknown"
"GGCGCATGCCTAAG","Platelet"
"GGCGCATGCTCCAC","Unknown"
"GGCGCATGTGGAAA","CD4 T"
"GGCGGACTAGAGGC","B"
"GGCGGACTAGGAGC","CD4 T"
"GGCGGACTCTGACA","Unknown"
"GGCGGACTCTTGGA","CD8 T"
"GGCGGACTTACTGG","Unknown"
"GGCGGACTTGAACC","NK"
"GGCTAAACACCTGA","NK"
"GGCTAAACTCTTAC","Unknown"
"GGCTAATGAGCACT","CD8 T"
"GGCTAATGGTCTAG","Unknown"
"GGCTCACTACTCAG","DC"
"GGGAACGAAGCTCA","Unknown"
"GGGAACGACACAAC","B"
"GGGAACGAGTGTCA","DC"
"GGGAAGTGTTGAGC","Unknown"
"GGGACCACACGTTG","Unknown"
"GGGACCACAGAACA","Unknown"
"GGGACCACGAATAG","Unknown"
"GGGACCACGTCATG","Unknown"
"GGGACCACTCAAGC","Unknown"
"GGGACCACTCGTGA","Platelet"
"GGGACCACTGCATG","CD8 T"
"GGGACCTGACCCTC","DC"
"GGGACCTGCTTGCC","NK"
"GGGACCTGTGGAGG","B"
"GGGATGGACGACAT","B"
"GGGATGGATACTTC","CD4 T"
"GGGATGGATGGTTG","DC"
"GGGATTACGTCTAG","Unknown"
"GGGCAAGATGCATG","DC"
"GGGCACACGGTGAG","Unknown"
"GGGCACACGTTGCA","NK"
"GGGCAGCTTGGGAG","NK"
"GGGCAGCTTTTCTG","Unknown"
"GGGCCAACCTTGGA","Unknown"
"GGGCCAACGCGTTA","B"
"GGGCCAACTACGCA","DC"
"GGGCCAACTCCAAG","B"
"GGGCCATGATGGTC","NK"
"GGGCCATGTTGACG","Unknown"
"GGGTAACTCAGCTA","Unknown"
"GGGTAACTCTAGTG","B"
"GGGTAACTCTGGAT","Unknown"
"GGGTTAACGTGCAT","Unknown"
"GGTAAAGAGCTAAC","CD8 T"
"GGTACAACTGCAAC","Unknown"
"GGTACATGAAAGCA","B"
"GGTACATGAGCTCA","NK"
"GGTACATGCGGTAT","Unknown"
"GGTACATGGTTACG","Unknown"
"GGTACATGTGGGAG","NK"
"GGTACTGAACTCTT","DC"
"GGTAGTACACCACA","CD8 T"
"GGTAGTACACTAGC","DC"
"GGTAGTACCCTGTC","Unknown"
"GGTAGTACGCCATA","DC"
"GGTAGTACTGTCTT","CD8 T"
"GGTATCGAGACAAA","B"
"GGTATCGATGAACC","B"
"GGTCAAACCAAAGA","Unknown"
"GGTCTAGAGAAACA","DC"
"GGTCTAGATAGCGT","Unknown"
"GGTGATACCGACTA","B"
"GGTGATACGACTAC","DC"
"GGTGATACTGTTTC","NK"
"GGTGGAGAAACGGG","NK"
"GGTGGAGAAGTAGA","Unknown"
"GGTGGAGACAGATC","NK"
"GGTGGAGATCGATG","Unknown"
"GGTGGAGATCTCTA","DC"
"GGTGGAGATTACTC","Unknown"
"GGTTTACTACGCAT","CD8 T"
"GTAACGTGACCTCC","DC"
"GTAACGTGATCGGT","B"
"GTAACGTGCAGCTA","B"
"GTAACGTGGTTGAC","B"
"GTAAGCACAACGGG","Unknown"
"GTAAGCACTCATTC","B"
"GTAAGCTGGTACCA","DC"
"GTAATAACCTTCTA","DC"
"GTAATAACGTTGTG","Unknown"
"GTACCCTGACAGTC","Platelet"
"GTACCCTGGAGCTT","Unknown"
"GTACCCTGTCCTTA","NK"
"GTACCCTGTGAACC","NK"
"GTACGTGAACGTTG","CD8 T"
"GTACTTTGTCGACA","Unknown"
"GTAGACTGAGATGA","DC"
"GTAGACTGTATTCC","Unknown"
"GTAGCAACAGTCGT","DC"
"GTAGCAACCATTTC","B"
"GTAGCAACGGTAGG","DC"
"GTAGCATGCACTCC","B"
"GTAGCATGTAAGCC","Unknown"
"GTAGCCCTGACGTT","Unknown"
"GTAGCTGAAGCTAC","Unknown"
"GTAGCTGAATTCGG","CD4 T"
"GTAGGTACACGGGA","DC"
"GTAGTGACCTCATT","Unknown"
"GTAGTGTGAGCGGA","NK"
"GTAGTGTGAGGCGA","DC"
"GTAGTGTGTGGTTG","Unknown"
"GTATCACTGGTAGG","DC"
"GTATCTACAGAAGT","Unknown"
"GTATCTACGACGAG","CD8 T"
"GTATCTACGTTACG","B"
"GTATTAGAAACAGA","B"
"GTATTAGAGGTCTA","NK"
"GTATTCACACAGCT","CD8 T"
"GTATTCACGGGTGA","CD8 T"
"GTCAACGACACTGA","Unknown"
"GTCAACGAGTGTAC","DC"
"GTCAATCTACACCA","CD8 T"
"GTCAATCTGTAGCT","Unknown"
"GTCAATCTTGTGGT","CD4 T"
"GTCACCTGCCTCCA","NK"
"GTCACCTGTCCCGT","CD8 T"
"GTCATACTAATCGC","B"
"GTCATACTGCGATT","Unknown"
"GTCATACTTCGCCT","Platelet"
"GTCATACTTTACCT","CD8 T"
"GTCATACTTTGACG","Unknown"
"GTCCAAGAAAAACG","Unknown"
"GTCCACTGACCTCC","Unknown"
"GTCCACTGGGTACT","Unknown"
"GTCCAGCTACGGGA","NK"
"GTCCCATGTGGTGT","DC"
"GTCGAATGAAGGCG","Unknown"
"GTCGACCTGAATGA","Unknown"
"GTCGACCTGTTCAG","Unknown"
"GTCGCACTTGAGAA","B"
"GTCTAACTGGTCTA","Unknown"
"GTCTAGGAGCTTCC","DC"
"GTGAACACACTCTT","B"
"GTGAACACTCAGGT","CD4 T"
"GTGACCCTTAAGCC","CD8 T"
"GTGATGACAAGTGA","Unknown"
"GTGATGACCTGAGT","B"
"GTGATGACGGTTTG","B"
"GTGATTCTCATTTC","Unknown"
"GTGATTCTCTCTCG","DC"
"GTGATTCTGGTTCA","Unknown"
"GTGATTCTGTCGAT","Unknown"
"GTGATTCTTAGCGT","B"
"GTGCCACTCAGGAG","DC"
"GTGGATTGCACTAG","Platelet"
"GTGGATTGCGGAGA","Unknown"
"GTGGATTGTAACGC","Unknown"
"GTGTACGATCAGTG","NK"
"GTGTAGTGGGTACT","NK"
"GTGTATCTAGCCTA","B"
"GTGTATCTAGTAGA","Unknown"
"GTGTATCTGTTACG","B"
"GTGTCAGAAGCGTT","NK"
"GTTAAAACCGAGAG","NK"
"GTTAAATGCTCGAA","CD8 T"
"GTTAAATGTCGACA","B"
"GTTAACCTAGCTAC","NK"
"GTTAACCTTGCTTT","Unknown"
"GTTAGGTGCACTCC","Unknown"
"GTTAGGTGCCAGTA","DC"
"GTTAGGTGCCCAAA","Platelet"
"GTTAGGTGGAACTC","B"
"GTTAGTCTAAGAAC","CD8 T"
"GTTATAGAGGACAG","CD8 T"
"GTTATGCTTTCATC","B"
"GTTCAACTGGGACA","Unknown"
"GTTCAACTTATGCG","CD8 T"
"GTTGACGAGCCCTT","Unknown"
"GTTGACGATATCGG","NK"
"GTTGAGTGGTCTTT","DC"
"GTTGAGTGTGCTTT","Unknown"
"GTTGATCTGGGACA","B"
"GTTGATCTTTTCAC","Unknown"
"GTTGGATGTTTACC","Platelet"
"GTTGTACTATTCCT","DC"
"GTTGTACTTTTGGG","B"
"GTTTAAGACCATGA","DC"
"GTTTAAGACTGTCC","CD8 T"
"TAAACAACCAACCA","Unknown"
"TAAACAACGAATCC","B"
"TAAAGACTCAGGAG","Unknown"
"TAAATCGATGAGGG","NK"
"TAACAATGTGCCCT","B"
"TAACACCTTCGCTC","DC"
"TAACACCTTCGTAG","DC"
"TAACACCTTGTTTC","Platelet"
"TAACATGACACTAG","Unknown"
"TAACCGGACTTACT","Unknown"
"TAACGTCTCAACCA","DC"
"TAACGTCTCATTGG","Unknown"
"TAACTAGAATTTCC","Unknown"
"TAACTAGACTTAGG","Unknown"
"TAACTAGATCTGGA","Unknown"
"TAACTCACGAGGAC","DC"
"TAACTCACGTACAC","B"
"TAACTCACGTATCG","DC"
"TAACTCACTCTACT","Unknown"
"TAAGAACTGTGTCA","DC"
"TAAGAGGACTAAGC","B"
"TAAGAGGACTTGTT","Unknown"
"TAAGATACGGTTCA","Platelet"
"TAAGATTGCGTAGT","NK"
"TAAGATTGTTGCTT","NK"
"TAAGCGTGAGGTTC","DC"
"TAAGCGTGGACAAA","DC"
"TAAGCGTGGGAAAT","Unknown"
"TAAGCGTGTGCTCC","Unknown"
"TAAGGCTGCCATGA","CD8 T"
"TAAGGCTGCTGCTC","Unknown"
"TAAGGCTGTCTCGC","DC"
"TAAGGGCTGCTGTA","B"
"TAAGGGCTTTACTC","Unknown"
"TAAGTAACCGAGAG","B"
"TAAGTAACCTCCAC","B"
"TAAGTAACCTGTAG","Unknown"
"TAAGTAACTTGTCT","CD8 T"
"TAATGATGAGCGGA","Unknown"
"TAATGCCTCATGAC","Unknown"
"TAATGCCTCGTCTC","Unknown"
"TAATGTGAAGATGA","Unknown"
"TAATGTGACTGCAA","Unknown"
"TAATGTGATTACTC","CD8 T"
"TACAAATGGGTACT","NK"
"TACAATGAAAACAG","DC"
"TACAATGACTTAGG","Unknown"
"TACAATGATGCTAG","CD8 T"
"TACACACTCACACA","CD4 T"
"TACACACTCTTACT","Unknown"
"TACATAGAACGCAT","Unknown"
"TACATCACACGGGA","Unknown"
"TACATCACCTGTTT","Unknown"
"TACATCACGCTAAC","B"
"TACATCACTGAACC","Platelet"
"TACCATTGAGGTTC","B"
"TACCATTGCGGGAA","DC"
"TACCATTGGGGATG","DC"
"TACCATTGTGAGGG","DC"
"TACCGGCTGTTGGT","Unknown"
"TACGAGTGATCTCT","Unknown"
"TACGAGTGATGCTG","DC"
"TACGAGTGCGGAGA","Unknown"
"TACGAGTGGTTGGT","B"
"TACGATCTAGTGTC","Unknown"
"TACGATCTCACTGA","DC"
"TACGATCTTACGAC","NK"
"TACGCAGAGAATCC","NK"
"TACGCCACATTCCT","Unknown"
"TACGCCACTCCCAC","Unknown"
"TACGCCACTCCGAA","B"
"TACGGAACGCGTTA","B"
"TACGGCCTGGGACA","NK"
"TACGTACTACGGAG","NK"
"TACGTACTCAGTTG","Unknown"
"TACGTACTCCCGTT","B"
"TACGTTACAGAAGT","Unknown"
"TACGTTACCAAGCT","DC"
"TACTAAGAAAGGTA","Unknown"
"TACTAAGAATCACG","NK"
"TACTAAGATGATGC","DC"
"TACTAAGATTGCGA","Unknown"
"TACTACACGAGAGC","CD4 T"
"TACTACACTTACCT","B"
"TACTACTGAACCTG","DC"
"TACTACTGATGTCG","Unknown"
"TACTACTGATTCTC","Unknown"
"TACTACTGTATGGC","NK"
"TACTCAACGGTCTA","DC"
"TACTCAACTGCTAG","B"
"TACTCCCTCAGTTG","CD4 T"
"TACTCTGAATCGAC","NK"
"TACTCTGACGAGTT","NK"
"TACTCTGATTGACG","B"
"TACTGGGATCGATG","B"
"TACTGTTGAAAGCA","Unknown"
"TACTGTTGAGGCGA","Unknown"
"TACTGTTGCTGAAC","DC"
"TACTTGACTCCTCG","CD8 T"
"TACTTGACTGGTGT","B"
"TACTTTCTTTTGGG","CD8 T"
"TAGAAACTAATCGC","Unknown"
"TAGAAACTGCTTCC","DC"
"TAGAAACTGGGATG","NK"
"TAGAATTGCGACAT","B"
"TAGAATTGTATCGG","B"
"TAGACGTGCTTGAG","Unknown"
"TAGACGTGTCGCTC","Unknown"
"TAGAGCACCTTACT","B"
"TAGATTGACTTGTT","B"
"TAGATTGAGGCATT","Unknown"
"TAGCATCTCAGCTA","Unknown"
"TAGCATCTCCCTCA","CD8 T"
"TAGCATCTGCTGTA","Platelet"
"TAGCATCTGGGACA","Unknown"
"TAGCATCTTGTCGA","Unknown"
"TAGCCCACAAAAGC","CD4 T"
"TAGCCCACAGCCAT","NK"
"TAGCCCACAGCTAC","NK"
"TAGCCCACCCACAA","NK"
"TAGCCCTGCGGAGA","Unknown"
"TAGCCGCTTACGAC","Unknown"
"TAGCCGCTTACTTC","CD8 T"
"TAGCCGCTTTCCAT","DC"
"TAGCTACTGAATAG","B"
"TAGCTACTGTAGCT","NK"
"TAGCTACTTTTGCT","CD8 T"
"TAGGACTGTGCTGA","Unknown"
"TAGGAGCTAAGGCG","B"
"TAGGAGCTGAGGGT","NK"
"TAGGAGCTTGCATG","B"
"TAGGCAACCGTCTC","B"
"TAGGCATGCTCTCG","Unknown"
"TAGGCATGGCGAGA","CD8 T"
"TAGGCTGATGCCTC","DC"
"TAGGGACTGAACTC","Unknown"
"TAGGTCGACACTGA","Unknown"
"TAGGTCGAGGATCT","B"
"TAGGTGACACACTG","NK"
"TAGGTGACACGTTG","Unknown"
"TAGGTGTGTTCTGT","Unknown"
"TAGGTTCTGAAGGC","Unknown"
"TAGGTTCTTCTTAC","Platelet"
"TAGGTTCTTGCTGA","DC"
"TAGTAAACCTCGCT","NK"
"TAGTAAACGTCACA","NK"
"TAGTAATGAGATCC","B"
"TAGTACCTAAGAAC","Unknown"
"TAGTATGATCTTAC","B"
"TAGTATGATTCTCA","Unknown"
"TAGTCTTGGCTGTA","Unknown"
"TAGTCTTGGGACTT","NK"
"TAGTCTTGTGGAAA","NK"
"TAGTGGTGAAGTGA","NK"
"TAGTTAGAACCACA","Unknown"
"TAGTTAGATGAACC","Unknown"
"TATAAGACAACAGA","NK"
"TATAAGACAGCTCA","Platelet"
"TATAAGTGACACCA","Platelet"
"TATAAGTGTATCGG","DC"
"TATAAGTGTGGTGT","Platelet"
"TATACAGAACCCTC","Unknown"
"TATACAGAAGAACA","NK"
"TATACAGATCCAGA","Unknown"
"TATACCACCTGATG","B"
"TATACGCTACCAAC","Unknown"
"TATAGATGGACGGA","Unknown"
"TATAGATGTTCCGC","Platelet"
"TATCCAACCAGCTA","DC"
"TATCCAACTCTCTA","Unknown"
"TATCGACTACTAGC","NK"
"TATCGACTCGATAC","Unknown"
"TATCGTACAGATGA","CD8 T"
"TATCGTACATTCCT","DC"
"TATCTCGAGAGATA","CD4 T"
"TATCTGACAGGTTC","CD8 T"
"TATCTGACTGTTTC","CD8 T"
"TATCTTCTAAACAG","B"
"TATGAATGGAGGAC","Unknown"
"TATGAATGTTTGCT","Platelet"
"TATGCGGATAACCG","CD4 T"
"TATGGGTGCATCAG","NK"
"TATGGGTGCTAGCA","B"
"TATGGTCTCTACCC","NK"
"TATGTCACGGAACG","B"
"TATGTCACTAACCG","Unknown"
"TATGTCACTTCTCA","B"
"TATGTGCTCCGATA","DC"
"TATGTGCTGGATTC","Unknown"
"TATTGCTGAAGAAC","Platelet"
"TATTGCTGCCGTTC","B"
"TATTGCTGTCTGGA","NK"
"TATTGCTGTGCACA","NK"
"TATTTCCTATTGGC","Unknown"
"TATTTCCTGGAGGT","Unknown"
"TATTTCCTGGTGTT","Unknown"
"TCAACACTGTTTGG","Unknown"
"TCAAGGACAGCGTT","Unknown"
"TCAAGGACATTCTC","CD8 T"
"TCAAGGACGGTGTT","DC"
"TCAATCACACTCTT","Unknown"
"TCAATCACAGTCGT","Platelet"
"TCACAACTATGTGC","Unknown"
"TCACAACTTTGCTT","DC"
"TCACATACACTTTC","CD8 T"
"TCACATACAGGGTG","Unknown"
"TCACCCGAGACGGA","DC"
"TCACCGTGCTCGCT","Platelet"
"TCACCTCTACGACT","Unknown"
"TCACCTCTTCCAAG","Platelet"
"TCACGAGAGGAGGT","B"
"TCACTATGGGGCAA","CD8 T"
"TCACTATGGTTGTG","B"
"TCAGACGACGCTAA","Unknown"
"TCAGACGACGTTAG","Unknown"
"TCAGAGACTCCAGA","Unknown"
"TCAGCAGACTCCAC","NK"
"TCAGCGCTCTAGTG","CD8 T"
"TCAGCGCTGGATCT","B"
"TCAGCGCTGGTATC","CD8 T"
"TCAGGATGAAGTAG","CD4 T"
"TCAGGATGCCTTTA","Platelet"
"TCAGTGGAAGATCC","NK"
"TCAGTTACCTACGA","DC"
"TCAGTTACTAGAAG","Unknown"
"TCATCAACCCGATA","Unknown"
"TCATCAACTGTTCT","Unknown"
"TCATCATGCAGTTG","CD8 T"
"TCATCCCTTACTGG","NK"
"TCATTCGATACAGC","Platelet"
"TCCACGTGGAAACA","Unknown"
"TCCACTCTACACTG","B"
"TCCACTCTGAGCTT","DC"
"TCCACTCTTACTTC","B"
"TCCATAACAAAGTG","Unknown"
"TCCATAACCGTAGT","B"
"TCCATAACGATGAA","Unknown"
"TCCATAACTACGCA","Unknown"
"TCCATCCTCCCTAC","NK"
"TCCCACGATCATTC","CD8 T"
"TCCCATCTCAAAGA","DC"
"TCCCGAACACAGTC","Unknown"
"TCCCGAACTTCGCC","Platelet"
"TCCCGATGAGATCC","CD4 T"
"TCCCGATGCCTGAA","DC"
"TCCCTACTCAACTG","B"
"TCCGAAGACAATCG","DC"
"TCCGAAGACGTTAG","NK"
"TCCGGACTGAGGTG","Unknown"
"TCCGGACTGTACGT","NK"
"TCCTAAACATCGAC","B"
"TCCTAAACCGAGAG","CD4 T"
"TCCTAAACCGCATA","Unknown"
"TCCTAATGGTTTGG","CD8 T"
"TCCTACCTGTCGTA","Unknown"
"TCCTATGAAAAGCA","NK"
"TCGAATCTCTGGTA","Unknown"
"TCGACCTGCCGATA","Platelet"
"TCGACGCTTCTATC","DC"
"TCGACGCTTTGACG","Unknown"
"TCGAGAACGACAGG","Unknown"
"TCGAGAACGTTAGC","Unknown"
"TCGAGCCTATCAGC","Unknown"
"TCGAGCCTGCGAGA","NK"
"TCGAGCCTTGTGAC","Unknown"
"TCGATACTATTCCT","CD8 T"
"TCGATACTTGCACA","Unknown"
"TCGATTTGATGCCA","DC"
"TCGATTTGCACTCC","Unknown"
"TCGATTTGCAGCTA","Unknown"
"TCGATTTGCCTACC","DC"
"TCGATTTGTCGTGA","B"
"TCGCAGCTAGATCC","CD8 T"
"TCGCCATGAGACTC","NK"
"TCGCCATGTGGTCA","B"
"TCGGACCTAACAGA","Unknown"
"TCGGACCTATAAGG","B"
"TCGGACCTGTACAC","Unknown"
"TCGGTAGAGTAGGG","Unknown"
"TCGGTAGATCCCAC","B"
"TCGTAGGATCGACA","NK"
"TCGTTATGGACAAA","B"
"TCTAACACCAGTTG","Unknown"
"TCTAACACGAGCAG","Unknown"
"TCTAACTGAACCAC","NK"
"TCTAAGCTAATGCC","Unknown"
"TCTAAGCTTAGTCG","NK"
"TCTAAGCTTCTAGG","Platelet"
"TCTAAGCTTGTTCT","DC"
"TCTAAGCTTTCGCC","Unknown"
"TCTACAACGACTAC","DC"
"TCTAGACTTAGAAG","DC"
"TCTAGTTGCACCAA","Unknown"
"TCTATGTGAAGAGT","DC"
"TCTATGTGAGTCTG","CD8 T"
"TCTCAAACCTAAGC","B"
"TCTCTAGAATTTCC","CD8 T"
"TCTGATACACGTGT","Unknown"
"TCTGATACTCGCCT","NK"
"TCTTACGAACCTGA","DC"
"TCTTCAGAGCTACA","Unknown"
"TCTTGATGCGGAGA","NK"
"TGAAATTGGTGAGG","DC"
"TGAACCGAAAACGA","Unknown"
"TGAACCGACTACTT","Unknown"
"TGAACCGATTCGGA","Unknown"
"TGAAGCACTCACGA","NK"
"TGAAGCTGAACGAA","Unknown"
"TGAAGCTGCATGGT","Unknown"
"TGAAGCTGCGTAAC","Unknown"
"TGAATAACCACTTT","Unknown"
"TGAATAACTCCCAC","CD8 T"
"TGACACGACCTTAT","B"
"TGACCAGACAACCA","Unknown"
"TGACCAGAGGATTC","CD8 T"
"TGACCGCTAAAAGC","B"
"TGACCGCTCTGCAA","Unknown"
"TGACGATGCAAAGA","DC"
"TGACGCCTGTACCA","Unknown"
"TGACGCCTTTACTC","Unknown"
"TGACTGGAAGAGAT","Unknown"
"TGACTGGACCGTAA","NK"
"TGACTGGACGCAAT","Unknown"
"TGACTGGAGGACAG","B"
"TGACTGGATTCTCA","Unknown"
"TGACTTACACACCA","NK"
"TGACTTACAGTCTG","DC"
"TGACTTTGCGCATA","Unknown"
"TGACTTTGTTTGTC","NK"
"TGAGACACAAGGTA","Unknown"
"TGAGACACTCAAGC","NK"
"TGAGCTGAATGCTG","Platelet"
"TGAGCTGACTGGAT","DC"
"TGAGCTGATGCTAG","DC"
"TGAGGACTCTCATT","DC"
"TGAGGACTTCATTC","Unknown"
"TGAGGTACGAACCT","Platelet"
"TGAGTCGAGTTACG","B"
"TGAGTGACTGAGCT","Unknown"
"TGATAAACGAATCC","Unknown"
"TGATAAACTCCGTC","NK"
"TGATAAACTTTCAC","Unknown"
"TGATACCTCACTAG","DC"
"TGATACCTGTTGGT","Unknown"
"TGATACCTTATGCG","Unknown"
"TGATACCTTGAAGA","Unknown"
"TGATATGAACCTTT","Unknown"
"TGATCACTAGCATC","NK"
"TGATCACTCTCGCT","Unknown"
"TGATCACTTCTACT","B"
"TGATCGGACTGACA","Unknown"
"TGATCGGAGGAGCA","B"
"TGATCGGATATGCG","Unknown"
"TGATTAGACATTGG","Unknown"
"TGATTAGATGACTG","B"
"TGATTAGATGCTAG","CD8 T"
"TGATTCACTATGCG","Unknown"
"TGATTCACTGTCAG","B"
"TGATTCTGCCGAAT","Unknown"
"TGATTCTGCTCTTA","NK"
"TGCAAGTGAGAACA","Unknown"
"TGCAAGTGGGTAGG","DC"
"TGCAATCTTCAGGT","B"
"TGCACAGACGACAT","Unknown"
"TGCCAAGAGCAGTT","Platelet"
"TGCCAAGATCTCTA","CD4 T"
"TGCCACTGAACGTC","CD4 T"
"TGCCACTGCGATAC","NK"
"TGCCAGCTTGGCAT","NK"
"TGCCCAACAGCAAA","NK"
"TGCCCAACCGCATA","Unknown"
"TGCCGACTCTCCCA","B"
"TGCGAAACAGTCAC","B"
"TGCGAAACGTTGCA","B"
"TGCGATGAACGGTT","Unknown"
"TGCGATGACCTCGT","Unknown"
"TGCGATGACTAGTG","B"
"TGCGATGACTGCTC","B"
"TGCGATGACTTGCC","B"
"TGCGATGAGTGCTA","DC"
"TGCGCACTCTTGAG","Unknown"
"TGCGTAGAATAAGG","DC"
"TGCGTAGACGGGAA","B"
"TGCGTAGATGGTCA","Unknown"
"TGCTAGGAAACCGT","CD8 T"
"TGCTAGGATAGTCG","Unknown"
"TGCTATACGGTTCA","DC"
"TGCTATACTGCTGA","NK"
"TGCTGAGAGAGCAG","Unknown"
"TGCTGAGATTATCC","Unknown"
"TGGAAAGACTCTCG","B"
"TGGAAAGAGCGATT","Unknown"
"TGGAAAGAGGTCAT","Unknown"
"TGGAAAGATATGGC","NK"
"TGGAACACAAACAG","Unknown"
"TGGAACACGCTAAC","CD8 T"
"TGGAAGCTCAGATC","Unknown"
"TGGACCCTACACTG","Unknown"
"TGGACCCTCATGGT","NK"
"TGGACCCTGGTACT","Unknown"
"TGGACTGAGTATGC","Unknown"
"TGGAGACTATCAGC","DC"
"TGGAGACTTCAAGC","NK"
"TGGAGACTTGACCA","Unknown"
"TGGAGGGACGGAGA","Unknown"
"TGGAGGGAGCTATG","CD8 T"
"TGGATCGATAAAGG","B"
"TGGATGTGACCTAG","B"
"TGGATGTGTGAAGA","B"
"TGGATTCTCATACG","Unknown"
"TGGCAATGCTTGTT","B"
"TGGCACCTTCACGA","CD8 T"
"TGGCACCTTCAGTG","DC"
"TGGGTATGAAGAGT","Unknown"
"TGGGTATGCACAAC","Unknown"
"TGGGTATGGTACGT","B"
"TGGGTATGTTTGGG","DC"
"TGGTAGACATGCCA","CD4 T"
"TGGTAGACCCTCAC","Unknown"
"TGGTAGACCTGATG","Unknown"
"TGGTAGTGCACTGA","Platelet"
"TGGTATCTAAACAG","Unknown"
"TGGTATCTCTTCCG","NK"
"TGGTCAGACCCAAA","Unknown"
"TGGTTACTGACGTT","DC"
"TGGTTACTGTTCTT","Unknown"
"TGTAACCTAGAGGC","Unknown"
"TGTAACCTTGCCTC","DC"
"TGTAATGACACAAC","NK"
"TGTAATGAGGTAAA","NK"
"TGTACTTGCTCTAT","Platelet"
"TGTAGGTGCGAGAG","B"
"TGTAGGTGCTATGG","CD4 T"
"TGTAGGTGCTCTAT","Unknown"
"TGTAGGTGTGCTGA","Unknown"
"TGTAGTCTTCCAGA","Unknown"
"TGTAGTCTTGCACA","NK"
"TGTATCTGTTAGGC","Unknown"
"TGTATGCTCATGGT","B"
"TGTATGCTGTAGGG","CD8 T"
"TGTATGCTTTCATC","NK"
"TGTCAGGAATACCG","CD8 T"
"TGTCAGGAGATGAA","Platelet"
"TGTCTAACCCCTTG","Unknown"
"TGTGACGATTCTCA","CD8 T"
"TGTGAGACTGTCAG","Platelet"
"TGTGAGACTTGAGC","Unknown"
"TGTGAGTGACCACA","NK"
"TGTGAGTGAGTGCT","Platelet"
"TGTGAGTGGAGATA","Unknown"
"TGTGATCTCTCTAT","B"
"TGTGATCTGACACT","B"
"TGTGGATGGCCAAT","B"
"TGTTAAGACAAAGA","DC"
"TGTTAAGATAAGGA","Unknown"
"TGTTACACCGCATA","Unknown"
"TGTTACACGACTAC","Unknown"
"TGTTACTGGCTACA","CD8 T"
"TGTTACTGTAGTCG","Unknown"
"TTAACCACCGTAAC","Unknown"
"TTAACCACTAAGGA","Unknown"
"TTAACCACTCAGAC","Unknown"
"TTACACACGTGTTG","Unknown"
"TTACACACTCCTAT","B"
"TTACCATGAATCGC","DC"
"TTACCATGGTTGAC","Unknown"
"TTACCATGTGTCTT","NK"
"TTACCATGTTGTGG","B"
"TTACGACTGAGAGC","NK"
"TTACGACTTGACAC","DC"
"TTACGTACGTTCAG","Platelet"
"TTACTCGAAGAATG","DC"
"TTACTCGACGCAAT","Unknown"
"TTACTCGAGGGTGA","NK"
"TTACTCGATCTACT","Unknown"
"TTAGAATGTGGTGT","Unknown"
"TTAGAATGTGTAGC","CD4 T"
"TTAGACCTCCTACC","NK"
"TTAGACCTCCTTTA","DC"
"TTAGCTACAACCGT","Unknown"
"TTAGCTACTGTCCC","Unknown"
"TTAGCTACTTTCGT","Unknown"
"TTAGGGACGCGAAG","CD8 T"
"TTAGGGTGCTGGAT","B"
"TTAGGGTGTCCTGC","Unknown"
"TTAGGTCTACTTTC","DC"
"TTAGTCACCAGTTG","Unknown"
"TTAGTCTGAAAGCA","B"
"TTAGTCTGCCAACA","Unknown"
"TTAGTCTGTGCACA","Unknown"
"TTATCCGACTAGTG","B"
"TTATCCGAGAAAGT","Unknown"
"TTATGAGAGATAAG","Unknown"
"TTATGCACGTCACA","B"
"TTATGGCTTATGGC","Unknown"
"TTATTCCTATGCTG","DC"
"TTATTCCTGGACAG","B"
"TTATTCCTGGTACT","B"
"TTATTCCTTCGTGA","Unknown"
"TTCAAAGATAAAGG","Unknown"
"TTCAACACAACAGA","Unknown"
"TTCAACACCCCAAA","DC"
"TTCAACACGGACGA","Platelet"
"TTCAAGCTAAGAAC","DC"
"TTCAAGCTAGATGA","NK"
"TTCAAGCTGTTGAC","NK"
"TTCAAGCTTGATGC","Unknown"
"TTCAAGCTTTCGCC","CD8 T"
"TTCACAACCCGTTC","DC"
"TTCACAACGTCTGA","Unknown"
"TTCAGACTACCCAA","Unknown"
"TTCAGACTCTCGAA","Unknown"
"TTCAGTACCGACTA","Unknown"
"TTCAGTACTCAAGC","Unknown"
"TTCAGTACTCCTAT","DC"
"TTCAGTTGCCAAGT","Unknown"
"TTCAGTTGTCCTTA","DC"
"TTCAGTTGTCTAGG","CD8 T"
"TTCAGTTGTCTCGC","B"
"TTCATCGAGGTGGA","DC"
"TTCATGTGTGGTGT","Unknown"
"TTCATTCTATGTCG","DC"
"TTCATTCTTCTCTA","DC"
"TTCCAAACCTATGG","Unknown"
"TTCCAAACCTCCCA","B"
"TTCCAAACTCCCAC","Unknown"
"TTCCAAACTTGACG","Unknown"
"TTCCATGACGAGAG","DC"
"TTCCATGACTGTCC","CD8 T"
"TTCCCACTTGAGGG","NK"
"TTCCCACTTGTCTT","DC"
"TTCCTAGAAAGTGA","Unknown"
"TTCCTAGACTAGTG","Platelet"
"TTCGAGGACTCTAT","Unknown"
"TTCGAGGAGGGCAA","NK"
"TTCGAGGATAGAAG","Unknown"
"TTCGATTGAGCATC","NK"
"TTCGGAGAATGCCA","DC"
"TTCGGAGATGTGCA","CD4 T"
"TTCGTATGAAAAGC","Unknown"
"TTCGTATGGATAGA","CD8 T"
"TTCGTATGGTCTGA","Unknown"
"TTCGTATGTCCTTA","DC"
"TTCTACGAACGTAC","Unknown"
"TTCTACGAGTTGGT","Unknown"
"TTCTAGTGACACGT","Unknown"
"TTCTAGTGCATGAC","DC"
"TTCTAGTGGAGAGC","NK"
"TTCTAGTGGTCACA","Unknown"
"TTCTCAGAAGAGAT","Unknown"
"TTCTCAGAAGCATC","B"
"TTCTCAGATGGAGG","Unknown"
"TTCTGATGGAGACG","NK"
"TTCTTACTCTGGAT","Platelet"
"TTGAACCTCCTTGC","B"
"TTGAATGAACTACG","B"
"TTGAATGACTTACT","Unknown"
"TTGAATGATCTCAT","B"
"TTGACACTCTGTAG","Unknown"
"TTGACACTGATAAG","B"
"TTGAGGACAGAACA","DC"
"TTGAGGACTACGCA","Unknown"
"TTGAGGTGGACGGA","NK"
"TTGCATTGAGCTAC","CD8 T"
"TTGCATTGCTAAGC","DC"
"TTGCATTGTGACTG","Unknown"
"TTGCTAACACCAAC","Unknown"
"TTGCTAACACGCTA","Platelet"
"TTGCTAACCACTCC","Unknown"
"TTGCTATGGTACGT","DC"
"TTGCTATGGTAGGG","Unknown"
"TTGGAGACCAATCG","Unknown"
"TTGGAGACGCTATG","DC"
"TTGGAGACTATGGC","B"
"TTGGGAACTGAACC","B"
"TTGGTACTACTGGT","Unknown"
"TTGGTACTCTTAGG","Unknown"
"TTGGTACTGAATCC","B"
"TTGGTACTGGATTC","B"
"TTGTACACGTTGTG","B"
"TTGTACACTTGCAG","Unknown"
"TTGTAGCTAGCTCA","Unknown"
"TTGTAGCTCTCTTA","B"
"TTGTCATGGACGGA","Unknown"
"TTTAGAGATCCTCG","B"
"TTTAGCTGATACCG","Unknown"
"TTTAGCTGGATACC","DC"
"TTTAGCTGTACTCT","B"
"TTTAGGCTCCTTTA","DC"
"TTTATCCTGTTGTG","Unknown"
"TTTCACGAGGTTCA","Unknown"
"TTTCAGTGGAAGGC","CD8 T"
"TTTCAGTGTCACGA","B"
"TTTCAGTGTCTATC","DC"
"TTTCAGTGTGCAGT","B"
"TTTCCAGAGGTGAG","CD4 T"
"TTTCGAACACCTGA","Unknown"
"TTTCGAACTCTCAT","DC"
"TTTCTACTGAGGCA","B"
"TTTCTACTTCCTCG","B"
"TTTGCATGAGAGGC","B"
"TTTGCATGCCTCAC","Unknown"
