index,prediction,truth
AAACATACAACCAC-1,CD4 T,nan
AAACATTGAGCTAC-1,B,nan
AAACATTGATCAGC-1,CD4 T,nan
AAACCGTGCTTCCG-1,Mono,nan
AAACCGTGTATGCG-1,NK,nan
AAACGCACTGGTAC-1,CD4 T,nan
AAACGCTGACCAGT-1,CD4 T,nan
AAACGCTGGTTCTT-1,CD4 T,nan
AAACGCTGTAGCCA-1,Platelet,nan
AAACGCTGTTTCTG-1,Mono,nan
AAACTTGAAAAACG-1,B,nan
AAACTTGATCCAGA-1,CD4 T,nan
AAAGAGACGAGATA-1,CD4 T,nan
AAAGAGACGCGAGA-1,Mono,nan
AAAGAGACGGACTT-1,CD4 T,nan
AAAGAGACGGCATT-1,CD4 T,nan
AAAGATCTGGGCAA-1,Mono,nan
AAAGCAGAAGCCAT-1,CD4 T,nan
AAAGCAGATATCGG-1,Mono,nan
AAAGCCTGTATGCG-1,CD4 T,nan
AAAGGCCTGTCTAG-1,B,nan
AAAGTTTGATCACG-1,B,nan
AAAGTTTGGGGTGA-1,B,nan
AAAGTTTGTAGAGA-1,CD4 T,nan
AAAGTTTGTAGCGT-1,Mono,nan
AAATCAACAATGCC-1,B,nan
AAATCAACACCAGT-1,CD4 T,nan
AAATCAACCAGGAG-1,CD4 T,nan
AAATCAACCCTATT-1,Mono,nan
AAATCAACGGAAGC-1,CD4 T,nan
AAATCAACTCGCAA-1,CD4 T,nan
AAATCATGACCACA-1,Mono,nan
AAATCCCTCCACAA-1,CD4 T,nan
AAATCCCTGCTATG-1,B,nan
AAATGTTGAACGAA-1,Mono,nan
AAATGTTGCCACAA-1,CD4 T,nan
AAATGTTGTGGCAT-1,Mono,nan
AAATTCGAAGGTTC-1,CD4 T,nan
AAATTCGAATCACG-1,Mono,nan
AAATTCGAGCTGAT-1,Mono,nan
AAATTCGAGGAGTG-1,CD4 T,nan
AAATTCGATTCTCA-1,NK,nan
AAATTGACACGACT-1,CD4 T,nan
AAATTGACTCGCTC-1,CD4 T,nan
AACAAACTCATTTC-1,CD4 T,nan
AACAAACTTTCGTT-1,CD4 T,nan
AACAATACGACGAG-1,CD4 T,nan
AACACGTGCAGAGG-1,CD4 T,nan
AACACGTGGAAAGT-1,CD4 T,nan
AACACGTGGAACCT-1,Mono,nan
AACACGTGGCTACA-1,CD4 T,nan
AACACGTGTACGAC-1,Mono,nan
AACAGCACAAGAGT-1,Mono,nan
AACATTGATGGGAG-1,Mono,nan
AACCAGTGATACCG-1,Mono,nan
AACCCAGATCGCTC-1,CD4 T,nan
AACCGATGCTCCCA-1,CD4 T,nan
AACCGATGGTCATG-1,B,nan
AACCGATGTTCTAC-1,Mono,nan
AACCGCCTAGCGTT-1,CD4 T,nan
AACCGCCTCTACGA-1,Mono,nan
AACCTACTGTGAGG-1,Mono,nan
AACCTACTGTGTTG-1,CD4 T,nan
AACCTTACGAGACG-1,Platelet,nan
AACCTTACGCGAGA-1,NK,nan
AACCTTACTAACGC-1,Mono,nan
AACCTTTGGACGGA-1,CD4 T,nan
AACCTTTGTACGCA-1,Mono,nan
AACGCAACAAGTAG-1,CD4 T,nan
AACGCATGACCCAA-1,CD4 T,nan
AACGCATGCCTTCG-1,CD4 T,nan
AACGCATGTACTTC-1,CD4 T,nan
AACGCCCTCGGGAA-1,CD4 T,nan
AACGCCCTCGTACA-1,NK,nan
AACGCCCTGCTTAG-1,B,nan
AACGCCCTGGCATT-1,CD4 T,nan
AACGTCGAGTATCG-1,NK,nan
AACGTGTGAAAGCA-1,CD4 T,nan
AACGTGTGGCGGAA-1,B,nan
AACGTGTGTCCAAG-1,CD4 T,nan
AACGTGTGTGCTTT-1,CD4 T,nan
AACTACCTTAGAGA-1,CD4 T,nan
AACTCACTCAAGCT-1,Mono,nan
AACTCACTTGGAGG-1,Mono,nan
AACTCGGAAAGTGA-1,CD4 T,nan
AACTCGGAAGGTCT-1,Mono,nan
AACTCTTGCAGGAG-1,CD4 T,nan
AACTGTCTCCCTTG-1,Mono,nan
AACTTGCTACGCTA-1,B,nan
AACTTGCTGGGACA-1,CD4 T,nan
AAGAACGAGTGTTG-1,CD4 T,nan
AAGAAGACGTAGGG-1,B,nan
AAGACAGAAGTCTG-1,B,nan
AAGACAGAGGATCT-1,CD4 T,nan
AAGACAGATTACCT-1,Mono,nan
AAGAGATGGGTAGG-1,B,nan
AAGATGGAAAACAG-1,B,nan
AAGATGGAGAACTC-1,Mono,nan
AAGATGGAGATAAG-1,Mono,nan
AAGATTACAACCTG-1,CD4 T,nan
AAGATTACAGATCC-1,Mono,nan
AAGATTACCCGTTC-1,Mono,nan
AAGATTACCGCCTT-1,Mono,nan
AAGATTACCTCAAG-1,NK,nan
AAGATTACTCCTCG-1,Mono,nan
AAGCAAGAGCGAGA-1,CD4 T,nan
AAGCAAGAGCTTAG-1,Platelet,nan
AAGCAAGAGGTGTT-1,NK,nan
AAGCACTGAGCAAA-1,B,nan
AAGCACTGCATACG-1,CD4 T,nan
AAGCACTGGTTCTT-1,B,nan
AAGCCAACGTGTTG-1,CD4 T,nan
AAGCCATGAACTGC-1,Mono,nan
AAGCCATGACACGT-1,Mono,nan
AAGCCATGCGTGAT-1,CD4 T,nan
AAGCCATGTCTCGC-1,Platelet,nan
AAGCCTGACATGCA-1,CD4 T,nan
AAGCCTGACCGAAT-1,Mono,nan
AAGCGACTCCTCAC-1,Mono,nan
AAGCGACTGTGTCA-1,CD4 T,nan
AAGCGACTTACAGC-1,B,nan
AAGCGACTTTGACG-1,Mono,nan
AAGCGTACGTCTTT-1,CD4 T,nan
AAGGCTTGCGAACT-1,CD4 T,nan
AAGGTCACGGTTAC-1,Mono,nan
AAGGTCACTGTTTC-1,B,nan
AAGGTCACTTCCCG-1,CD4 T,nan
AAGGTCTGACAGTC-1,CD4 T,nan
AAGGTCTGCAGATC-1,Platelet,nan
AAGGTCTGGTATGC-1,Mono,nan
AAGTAACTCTGAAC-1,Mono,nan
AAGTAACTGAGATA-1,B,nan
AAGTAGGATACAGC-1,NK,nan
AAGTATACCGAACT-1,CD4 T,nan
AAGTCCGACTTGTT-1,CD4 T,nan
AAGTCCGATAGAAG-1,CD4 T,nan
AAGTCTCTAGTCGT-1,CD4 T,nan
AAGTCTCTCGGAGA-1,CD4 T,nan
AAGTGGCTTGGAGG-1,B,nan
AAGTTCCTCATTCT-1,Mono,nan
AAGTTCCTTCTTAC-1,CD4 T,nan
AATAAGCTCGAATC-1,CD4 T,nan
AATAAGCTCGTTGA-1,CD4 T,nan
AATACCCTGGACGA-1,B,nan
AATACCCTGGCATT-1,CD4 T,nan
AATACTGAAAGGGC-1,Platelet,nan
AATACTGAATTGGC-1,NK,nan
AATAGGGAACCCTC-1,B,nan
AATAGGGAGAATGA-1,CD4 T,nan
AATCAAACTATCGG-1,Platelet,nan
AATCCGGAATGCTG-1,B,nan
AATCCTACCGGTAT-1,CD4 T,nan
AATCCTTGACGGGA-1,Mono,nan
AATCCTTGGTGAGG-1,NK,nan
AATCGGTGGAACTC-1,CD4 T,nan
AATCGGTGTGCTTT-1,CD4 T,nan
AATCTAGAAAAGTG-1,CD4 T,nan
AATCTAGAATCGGT-1,CD4 T,nan
AATCTCACAGCCTA-1,Mono,nan
AATCTCACTCTAGG-1,CD4 T,nan
AATCTCTGAACAGA-1,CD4 T,nan
AATCTCTGCTTTAC-1,NK,nan
AATGATACACCAAC-1,NK,nan
AATGATACGGTCAT-1,Mono,nan
AATGCGTGACACCA-1,B,nan
AATGCGTGGACGGA-1,Mono,nan
AATGCGTGGCTATG-1,B,nan
AATGGAGAATCGTG-1,Mono,nan
AATGGAGATCCTTA-1,CD4 T,nan
AATGGCTGACACCA-1,B,nan
AATGGCTGCGTGAT-1,CD4 T,nan
AATGGCTGTAAAGG-1,CD4 T,nan
AATGGCTGTACTCT-1,CD4 T,nan
AATGGCTGTGAAGA-1,CD4 T,nan
AATGTAACGGTGGA-1,CD4 T,nan
AATGTAACGTTTGG-1,CD4 T,nan
AATGTCCTCTTCTA-1,CD4 T,nan
AATGTTGACAGTCA-1,CD4 T,nan
AATGTTGAGTTGAC-1,Mono,nan
AATGTTGATCTACT-1,CD4 T,nan
AATTACGAATTCCT-1,Mono,nan
AATTACGACTTCTA-1,CD4 T,nan
AATTACGAGTAGCT-1,Platelet,nan
AATTACGAGTGAGG-1,CD4 T,nan
AATTACGATTGGCA-1,B,nan
AATTCCTGCTCAGA-1,B,nan
AATTGATGTCGCAA-1,Mono,nan
AATTGTGACTTGGA-1,B,nan
ACAAAGGAGGGTGA-1,CD4 T,nan
ACAAATTGATTCTC-1,Mono,nan
ACAAATTGCTCAGA-1,Mono,nan
ACAAATTGTTGCGA-1,NK,nan
ACAACCGAGGGATG-1,NK,nan
ACAACCGAGTTACG-1,CD4 T,nan
ACAAGAGAAGTCGT-1,Mono,nan
ACAAGAGACTTATC-1,CD4 T,nan
ACAAGAGAGTTGAC-1,B,nan
ACAATCCTAACCGT-1,CD4 T,nan
ACAATCCTTAGCGT-1,B,nan
ACAATTGACTGACA-1,CD4 T,nan
ACAATTGATGACTG-1,NK,nan
ACACAGACACCTGA-1,Mono,nan
ACACAGACCATACG-1,CD8 T,nan
ACACCAGAGGGCAA-1,CD4 T,nan
ACACCCTGGTGTTG-1,NK,nan
ACACGAACAGTTCG-1,CD4 T,nan
ACACGATGACGCAT-1,Platelet,nan
ACACGATGATGTGC-1,Mono,nan
ACACGATGTCGTAG-1,CD4 T,nan
ACACGATGTGGTCA-1,CD4 T,nan
ACAGACACGGCATT-1,CD4 T,nan
ACAGACACGTTGTG-1,CD4 T,nan
ACAGCAACACCTAG-1,Mono,nan
ACAGCAACCTCAAG-1,Mono,nan
ACAGGTACCCCACT-1,CD4 T,nan
ACAGGTACGCTGTA-1,CD4 T,nan
ACAGGTACTGGTGT-1,NK,nan
ACAGTCGACCCAAA-1,CD4 T,nan
ACAGTCGACCGATA-1,CD4 T,nan
ACAGTGACTCACCC-1,CD4 T,nan
ACAGTGACTCTATC-1,CD4 T,nan
ACAGTGTGGTCACA-1,CD4 T,nan
ACAGTGTGTTGCGA-1,Mono,nan
ACATCACTCTACTT-1,Mono,nan
ACATGGTGAAGCCT-1,CD4 T,nan
ACATGGTGCAACCA-1,B,nan
ACATGGTGCGAGTT-1,CD4 T,nan
ACATGGTGCGTTGA-1,CD4 T,nan
ACATTCTGGCATAC-1,CD4 T,nan
ACATTCTGGGAACG-1,Mono,nan
ACCAACGACATGCA-1,CD4 T,nan
ACCACAGAAAGTAG-1,CD4 T,nan
ACCACAGAGTTGGT-1,CD4 T,nan
ACCACCTGTGTGCA-1,CD4 T,nan
ACCACGCTACAGCT-1,CD4 T,nan
ACCACGCTACCCAA-1,CD4 T,nan
ACCACGCTGCGAGA-1,CD4 T,nan
ACCACGCTGCTGTA-1,CD4 T,nan
ACCAGCCTGACAGG-1,CD4 T,nan
ACCAGTGAACGGTT-1,B,nan
ACCAGTGAATACCG-1,Mono,nan
ACCAGTGAGGGATG-1,CD4 T,nan
ACCAGTGATGACTG-1,Mono,nan
ACCATTACCTTCTA-1,CD4 T,nan
ACCATTACGAGATA-1,CD4 T,nan
ACCATTTGTCATTC-1,CD4 T,nan
ACCCAAGAACTGTG-1,NK,nan
ACCCAAGAATTCCT-1,Platelet,nan
ACCCAAGAGGACAG-1,CD4 T,nan
ACCCAAGATTCACT-1,B,nan
ACCCACTGCGCCTT-1,Mono,nan
ACCCACTGGACAGG-1,CD4 T,nan
ACCCACTGGTTCAG-1,Platelet,nan
ACCCACTGTCGTAG-1,Mono,nan
ACCCAGCTCAGAAA-1,CD4 T,nan
ACCCAGCTGTTAGC-1,Mono,nan
ACCCAGCTTGCTTT-1,CD4 T,nan
ACCCGTTGATGACC-1,B,nan
ACCCGTTGCTGCAA-1,CD4 T,nan
ACCCGTTGCTTCTA-1,Platelet,nan
ACCCTCGACCTATT-1,CD4 T,nan
ACCCTCGACGGTAT-1,B,nan
ACCCTCGATAAGGA-1,Mono,nan
ACCCTCGATCAAGC-1,Mono,nan
ACCGTGCTACCAGT-1,CD4 T,nan
ACCGTGCTGGAACG-1,B,nan
ACCTATTGCTGAGT-1,B,nan
ACCTATTGTGCCCT-1,Mono,nan
ACCTCCGAGTCCTC-1,CD4 T,nan
ACCTCCGATATGCG-1,CD4 T,nan
ACCTCCGATGCTGA-1,CD4 T,nan
ACCTCGTGAACCAC-1,CD4 T,nan
ACCTGAGATATCGG-1,Platelet,nan
ACCTGGCTAAGTAG-1,NK,nan
ACCTGGCTGTCTTT-1,Platelet,nan
ACCTTTGACTCCCA-1,Mono,nan
ACCTTTGAGGAACG-1,Mono,nan
ACCTTTGAGGAAGC-1,Mono,nan
ACGAACACCTTGTT-1,NK,nan
ACGAACTGGCTATG-1,Platelet,nan
ACGAAGCTCTCCAC-1,Platelet,nan
ACGAAGCTCTGAGT-1,B,nan
ACGACCCTATCTCT-1,Mono,nan
ACGACCCTGATGAA-1,CD4 T,nan
ACGACCCTTGACAC-1,B,nan
ACGACCCTTGACCA-1,CD4 T,nan
ACGAGGGACAGGAG-1,Mono,nan
ACGAGGGACGAACT-1,CD4 T,nan
ACGAGGGATGTAGC-1,CD4 T,nan
ACGAGTACCCTAAG-1,B,nan
ACGAGTACGAATCC-1,B,nan
ACGATCGAGGACTT-1,NK,nan
ACGATCGAGTCACA-1,Mono,nan
ACGATGACAATGCC-1,CD4 T,nan
ACGATGACTGGTCA-1,CD4 T,nan
ACGATTCTACGGGA-1,CD4 T,nan
ACGCAATGGTTCAG-1,NK,nan
ACGCACCTGTTAGC-1,B,nan
ACGCCACTGAACTC-1,Mono,nan
ACGCCGGAAACCAC-1,Mono,nan
ACGCCGGAAAGCCT-1,CD4 T,nan
ACGCCGGAAATGCC-1,CD4 T,nan
ACGCCTTGCTCCCA-1,Mono,nan
ACGCGGTGGCGAGA-1,CD4 T,nan
ACGCGGTGTGTGGT-1,B,nan
ACGCGGTGTTTGCT-1,NK,nan
ACGCTCACAGTACC-1,CD4 T,nan
ACGCTCACCCTTGC-1,CD4 T,nan
ACGCTGCTGTTCTT-1,NK,nan
ACGGAACTCAGATC-1,NK,nan
ACGGAACTGTCGTA-1,Mono,nan
ACGGAGGACTCTTA-1,Mono,nan
ACGGATTGGGAGGT-1,B,nan
ACGGATTGGTTAGC-1,CD4 T,nan
ACGGCTCTGAGCAG-1,CD4 T,nan
ACGGCTCTTGCACA-1,CD4 T,nan
ACGGTAACCGCTAA-1,CD4 T,nan
ACGGTAACCTTCGC-1,CD4 T,nan
ACGGTAACGGTGGA-1,Platelet,nan
ACGGTAACTCGCAA-1,Platelet,nan
ACGGTATGAGTCGT-1,Mono,nan
ACGGTATGGGTATC-1,B,nan
ACGGTATGGTTGTG-1,B,nan
ACGGTCCTAACGGG-1,CD4 T,nan
ACGGTCCTCGGGAA-1,Platelet,nan
ACGTAGACAACCAC-1,CD4 T,nan
ACGTAGACTACAGC-1,B,nan
ACGTCAGAAACGAA-1,CD4 T,nan
ACGTCAGAGAGCTT-1,Mono,nan
ACGTCAGAGGGATG-1,CD4 T,nan
ACGTCCTGATAAGG-1,Mono,nan
ACGTCCTGTGAACC-1,Mono,nan
ACGTCGCTCCTGAA-1,NK,nan
ACGTCGCTCTATTC-1,Mono,nan
ACGTCGCTTCTCAT-1,B,nan
ACGTGATGCCATGA-1,Mono,nan
ACGTGATGGGTCTA-1,CD4 T,nan
ACGTGATGTAACCG-1,Mono,nan
ACGTGATGTGACAC-1,NK,nan
ACGTGCCTCCGTAA-1,CD4 T,nan
ACGTGCCTTCTATC-1,Platelet,nan
ACGTTACTTTCCAT-1,CD4 T,nan
ACGTTGGAAAAGCA-1,CD4 T,nan
ACGTTGGAAACCTG-1,CD4 T,nan
ACGTTGGACCGTAA-1,Mono,nan
ACGTTGGAGCCAAT-1,NK,nan
ACGTTGGATATGGC-1,B,nan
ACGTTGGATCAGGT-1,Mono,nan
ACGTTTACATCAGC-1,CD4 T,nan
ACTAAAACCCACAA-1,CD4 T,nan
ACTAAAACTCGACA-1,Mono,nan
ACTACGGAATTTCC-1,CD4 T,nan
ACTACGGACCTATT-1,CD4 T,nan
ACTACGGATCGCTC-1,CD4 T,nan
ACTACTACTAAGGA-1,CD4 T,nan
ACTAGGTGGAACCT-1,Platelet,nan
ACTAGGTGGAACTC-1,CD4 T,nan
ACTATCACCTTGGA-1,CD4 T,nan
ACTATCACTGCCAA-1,CD4 T,nan
ACTCAGGACTGAAC-1,CD4 T,nan
ACTCAGGATCTATC-1,B,nan
ACTCAGGATTCGTT-1,Mono,nan
ACTCCTCTCAACTG-1,CD4 T,nan
ACTCGCACGAAAGT-1,Mono,nan
ACTCGCACTACGAC-1,Mono,nan
ACTCTCCTGACACT-1,CD4 T,nan
ACTCTCCTGCATAC-1,Platelet,nan
ACTCTCCTGTTTGG-1,CD4 T,nan
ACTGAGACAACCAC-1,Platelet,nan
ACTGAGACCCATAG-1,Mono,nan
ACTGAGACGTTGGT-1,B,nan
ACTGCCACACACGT-1,CD4 T,nan
ACTGCCACTCCGTC-1,NK,nan
ACTGGCCTTCAGTG-1,NK,nan
ACTGTGGACGTGTA-1,B,nan
ACTGTGGATCTAGG-1,B,nan
ACTGTTACCCACAA-1,Mono,nan
ACTGTTACTGCAGT-1,CD4 T,nan
ACTTAAGAACCACA-1,CD4 T,nan
ACTTAAGACCACAA-1,CD4 T,nan
ACTTAAGATTACTC-1,Mono,nan
ACTTAGCTGCGTAT-1,Mono,nan
ACTTAGCTGGGAGT-1,CD4 T,nan
ACTTCAACAAGCAA-1,CD4 T,nan
ACTTCAACGTAGGG-1,NK,nan
ACTTCCCTTTCCGC-1,CD4 T,nan
ACTTCTGACATGCA-1,B,nan
ACTTGACTCCACAA-1,B,nan
ACTTGGGAGAAAGT-1,Mono,nan
ACTTGGGAGGTTTG-1,CD4 T,nan
ACTTGGGATGTGAC-1,Mono,nan
ACTTGGGATTGACG-1,Mono,nan
ACTTGTACCCGAAT-1,CD4 T,nan
ACTTGTACCTGTCC-1,CD4 T,nan
ACTTTGTGCGATAC-1,Platelet,nan
ACTTTGTGGAAAGT-1,CD4 T,nan
ACTTTGTGGATAGA-1,Mono,nan
AGAAACGAAAGTAG-1,B,nan
AGAAAGTGCGCAAT-1,CD4 T,nan
AGAAAGTGGGGATG-1,Mono,nan
AGAACAGAAATGCC-1,NK,nan
AGAACAGACGACTA-1,B,nan
AGAACAGAGACAAA-1,CD4 T,nan
AGAACGCTTTGCTT-1,CD4 T,nan
AGAAGATGTGACTG-1,CD4 T,nan
AGAATGGAAGAAGT-1,CD4 T,nan
AGAATTTGTAACCG-1,CD4 T,nan
AGAATTTGTAGAGA-1,CD4 T,nan
AGACACACTGTAGC-1,CD4 T,nan
AGACACTGTCAAGC-1,Mono,nan
AGACCTGAAGTAGA-1,Mono,nan
AGACCTGACCAACA-1,CD4 T,nan
AGACCTGAGGAAGC-1,CD4 T,nan
AGACGTACAGAGGC-1,CD4 T,nan
AGACGTACCCCTAC-1,B,nan
AGACGTACCTCTTA-1,Mono,nan
AGACGTACTCGTGA-1,Mono,nan
AGACTGACCATCAG-1,CD4 T,nan
AGACTGACCCTTTA-1,CD4 T,nan
AGACTTCTCATGCA-1,B,nan
AGAGATGACAGTCA-1,B,nan
AGAGATGACTGAAC-1,CD4 T,nan
AGAGATGAGGTTTG-1,Mono,nan
AGAGATGATCTCGC-1,B,nan
AGAGATGATTGTGG-1,CD4 T,nan
AGAGCGGAGGCAAG-1,Mono,nan
AGAGGTCTACAGCT-1,CD4 T,nan
AGAGTCTGGTCGTA-1,Mono,nan
AGAGTGCTCAGCTA-1,CD4 T,nan
AGAGTGCTCGAATC-1,CD4 T,nan
AGAGTGCTGTCATG-1,CD4 T,nan
AGAGTGCTGTCCTC-1,CD4 T,nan
AGAGTGCTGTGTTG-1,B,nan
AGATATACCCGTAA-1,NK,nan
AGATATACGATGAA-1,CD4 T,nan
AGATATACTGTTCT-1,B,nan
AGATATTGCCTACC-1,CD4 T,nan
AGATATTGGCCAAT-1,Mono,nan
AGATCGTGTCTGGA-1,Mono,nan
AGATCGTGTTTGTC-1,B,nan
AGATCTCTATCACG-1,B,nan
AGATTAACGTTCTT-1,Mono,nan
AGATTCCTATCGTG-1,CD4 T,nan
AGATTCCTCACTTT-1,Mono,nan
AGATTCCTGACGAG-1,Mono,nan
AGATTCCTGTTCAG-1,NK,nan
AGCAAAGATATGCG-1,CD4 T,nan
AGCACAACAGTCTG-1,CD4 T,nan
AGCACTGAGGGAGT-1,CD4 T,nan
AGCACTGATATGCG-1,CD4 T,nan
AGCACTGATGCTTT-1,Mono,nan
AGCACTGATTGCGA-1,CD4 T,nan
AGCATCGAAGATCC-1,CD4 T,nan
AGCATCGAAGGGTG-1,B,nan
AGCATCGAGCTTCC-1,Mono,nan
AGCATCGAGTGAGG-1,CD4 T,nan
AGCATCGATAACCG-1,Mono,nan
AGCATGACGATGAA-1,CD4 T,nan
AGCCAATGGGGAGT-1,Mono,nan
AGCCAATGTATCTC-1,CD4 T,nan
AGCCACCTGGATCT-1,CD4 T,nan
AGCCGGTGCCAATG-1,CD4 T,nan
AGCCGGTGTGTTTC-1,CD4 T,nan
AGCCGTCTCAATCG-1,CD4 T,nan
AGCCGTCTGAGAGC-1,CD4 T,nan
AGCCTCACGTTCGA-1,CD4 T,nan
AGCCTCACTGTCAG-1,Mono,nan
AGCCTCTGCAGTTG-1,B,nan
AGCCTCTGCCAATG-1,NK,nan
AGCGAACTGGATCT-1,CD4 T,nan
AGCGAACTTACTGG-1,CD4 T,nan
AGCGATACGGAGCA-1,CD4 T,nan
AGCGATTGAGATCC-1,NK,nan
AGCGCCGAATCTCT-1,CD4 T,nan
AGCGCCGACAGAGG-1,CD4 T,nan
AGCGCTCTACCTTT-1,CD4 T,nan
AGCGGCACCGGGAA-1,CD4 T,nan
AGCGGCTGATGTGC-1,CD4 T,nan
AGCGGGCTTGCCAA-1,CD4 T,nan
AGCGTAACATGCTG-1,CD4 T,nan
AGCGTAACTGAGAA-1,Mono,nan
AGCTCGCTACTGGT-1,CD4 T,nan
AGCTCGCTCTGCTC-1,CD4 T,nan
AGCTGAACCATACG-1,Mono,nan
AGCTGAACCTCTCG-1,CD4 T,nan
AGCTGCCTTGGGAG-1,Mono,nan
AGCTGCCTTTCATC-1,CD4 T,nan
AGCTGCCTTTCTGT-1,CD4 T,nan
AGCTGTGATCCAAG-1,CD4 T,nan
AGCTTTACAAGTAG-1,CD4 T,nan
AGCTTTACACCAAC-1,CD4 T,nan
AGCTTTACTCTCAT-1,B,nan
AGGAAATGAGGAGC-1,CD4 T,nan
AGGAACCTCTTAGG-1,Mono,nan
AGGAACCTTGCCTC-1,CD4 T,nan
AGGAATGATAACGC-1,CD4 T,nan
AGGAATGATTTGTC-1,CD4 T,nan
AGGAGTCTGGTTTG-1,CD4 T,nan
AGGAGTCTTGTCAG-1,CD4 T,nan
AGGATAGACATTTC-1,CD4 T,nan
AGGATAGAGGATTC-1,NK,nan
AGGATGCTACTAGC-1,B,nan
AGGATGCTTTAGGC-1,NK,nan
AGGCAACTGAAGGC-1,CD4 T,nan
AGGCAGGAGTACCA-1,CD4 T,nan
AGGCCTCTAGTCGT-1,CD4 T,nan
AGGCCTCTCGGAGA-1,CD4 T,nan
AGGCCTCTCGTAAC-1,CD4 T,nan
AGGGACGACGTTGA-1,CD4 T,nan
AGGGACGAGTCAAC-1,NK,nan
AGGGACGAGTTGTG-1,CD4 T,nan
AGGGACGATAGAGA-1,CD4 T,nan
AGGGACGATGCATG-1,CD4 T,nan
AGGGAGTGAGCCTA-1,CD4 T,nan
AGGGCCACCATACG-1,CD4 T,nan
AGGGCGCTAACCAC-1,Mono,nan
AGGGCGCTATGGTC-1,CD4 T,nan
AGGGTGGACAGTCA-1,B,nan
AGGGTGGACTCAAG-1,Mono,nan
AGGGTGGAGTTGCA-1,CD4 T,nan
AGGGTTTGTTCATC-1,Mono,nan
AGGTCATGAGTGTC-1,B,nan
AGGTCATGCTTATC-1,CD4 T,nan
AGGTCTGATTCTCA-1,Mono,nan
AGGTGGGAAGAATG-1,CD4 T,nan
AGGTGGGAAGTTCG-1,CD4 T,nan
AGGTGTTGGTTACG-1,B,nan
AGGTTCGAACCTCC-1,Mono,nan
AGGTTCGAACGTAC-1,Mono,nan
AGGTTCGAGGGTGA-1,CD4 T,nan
AGTAAGGAGTTTGG-1,CD4 T,nan
AGTAAGGATTCTTG-1,CD4 T,nan
AGTAATACATCACG-1,NK,nan
AGTAATACCGAACT-1,B,nan
AGTAATTGTCCCAC-1,CD4 T,nan
AGTACGTGAGGGTG-1,CD4 T,nan
AGTACGTGCTGCAA-1,CD4 T,nan
AGTACGTGCTTGGA-1,CD4 T,nan
AGTACTCTACGTGT-1,B,nan
AGTACTCTCAACCA-1,Platelet,nan
AGTACTCTCGGTAT-1,CD4 T,nan
AGTAGGCTTGCCTC-1,Mono,nan
AGTATAACTTGTCT-1,Mono,nan
AGTATCCTAGAACA-1,CD4 T,nan
AGTCACGATGAGCT-1,NK,nan
AGTCAGACGAATAG-1,CD4 T,nan
AGTCAGACGCTTAG-1,CD4 T,nan
AGTCAGACTAGAGA-1,CD4 T,nan
AGTCAGACTGCACA-1,CD4 T,nan
AGTCCAGATATCTC-1,CD4 T,nan
AGTCCAGATTTCAC-1,CD4 T,nan
AGTCGAACCAACCA-1,CD4 T,nan
AGTCGCCTCCGTAA-1,CD4 T,nan
AGTCTACTAGGGTG-1,Mono,nan
AGTCTACTTGCATG-1,Mono,nan
AGTCTTACACCACA-1,CD4 T,nan
AGTCTTACTTCGCC-1,Platelet,nan
AGTCTTACTTCGGA-1,Platelet,nan
AGTGACTGCAACTG-1,Mono,nan
AGTGTTCTAACCTG-1,CD4 T,nan
AGTGTTCTATAAGG-1,CD4 T,nan
AGTGTTCTCACTTT-1,Mono,nan
AGTTAAACCACTTT-1,CD4 T,nan
AGTTATGAACAGTC-1,Mono,nan
AGTTATGACTGAGT-1,CD4 T,nan
AGTTATGAGTTCAG-1,CD4 T,nan
AGTTCTACCAGCTA-1,Mono,nan
AGTTCTTGAAGCCT-1,CD4 T,nan
AGTTGTCTACTACG-1,CD4 T,nan
AGTTTAGATGGTCA-1,CD4 T,nan
AGTTTCACGGTCTA-1,CD4 T,nan
AGTTTGCTACAGTC-1,CD4 T,nan
AGTTTGCTACTGGT-1,NK,nan
AGTTTGCTCCAAGT-1,CD4 T,nan
ATAAACACAGTGCT-1,B,nan
ATAAACACCACCAA-1,CD4 T,nan
ATAACAACATGCTG-1,Mono,nan
ATAACAACGTCTAG-1,CD4 T,nan
ATAACAACTTTGTC-1,CD4 T,nan
ATAACATGTACTCT-1,CD4 T,nan
ATAACCCTGTTGGT-1,CD4 T,nan
ATAACCCTTGGTAC-1,CD4 T,nan
ATAAGTACGAATGA-1,B,nan
ATAAGTTGGTACGT-1,Mono,nan
ATAAGTTGTCTAGG-1,CD4 T,nan
ATAATCGAGCTGAT-1,B,nan
ATAATCGATGGTTG-1,CD4 T,nan
ATAATGACCTACTT-1,CD4 T,nan
ATAATGACTCGTGA-1,Mono,nan
ATACAATGTTAGGC-1,CD4 T,nan
ATACCACTCGTACA-1,Mono,nan
ATACCACTCTAAGC-1,Mono,nan
ATACCACTGCCAAT-1,Platelet,nan
ATACCGGAATGCTG-1,Mono,nan
ATACCGGACATTTC-1,Mono,nan
ATACCGGACTTCGC-1,CD4 T,nan
ATACCGGAGGTGTT-1,Mono,nan
ATACCGGATCTCGC-1,CD4 T,nan
ATACCTACGCATCA-1,CD4 T,nan
ATACCTTGGGGCAA-1,CD4 T,nan
ATACGGACAGACTC-1,Mono,nan
ATACGGACCTACTT-1,Mono,nan
ATACGGACGAGGTG-1,B,nan
ATACGGACTATGCG-1,B,nan
ATACGGACTCTGGA-1,Mono,nan
ATACGTCTTAACGC-1,Mono,nan
ATACTCTGCTTCGC-1,Mono,nan
ATACTCTGGTATGC-1,NK,nan
ATAGATACCATGGT-1,CD4 T,nan
ATAGATACGACGAG-1,CD4 T,nan
ATAGATTGGTGTAC-1,B,nan
ATAGCCGAACGGAG-1,CD4 T,nan
ATAGCGTGCAGATC-1,CD4 T,nan
ATAGCGTGCCCTTG-1,Mono,nan
ATAGCGTGGTATCG-1,Mono,nan
ATAGCGTGTCTCTA-1,CD4 T,nan
ATAGCTCTCTGATG-1,CD4 T,nan
ATAGCTCTGAGGTG-1,CD4 T,nan
ATAGGAGAAACAGA-1,Mono,nan
ATAGGCTGTCAGAC-1,CD4 T,nan
ATAGTCCTAGTGTC-1,Mono,nan
ATAGTCCTTGCATG-1,CD4 T,nan
ATAGTCCTTGTCGA-1,CD4 T,nan
ATAGTTGACAACTG-1,CD4 T,nan
ATAGTTGACCCTCA-1,Mono,nan
ATAGTTGAGACGTT-1,CD4 T,nan
ATAGTTGATAAGCC-1,CD4 T,nan
ATATACGAAGCCAT-1,CD4 T,nan
ATATACGAATTGGC-1,CD4 T,nan
ATATAGTGGAATGA-1,Mono,nan
ATATGCCTAGATCC-1,Mono,nan
ATATGCCTGGACAG-1,CD4 T,nan
ATATGCCTTCTCTA-1,CD4 T,nan
ATATGCCTTGGTAC-1,CD4 T,nan
ATCAAATGAGCCTA-1,Mono,nan
ATCAAATGGGTAAA-1,Mono,nan
ATCAACCTAAACGA-1,CD4 T,nan
ATCAACCTGAGGAC-1,CD4 T,nan
ATCAACCTTCTCTA-1,CD4 T,nan
ATCAACCTTTGTCT-1,Platelet,nan
ATCACACTTTGTCT-1,CD4 T,nan
ATCACGGATTGCTT-1,Mono,nan
ATCACGGATTTCGT-1,B,nan
ATCATCTGACACCA-1,Platelet,nan
ATCATGCTAGAGTA-1,Platelet,nan
ATCATGCTGAACCT-1,B,nan
ATCCAGGACGCTAA-1,Mono,nan
ATCCAGGATGGAAA-1,CD4 T,nan
ATCCATACTCCTTA-1,Mono,nan
ATCCATACTTCATC-1,Mono,nan
ATCCCGTGCAGTCA-1,NK,nan
ATCCCGTGCATGCA-1,B,nan
ATCCCGTGGCTGAT-1,B,nan
ATCCGCACGCATCA-1,B,nan
ATCCTAACGACGGA-1,B,nan
ATCCTAACGCTACA-1,CD4 T,nan
ATCGACGAAACTGC-1,Mono,nan
ATCGACGAATGACC-1,CD4 T,nan
ATCGAGTGGACGTT-1,CD4 T,nan
ATCGCAGAATCTCT-1,Mono,nan
ATCGCAGAGTGTCA-1,B,nan
ATCGCCACTGAGGG-1,CD4 T,nan
ATCGCCTGGGTCAT-1,CD4 T,nan
ATCGCCTGTGGCAT-1,B,nan
ATCGCGCTCAGAGG-1,Mono,nan
ATCGCGCTGGGATG-1,CD4 T,nan
ATCGCGCTTTTCGT-1,B,nan
ATCGGAACCAGTCA-1,CD4 T,nan
ATCGGTGAGTCAAC-1,CD4 T,nan
ATCGGTGATTGCAG-1,CD4 T,nan
ATCGTTTGCCTACC-1,Mono,nan
ATCGTTTGGGTACT-1,Mono,nan
ATCGTTTGTGCCAA-1,Mono,nan
ATCTACACCCGCTT-1,Mono,nan
ATCTACACCGGGAA-1,CD4 T,nan
ATCTCAACAGGAGC-1,B,nan
ATCTCAACCTCGAA-1,Platelet,nan
ATCTCAACCTTGTT-1,Mono,nan
ATCTGGGAAACCAC-1,Mono,nan
ATCTGGGAAGTGTC-1,Mono,nan
ATCTGGGATTCCGC-1,Platelet,nan
ATCTGTTGAACGGG-1,CD4 T,nan
ATCTGTTGACCTCC-1,CD4 T,nan
ATCTGTTGCCTTCG-1,Mono,nan
ATCTGTTGGTTGCA-1,CD4 T,nan
ATCTTGACACCAAC-1,CD4 T,nan
ATCTTGACCTCCCA-1,Mono,nan
ATCTTTCTGCATCA-1,CD4 T,nan
ATCTTTCTGTTTCT-1,Platelet,nan
ATCTTTCTTGTCCC-1,NK,nan
ATGAAACTCTGTGA-1,CD4 T,nan
ATGAAACTGAGGCA-1,CD4 T,nan
ATGAAGGAACAGCT-1,Platelet,nan
ATGAAGGACCTGTC-1,B,nan
ATGAAGGACCTTAT-1,B,nan
ATGAAGGACTAGTG-1,B,nan
ATGAAGGACTTGCC-1,NK,nan
ATGACGTGACGACT-1,B,nan
ATGACGTGATCGGT-1,Mono,nan
ATGAGAGAAAGTGA-1,CD4 T,nan
ATGAGAGAACGCAT-1,CD4 T,nan
ATGAGAGAAGTAGA-1,B,nan
ATGAGCACACAGCT-1,CD4 T,nan
ATGAGCACATCTTC-1,CD4 T,nan
ATGATAACTTCACT-1,NK,nan
ATGATATGAAACAG-1,CD4 T,nan
ATGATATGACTGGT-1,CD4 T,nan
ATGATATGAGCACT-1,CD4 T,nan
ATGATATGGTCATG-1,CD4 T,nan
ATGATATGGTGCTA-1,NK,nan
ATGATATGTTGTCT-1,Mono,nan
ATGCACGAATGTCG-1,B,nan
ATGCACGACTGTAG-1,CD4 T,nan
ATGCACGAGAACCT-1,B,nan
ATGCACGAGTTCGA-1,CD4 T,nan
ATGCACGATTGGTG-1,Mono,nan
ATGCAGTGTTACCT-1,B,nan
ATGCAGTGTTCTAC-1,CD4 T,nan
ATGCCAGAACGACT-1,CD4 T,nan
ATGCCAGACAGTCA-1,Mono,nan
ATGCCGCTTGAACC-1,Mono,nan
ATGCGATGCTATGG-1,Mono,nan
ATGCGATGCTGAGT-1,CD4 T,nan
ATGCGATGGTTACG-1,B,nan
ATGCGCCTTCATTC-1,CD4 T,nan
ATGCTTTGCGAATC-1,CD4 T,nan
ATGCTTTGGGCGAA-1,Platelet,nan
ATGCTTTGTAGTCG-1,B,nan
ATGGACACATCGGT-1,CD4 T,nan
ATGGACACGCATCA-1,NK,nan
ATGGGTACAACCTG-1,B,nan
ATGGGTACATCGGT-1,NK,nan
ATGGGTACTATTCC-1,CD4 T,nan
ATGGGTACTGGGAG-1,CD4 T,nan
ATGTAAACACCTCC-1,CD4 T,nan
ATGTAAACCCGCTT-1,CD4 T,nan
ATGTAAACGGGATG-1,Mono,nan
ATGTAAACTCTCCG-1,CD4 T,nan
ATGTAAACTTCACT-1,Mono,nan
ATGTACCTCAGTCA-1,Platelet,nan
ATGTACCTTAGTCG-1,CD4 T,nan
ATGTACCTTTATCC-1,Mono,nan
ATGTACCTTTCACT-1,NK,nan
ATGTCACTAATGCC-1,Mono,nan
ATGTCACTCTGCTC-1,CD4 T,nan
ATGTCGGAGGTGAG-1,CD4 T,nan
ATGTTCACAGTCTG-1,Mono,nan
ATGTTCACCGTAGT-1,CD4 T,nan
ATGTTGCTTTCAGG-1,CD4 T,nan
ATTAACGATGAGAA-1,NK,nan
ATTAACGATGCAAC-1,NK,nan
ATTAAGACTGCAGT-1,CD4 T,nan
ATTACCTGCCTTAT-1,Mono,nan
ATTACCTGGAGGAC-1,Mono,nan
ATTACCTGGGCATT-1,B,nan
ATTAGATGTTTCAC-1,CD4 T,nan
ATTATGGAATCTCT-1,CD4 T,nan
ATTCAAGAACGGGA-1,CD4 T,nan
ATTCAAGACCTTTA-1,CD4 T,nan
ATTCAGCTCATTGG-1,Platelet,nan
ATTCCAACCATTGG-1,Mono,nan
ATTCCAACTTAGGC-1,NK,nan
ATTCGACTCACTAG-1,CD4 T,nan
ATTCGACTGAATAG-1,Mono,nan
ATTCGACTTTTGTC-1,Mono,nan
ATTCGGGAAAGGCG-1,Mono,nan
ATTCGGGATTAGGC-1,CD4 T,nan
ATTCTTCTGATACC-1,CD4 T,nan
ATTGAATGGACGGA-1,CD4 T,nan
ATTGATGAAGGTTC-1,CD4 T,nan
ATTGATGACTGAGT-1,CD4 T,nan
ATTGATGAGCGAAG-1,CD4 T,nan
ATTGATGATCTATC-1,CD4 T,nan
ATTGCACTGACGGA-1,CD4 T,nan
ATTGCACTGAGAGC-1,Mono,nan
ATTGCACTGGAGCA-1,Mono,nan
ATTGCACTTAGCCA-1,CD4 T,nan
ATTGCACTTGCTTT-1,Mono,nan
ATTGCTTGTTACTC-1,B,nan
ATTGGTCTGACTAC-1,B,nan
ATTGGTCTTGTCTT-1,B,nan
ATTGTAGATTCCCG-1,Mono,nan
ATTGTAGATTGCAG-1,CD4 T,nan
ATTGTCTGCGTACA-1,CD4 T,nan
ATTTAGGAACCATG-1,Mono,nan
ATTTAGGACAGAGG-1,CD4 T,nan
ATTTCCGAGATGAA-1,CD4 T,nan
ATTTCCGAGTGCTA-1,CD4 T,nan
ATTTCGTGTATGGC-1,NK,nan
ATTTCTCTACTTTC-1,Mono,nan
ATTTCTCTAGCAAA-1,CD4 T,nan
ATTTCTCTCACTTT-1,Mono,nan
ATTTCTCTTCCCAC-1,CD4 T,nan
ATTTGCACAAGATG-1,Mono,nan
CAAAGCACAGCTCA-1,CD4 T,nan
CAAAGCACCGTAAC-1,B,nan
CAAAGCACGGTAAA-1,NK,nan
CAAAGCTGAAAGTG-1,CD4 T,nan
CAAAGCTGTTGCTT-1,Mono,nan
CAAATATGTGACAC-1,CD4 T,nan
CAAATTGAGGGCAA-1,CD4 T,nan
CAAATTGATGGAGG-1,Mono,nan
CAACCAGAAAAGTG-1,CD4 T,nan
CAACCAGAAGTGCT-1,CD4 T,nan
CAACCAGAGTTCAG-1,Mono,nan
CAACCAGATAGAAG-1,Mono,nan
CAACCGCTGTTCAG-1,CD4 T,nan
CAACCGCTTTGAGC-1,CD4 T,nan
CAACGATGCGCAAT-1,Mono,nan
CAACGTGACTCCAC-1,Mono,nan
CAACGTGAGCCATA-1,CD4 T,nan
CAACGTGATCAAGC-1,Mono,nan
CAAGAAGACCACAA-1,CD4 T,nan
CAAGAAGACGTCTC-1,Mono,nan
CAAGAAGATTCTAC-1,CD4 T,nan
CAAGACTGACCTGA-1,B,nan
CAAGACTGAGTAGA-1,B,nan
CAAGCTGACCATAG-1,Mono,nan
CAAGCTGATCTATC-1,NK,nan
CAAGGACTGTTCAG-1,CD4 T,nan
CAAGGACTTCTTTG-1,CD4 T,nan
CAAGGTTGCTCCAC-1,CD4 T,nan
CAAGGTTGTCATTC-1,B,nan
CAAGGTTGTCTGGA-1,NK,nan
CAAGTCGAAACAGA-1,B,nan
CAAGTCGATAGCGT-1,Mono,nan
CAATAAACGCCATA-1,Mono,nan
CAATAATGAACTGC-1,Mono,nan
CAATATGACATGGT-1,CD4 T,nan
CAATATGACCTTCG-1,NK,nan
CAATATGACGTTAG-1,CD4 T,nan
CAATATGAGGAGCA-1,CD4 T,nan
CAATCGGAGAAACA-1,CD4 T,nan
CAATCTACTGACTG-1,NK,nan
CAATTCACCCAACA-1,CD4 T,nan
CAATTCACGATAGA-1,CD4 T,nan
CAATTCACTTGTGG-1,CD4 T,nan
CAATTCTGCTTGTT-1,Mono,nan
CAATTCTGGCGTAT-1,Mono,nan
CACAACGATACGAC-1,CD4 T,nan
CACAATCTTGTTCT-1,CD4 T,nan
CACAATCTTTCCAT-1,CD4 T,nan
CACACCTGCTTGAG-1,CD4 T,nan
CACACCTGTATGGC-1,CD4 T,nan
CACAGAACCCTTGC-1,B,nan
CACAGAACCTGATG-1,CD4 T,nan
CACAGATGGGATTC-1,CD4 T,nan
CACAGATGGTTTCT-1,Mono,nan
CACAGCCTGATACC-1,CD4 T,nan
CACAGCCTTGCCAA-1,Mono,nan
CACAGCCTTGTAGC-1,CD4 T,nan
CACAGTGATGAAGA-1,Mono,nan
CACATACTACAGCT-1,Platelet,nan
CACATGGAACACGT-1,CD4 T,nan
CACATGGAAGTCGT-1,CD4 T,nan
CACCACTGCCAACA-1,CD4 T,nan
CACCACTGGCGAAG-1,Platelet,nan
CACCCATGTTCTGT-1,Platelet,nan
CACCGGGAATCGAC-1,CD4 T,nan
CACCGGGACGAGAG-1,CD4 T,nan
CACCGGGACGTGTA-1,CD4 T,nan
CACCGGGACTTCTA-1,CD4 T,nan
CACCGGGACTTGCC-1,NK,nan
CACCGGGATTCGGA-1,CD4 T,nan
CACCGTACTAAGGA-1,B,nan
CACCGTACTAGCGT-1,CD4 T,nan
CACCTGACACCCAA-1,CD4 T,nan
CACCTGACCAGAAA-1,CD4 T,nan
CACCTGACCTCAAG-1,CD4 T,nan
CACCTGACGAAAGT-1,B,nan
CACCTGACTCGTAG-1,CD4 T,nan
CACGAAACTTCCGC-1,B,nan
CACGACCTCGATAC-1,B,nan
CACGCTACAGAAGT-1,CD4 T,nan
CACGCTACTGTTCT-1,B,nan
CACGCTACTTGACG-1,Mono,nan
CACGGGACAGAGTA-1,CD4 T,nan
CACGGGACATAAGG-1,CD4 T,nan
CACGGGACGTAGGG-1,CD4 T,nan
CACGGGTGCTTCGC-1,CD4 T,nan
CACGGGTGGAGGAC-1,Platelet,nan
CACGGGTGTGTTTC-1,CD4 T,nan
CACTAACTCCTAAG-1,B,nan
CACTAACTGAAAGT-1,CD4 T,nan
CACTAGGATGATGC-1,B,nan
CACTATACCCCGTT-1,B,nan
CACTATACGTTTGG-1,Platelet,nan
CACTGAGACAGTCA-1,Mono,nan
CACTGCACTTCATC-1,CD4 T,nan
CACTGCTGAGACTC-1,Mono,nan
CACTGCTGGAAAGT-1,CD4 T,nan
CACTTAACCGAATC-1,CD4 T,nan
CACTTAACCGTACA-1,B,nan
CACTTTGACTCTAT-1,CD4 T,nan
CACTTTGAGCTGTA-1,CD4 T,nan
CAGAAGCTCTCAAG-1,CD4 T,nan
CAGACATGAACGGG-1,CD4 T,nan
CAGACATGTCGACA-1,CD4 T,nan
CAGACCCTAAGGTA-1,Mono,nan
CAGACCCTAATGCC-1,CD4 T,nan
CAGACCCTAGGAGC-1,CD4 T,nan
CAGACTGAGTATGC-1,CD4 T,nan
CAGATCGAATGTCG-1,B,nan
CAGATCGACCTGAA-1,CD4 T,nan
CAGATCGATATGGC-1,CD4 T,nan
CAGATGACATTCTC-1,NK,nan
CAGCAATGCCTTCG-1,CD4 T,nan
CAGCAATGGAGGGT-1,NK,nan
CAGCAATGGTGCTA-1,CD4 T,nan
CAGCAATGTCTACT-1,Mono,nan
CAGCAATGTGACCA-1,CD4 T,nan
CAGCAATGTGAGGG-1,Mono,nan
CAGCACCTAAGCCT-1,CD4 T,nan
CAGCACCTAGGCGA-1,CD4 T,nan
CAGCACCTGTAGGG-1,Mono,nan
CAGCATGACAACCA-1,Mono,nan
CAGCATGAGACGTT-1,Platelet,nan
CAGCCTACCCAACA-1,CD4 T,nan
CAGCCTTGCTACCC-1,Mono,nan
CAGCCTTGGGGACA-1,CD4 T,nan
CAGCGGACACCCTC-1,CD4 T,nan
CAGCGGACCTTTAC-1,NK,nan
CAGCGTCTAAAGCA-1,CD4 T,nan
CAGCGTCTTATCGG-1,CD4 T,nan
CAGCTAGATGTGAC-1,Mono,nan
CAGCTCTGAGGCGA-1,CD4 T,nan
CAGCTCTGCAAGCT-1,CD4 T,nan
CAGCTCTGTCGTAG-1,Mono,nan
CAGCTCTGTGTGGT-1,NK,nan
CAGGAACTAACTGC-1,CD4 T,nan
CAGGAACTCTCAGA-1,Mono,nan
CAGGCCGAACACCA-1,CD4 T,nan
CAGGCCGAACACGT-1,CD4 T,nan
CAGGCCGAACGACT-1,CD4 T,nan
CAGGCCGAATCTCT-1,Mono,nan
CAGGCCGACTAGCA-1,B,nan
CAGGGCACCATACG-1,B,nan
CAGGGCACCCAACA-1,CD4 T,nan
CAGGGCACTCCCGT-1,CD4 T,nan
CAGGTAACAGACTC-1,Mono,nan
CAGGTATGAGTCGT-1,CD4 T,nan
CAGGTATGTGCTTT-1,CD4 T,nan
CAGGTTGAGGATCT-1,B,nan
CAGTGATGGACGGA-1,B,nan
CAGTGATGGCTAAC-1,NK,nan
CAGTGATGGGACAG-1,CD4 T,nan
CAGTGATGTAAGGA-1,B,nan
CAGTGATGTACGCA-1,B,nan
CAGTGTGAACACGT-1,Platelet,nan
CAGTGTGATGTCAG-1,CD4 T,nan
CAGTTACTAAGGTA-1,B,nan
CAGTTACTGATAGA-1,CD4 T,nan
CAGTTGGAAAGAGT-1,Mono,nan
CAGTTGGACATACG-1,CD4 T,nan
CAGTTTACACACGT-1,CD4 T,nan
CAGTTTACCCCAAA-1,CD4 T,nan
CATAAAACGGAGCA-1,Mono,nan
CATAAATGAACTGC-1,CD4 T,nan
CATAACCTTCTCCG-1,CD4 T,nan
CATACTACCTCGAA-1,CD4 T,nan
CATACTACCTGAAC-1,CD4 T,nan
CATACTACGTACCA-1,Mono,nan
CATACTTGGGTTAC-1,Mono,nan
CATAGTCTAATCGC-1,CD4 T,nan
CATAGTCTCACTTT-1,CD4 T,nan
CATATAGACTAAGC-1,Mono,nan
CATATAGATCAGGT-1,B,nan
CATCAACTAGAAGT-1,CD4 T,nan
CATCAACTCCCTCA-1,CD4 T,nan
CATCAGGACTTCCG-1,NK,nan
CATCAGGATAGCCA-1,NK,nan
CATCAGGATCCTAT-1,Mono,nan
CATCAGGATGCACA-1,Mono,nan
CATCAGGATTTCGT-1,Mono,nan
CATCATACCGCATA-1,Mono,nan
CATCATACGGAGCA-1,B,nan
CATCATACTCAAGC-1,CD4 T,nan
CATCGCTGGGATCT-1,CD4 T,nan
CATCGCTGTGGCAT-1,B,nan
CATCGGCTATGCTG-1,CD4 T,nan
CATCGGCTTTGGCA-1,CD4 T,nan
CATCTCCTATGTGC-1,B,nan
CATCTCCTCGAACT-1,Mono,nan
CATGAGACACGGGA-1,B,nan
CATGAGACGTTGAC-1,NK,nan
CATGAGACTCGCCT-1,CD4 T,nan
CATGCCACGGGTGA-1,CD4 T,nan
CATGCCACTGCCAA-1,CD4 T,nan
CATGCGCTAGTCAC-1,Mono,nan
CATGCGCTCAGATC-1,Mono,nan
CATGCGCTTTGCAG-1,Mono,nan
CATGGCCTAGGGTG-1,Mono,nan
CATGGCCTGTGCAT-1,CD4 T,nan
CATGTACTATCGTG-1,Platelet,nan
CATGTTACAGTCGT-1,NK,nan
CATGTTACCTGAGT-1,CD4 T,nan
CATGTTTGGGGATG-1,Mono,nan
CATTACACACGGAG-1,B,nan
CATTACACCAACTG-1,NK,nan
CATTACACGGAGTG-1,CD4 T,nan
CATTACACTACTCT-1,CD4 T,nan
CATTAGCTCCACAA-1,Mono,nan
CATTGACTAGCGGA-1,Mono,nan
CATTGGGACTCGAA-1,CD4 T,nan
CATTGTACAGCGTT-1,CD4 T,nan
CATTGTACTCGATG-1,B,nan
CATTGTACTTATCC-1,CD4 T,nan
CATTGTACTTTGCT-1,Mono,nan
CATTGTTGCTAGTG-1,CD4 T,nan
CATTTCGACTCTAT-1,CD4 T,nan
CATTTCGAGATACC-1,NK,nan
CATTTGACCACACA-1,CD4 T,nan
CATTTGACCCTGAA-1,CD8 T,nan
CATTTGTGACGACT-1,B,nan
CATTTGTGCATTGG-1,CD4 T,nan
CATTTGTGCGGAGA-1,CD4 T,nan
CATTTGTGGGATCT-1,B,nan
CCAAAGTGCTACGA-1,Mono,nan
CCAAAGTGTGAGAA-1,Mono,nan
CCAACCTGAAGTAG-1,CD4 T,nan
CCAACCTGACGTAC-1,Mono,nan
CCAACCTGTTCGCC-1,Mono,nan
CCAAGAACCCAATG-1,CD4 T,nan
CCAAGAACGTAGCT-1,CD4 T,nan
CCAAGAACGTGTCA-1,CD4 T,nan
CCAAGAACTACTGG-1,NK,nan
CCAAGAACTCCTAT-1,B,nan
CCAAGATGTCATTC-1,CD4 T,nan
CCAAGATGTTTCAC-1,CD4 T,nan
CCAAGTGAGGAACG-1,CD4 T,nan
CCAAGTGATCAAGC-1,CD4 T,nan
CCAATGGAACAGCT-1,Mono,nan
CCAATTTGAACGTC-1,Mono,nan
CCACCATGAACGTC-1,CD4 T,nan
CCACCATGATCGGT-1,CD4 T,nan
CCACCATGGACGAG-1,Mono,nan
CCACCATGGGGAGT-1,CD4 T,nan
CCACCATGTCCTGC-1,NK,nan
CCACTGACCCGCTT-1,Mono,nan
CCACTGTGGGAAGC-1,Mono,nan
CCACTGTGTGTAGC-1,CD4 T,nan
CCACTTCTCGGGAA-1,Mono,nan
CCAGAAACCCTGTC-1,B,nan
CCAGAAACGAACTC-1,CD4 T,nan
CCAGAAACGGTCTA-1,CD4 T,nan
CCAGACCTCTGAGT-1,Mono,nan
CCAGACCTTGTGGT-1,CD4 T,nan
CCAGCACTGCGATT-1,Mono,nan
CCAGCGGAAAGGCG-1,Mono,nan
CCAGCGGACGACTA-1,Mono,nan
CCAGCGGATGGGAG-1,CD4 T,nan
CCAGCTACACAGTC-1,CD4 T,nan
CCAGCTACCAGCTA-1,B,nan
CCAGGTCTACACCA-1,B,nan
CCAGGTCTAGCATC-1,Mono,nan
CCAGGTCTATGGTC-1,CD4 T,nan
CCAGTCACACTGGT-1,Mono,nan
CCAGTCACACTGTG-1,B,nan
CCAGTCACGTTGTG-1,CD4 T,nan
CCAGTCTGCGGAGA-1,B,nan
CCAGTGCTAACCAC-1,CD4 T,nan
CCAGTGCTCGTAGT-1,CD4 T,nan
CCATCCGAAAGCAA-1,Platelet,nan
CCATCCGAACGACT-1,CD4 T,nan
CCATCCGAAGGTTC-1,B,nan
CCATCCGATTCGCC-1,Mono,nan
CCATCGTGAACGGG-1,CD4 T,nan
CCATCGTGCTAGAC-1,Mono,nan
CCCAACACCTCGCT-1,B,nan
CCCAACACGCATCA-1,CD4 T,nan
CCCAACACTTTGTC-1,Mono,nan
CCCAACTGCAATCG-1,Mono,nan
CCCAGACTGCCTTC-1,Mono,nan
CCCAGACTGGTTTG-1,B,nan
CCCAGACTTTCGCC-1,Mono,nan
CCCAGTTGCAGTTG-1,Mono,nan
CCCAGTTGGGTACT-1,CD4 T,nan
CCCAGTTGTCTATC-1,B,nan
CCCGATTGTGTTTC-1,CD4 T,nan
CCCGGAGAAGGGTG-1,Mono,nan
CCCTACGAATTGGC-1,Mono,nan
CCCTAGTGCAAAGA-1,CD4 T,nan
CCCTCAGACACTTT-1,B,nan
CCCTCAGACGAGAG-1,CD4 T,nan
CCCTCAGAGGTCAT-1,CD4 T,nan
CCCTGAACTAAAGG-1,B,nan
CCCTGATGCAACCA-1,CD4 T,nan
CCCTGATGCAAGCT-1,B,nan
CCCTTACTAACCAC-1,Mono,nan
CCCTTACTGCAGTT-1,CD4 T,nan
CCGAAAACCTTGTT-1,Mono,nan
CCGACACTGGTTTG-1,CD4 T,nan
CCGACTACCCAGTA-1,Mono,nan
CCGACTACCGTGTA-1,CD4 T,nan
CCGACTACTGAGGG-1,CD4 T,nan
CCGATAGACCTAAG-1,CD4 T,nan
CCGATAGAGTTGGT-1,Mono,nan
CCGCGAGACACACA-1,Mono,nan
CCGCGAGAGGTTCA-1,CD4 T,nan
CCGCTATGGGACGA-1,B,nan
CCGCTATGTGCAAC-1,Mono,nan
CCGCTATGTGCACA-1,Mono,nan
CCGGTACTGTCCTC-1,CD4 T,nan
CCGTACACAAGCAA-1,CD4 T,nan
CCGTACACAGCGTT-1,B,nan
CCGTACACGTCATG-1,CD4 T,nan
CCGTACACGTTGGT-1,Mono,nan
CCGTACACTAACGC-1,CD4 T,nan
CCTAAACTTTCGTT-1,CD4 T,nan
CCTAAGGACCCAAA-1,CD4 T,nan
CCTAAGGACTAGCA-1,Mono,nan
CCTAAGGAGGGCAA-1,CD4 T,nan
CCTAAGGATGATGC-1,CD4 T,nan
CCTAAGGATGTCAG-1,CD4 T,nan
CCTACCGACTCTTA-1,CD4 T,nan
CCTACCGAGGGATG-1,B,nan
CCTAGAGAGGTGAG-1,B,nan
CCTATAACCAAAGA-1,CD4 T,nan
CCTATAACGAGACG-1,Mono,nan
CCTATAACTCAGAC-1,CD4 T,nan
CCTATAACTGCATG-1,Mono,nan
CCTCGAACACTTTC-1,NK,nan
CCTCGAACCCGTAA-1,Mono,nan
CCTCGAACGTATCG-1,CD4 T,nan
CCTCGAACTTACTC-1,CD4 T,nan
CCTCTACTCTTCGC-1,Mono,nan
CCTCTACTGGCATT-1,CD4 T,nan
CCTGACTGAAGTAG-1,CD4 T,nan
CCTGACTGGGGAGT-1,CD4 T,nan
CCTGACTGTGTCTT-1,B,nan
CCTGCAACACGTTG-1,Mono,nan
CCTGGACTCGTGAT-1,CD4 T,nan
CCTTAATGCCCAAA-1,B,nan
CCTTAATGTTCTAC-1,Mono,nan
CCTTCACTACGACT-1,CD4 T,nan
CCTTCACTCAGTCA-1,B,nan
CCTTCACTGGAGTG-1,Mono,nan
CCTTTAGATTCATC-1,Mono,nan
CGAACATGCCCTAC-1,Mono,nan
CGAACATGTCAGAC-1,CD4 T,nan
CGAAGACTGGAACG-1,CD4 T,nan
CGAAGACTGTTACG-1,CD4 T,nan
CGAAGGGAAACCTG-1,CD4 T,nan
CGAAGGGATCCGAA-1,B,nan
CGAAGTACCAACTG-1,B,nan
CGAATCGAGGAGCA-1,Mono,nan
CGAATCGAGGAGGT-1,CD4 T,nan
CGACAAACCCATAG-1,CD4 T,nan
CGACAAACCGACAT-1,B,nan
CGACCACTAAAGTG-1,NK,nan
CGACCACTGCCAAT-1,NK,nan
CGACCGGAAGGTCT-1,CD4 T,nan
CGACCGGATGGAAA-1,CD4 T,nan
CGACCTTGCTAGTG-1,CD4 T,nan
CGACCTTGGCAAGG-1,CD4 T,nan
CGACGTCTATCGTG-1,Platelet,nan
CGACGTCTCGTGTA-1,CD4 T,nan
CGACGTCTGAGGCA-1,CD4 T,nan
CGACTCACGTCGTA-1,CD4 T,nan
CGACTCACGTTGCA-1,CD4 T,nan
CGACTCTGTGTGAC-1,CD4 T,nan
CGACTGCTTCCTCG-1,Mono,nan
CGAGAACTAAGGCG-1,Platelet,nan
CGAGAACTACGTTG-1,CD4 T,nan
CGAGAACTTGTTCT-1,Mono,nan
CGAGATTGGACACT-1,Platelet,nan
CGAGATTGGCCATA-1,CD4 T,nan
CGAGCCGAACACCA-1,CD4 T,nan
CGAGCCGACGACAT-1,CD4 T,nan
CGAGCCGAGGCGAA-1,CD4 T,nan
CGAGCGTGCTCCAC-1,CD4 T,nan
CGAGCGTGGATACC-1,CD4 T,nan
CGAGCGTGTATGCG-1,Mono,nan
CGAGGAGACCTCCA-1,B,nan
CGAGGAGATGTCGA-1,CD4 T,nan
CGAGGCACCTATGG-1,CD4 T,nan
CGAGGCACTATGCG-1,Mono,nan
CGAGGCACTCTTCA-1,Platelet,nan
CGAGGCTGACGCTA-1,NK,nan
CGAGGCTGGCAGTT-1,Mono,nan
CGAGGGCTACGACT-1,B,nan
CGAGGGCTCGAATC-1,Platelet,nan
CGAGTATGTCACCC-1,Mono,nan
CGATACGAACAGTC-1,Mono,nan
CGATACGACAGGAG-1,CD4 T,nan
CGATACGATTCACT-1,B,nan
CGATAGACCCGTAA-1,Mono,nan
CGATAGACCGTACA-1,CD4 T,nan
CGATAGACGTAGGG-1,Mono,nan
CGATAGACTGTTCT-1,CD4 T,nan
CGATCAGAAGAACA-1,CD4 T,nan
CGATCAGAGAGGGT-1,CD4 T,nan
CGATCAGAGGTACT-1,CD4 T,nan
CGATCAGATGTGAC-1,Mono,nan
CGATCCACCGGGAA-1,CD4 T,nan
CGATCCACTTCCAT-1,B,nan
CGCAAATGCTCGAA-1,CD4 T,nan
CGCAACCTCCTTGC-1,CD4 T,nan
CGCAACCTGGACGA-1,CD4 T,nan
CGCACGGAGGACGA-1,B,nan
CGCACGGATCTTTG-1,CD4 T,nan
CGCACTACAGAATG-1,CD4 T,nan
CGCACTACAGCCAT-1,CD4 T,nan
CGCACTACATTGGC-1,CD4 T,nan
CGCACTACTCGCCT-1,B,nan
CGCACTACTCGTGA-1,CD4 T,nan
CGCACTTGTCACGA-1,Mono,nan
CGCAGGACAGATCC-1,CD4 T,nan
CGCAGGACCTACTT-1,CD4 T,nan
CGCAGGACTTGTCT-1,Mono,nan
CGCAGGTGCACTGA-1,CD4 T,nan
CGCAGGTGCCATAG-1,Mono,nan
CGCAGGTGGGAACG-1,CD4 T,nan
CGCATAGATCACGA-1,Mono,nan
CGCCATACTGCAAC-1,CD4 T,nan
CGCCATTGAGAGGC-1,CD4 T,nan
CGCCATTGCTATGG-1,CD4 T,nan
CGCCATTGGAGACG-1,CD4 T,nan
CGCCATTGGAGCAG-1,B,nan
CGCCATTGTACTGG-1,B,nan
CGCCGAGAGCTTAG-1,NK,nan
CGCCTAACGAATGA-1,Mono,nan
CGCCTAACTGCTCC-1,CD4 T,nan
CGCGAGACACAGCT-1,CD4 T,nan
CGCGAGACAGGTCT-1,B,nan
CGCGAGACGCTACA-1,CD4 T,nan
CGCGATCTCAGTCA-1,Mono,nan
CGCGATCTGTTGAC-1,Mono,nan
CGCGATCTTTCTTG-1,B,nan
CGCGGATGGCCAAT-1,CD4 T,nan
CGCTAAGAATGTCG-1,CD4 T,nan
CGCTAAGACAACTG-1,CD4 T,nan
CGCTAAGACCCTTG-1,CD4 T,nan
CGCTACTGAACAGA-1,Mono,nan
CGCTACTGAGAACA-1,CD4 T,nan
CGCTACTGTGAGCT-1,CD4 T,nan
CGCTACTGTTCCCG-1,Platelet,nan
CGCTCATGCATTTC-1,Mono,nan
CGGAATTGCACTAG-1,CD4 T,nan
CGGAATTGGTTTGG-1,CD4 T,nan
CGGAATTGTGGAGG-1,CD4 T,nan
CGGACCGATGCGTA-1,NK,nan
CGGACCGATGGGAG-1,CD4 T,nan
CGGACTCTAAACAG-1,B,nan
CGGACTCTCCAATG-1,CD4 T,nan
CGGACTCTCCTCGT-1,CD4 T,nan
CGGAGGCTATTCCT-1,Platelet,nan
CGGAGGCTTGGATC-1,CD4 T,nan
CGGATAACAACGAA-1,Mono,nan
CGGATAACAGCTCA-1,CD4 T,nan
CGGATAACTCAGTG-1,Mono,nan
CGGCACGAACTCAG-1,CD4 T,nan
CGGCACGAAGGGTG-1,CD4 T,nan
CGGCACGACTACGA-1,Mono,nan
CGGCATCTTAGAAG-1,CD4 T,nan
CGGCATCTTCGTAG-1,Mono,nan
CGGCCAGAAAGGTA-1,CD4 T,nan
CGGCCAGAGAGGCA-1,NK,nan
CGGCGAACCAGTCA-1,Mono,nan
CGGCGAACGACAAA-1,NK,nan
CGGCGAACGGTCTA-1,CD4 T,nan
CGGCGAACTACTTC-1,NK,nan
CGGGACTGCGTGTA-1,CD4 T,nan
CGGGACTGGAATAG-1,CD8 T,nan
CGGGCATGACCCAA-1,Platelet,nan
CGGGCATGTCTCTA-1,NK,nan
CGGGCATGTTGTGG-1,CD4 T,nan
CGGTAAACTCGCAA-1,CD4 T,nan
CGGTCACTGTTTGG-1,CD4 T,nan
CGGTCACTTACTTC-1,CD4 T,nan
CGTAACGAATCAGC-1,CD4 T,nan
CGTAACGATCGCCT-1,CD4 T,nan
CGTACCACACACAC-1,CD4 T,nan
CGTACCACACGTTG-1,CD4 T,nan
CGTACCACCTCATT-1,CD4 T,nan
CGTACCACGCTACA-1,CD4 T,nan
CGTACCACGGAGCA-1,CD4 T,nan
CGTACCTGGACGAG-1,Mono,nan
CGTACCTGGCATCA-1,NK,nan
CGTAGCCTCTCTCG-1,Mono,nan
CGTAGCCTGCGAAG-1,CD4 T,nan
CGTAGCCTGTATGC-1,Mono,nan
CGTCAAGAAAGGTA-1,Mono,nan
CGTCAAGAACGTGT-1,CD4 T,nan
CGTCAAGACAGAGG-1,CD4 T,nan
CGTCAAGACAGGAG-1,CD4 T,nan
CGTCCATGCTCTTA-1,CD4 T,nan
CGTCGACTTTCCGC-1,CD4 T,nan
CGTGATGACGCTAA-1,CD4 T,nan
CGTGATGAGGTTCA-1,CD4 T,nan
CGTGCACTTATGGC-1,Mono,nan
CGTGTAGAAAAACG-1,CD4 T,nan
CGTGTAGACGATAC-1,NK,nan
CGTGTAGAGTTACG-1,NK,nan
CGTGTAGAGTTCAG-1,Mono,nan
CGTGTAGATTCGGA-1,NK,nan
CGTTAGGAAACCAC-1,CD4 T,nan
CGTTAGGATCATTC-1,Mono,nan
CGTTATACCCTGAA-1,NK,nan
CGTTTAACTGGTCA-1,CD4 T,nan
CTAAACCTCTGACA-1,NK,nan
CTAAACCTGTGCAT-1,B,nan
CTAACACTAACGTC-1,CD4 T,nan
CTAACACTAGTGCT-1,Mono,nan
CTAACGGAACCGAT-1,NK,nan
CTAACGGATTTCTG-1,CD4 T,nan
CTAACTACGGCAAG-1,Platelet,nan
CTAAGGACACCATG-1,CD4 T,nan
CTAAGGACCGTTAG-1,CD4 T,nan
CTAAGGACGCCATA-1,Mono,nan
CTAAGGTGCCTAAG-1,B,nan
CTAAGGTGTTGCAG-1,CD4 T,nan
CTAAGGTGTTTCTG-1,CD4 T,nan
CTAATAGAGCTATG-1,Platelet,nan
CTAATGCTTGTGGT-1,Mono,nan
CTACAACTCCCGTT-1,NK,nan
CTACCTCTCAACCA-1,CD4 T,nan
CTACGCACACCTAG-1,Mono,nan
CTACGCACTCTCCG-1,CD4 T,nan
CTACGCACTGGTCA-1,NK,nan
CTACGGCTTTCTTG-1,Mono,nan
CTACTATGAACCAC-1,Mono,nan
CTACTATGATGTGC-1,Mono,nan
CTACTATGCTAAGC-1,CD4 T,nan
CTACTATGTAAAGG-1,B,nan
CTACTCCTATGTCG-1,NK,nan
CTACTCCTGCCATA-1,Mono,nan
CTAGAGACACTTTC-1,CD4 T,nan
CTAGAGACAGCATC-1,CD4 T,nan
CTAGAGACTTTGGG-1,Mono,nan
CTAGATCTCTCTAT-1,CD4 T,nan
CTAGATCTTCGACA-1,CD4 T,nan
CTAGGATGAGCCTA-1,B,nan
CTAGGATGATCGTG-1,B,nan
CTAGGCCTCTCAGA-1,CD4 T,nan
CTAGGTGATGGTTG-1,Mono,nan
CTAGTTACCAGAGG-1,CD4 T,nan
CTAGTTACCGCATA-1,CD4 T,nan
CTAGTTACGAAACA-1,NK,nan
CTAGTTTGAGTACC-1,CD4 T,nan
CTATAAGATCGTTT-1,B,nan
CTATACTGAGGTTC-1,Mono,nan
CTATACTGCCAGTA-1,CD4 T,nan
CTATACTGCGCTAA-1,Mono,nan
CTATACTGCTACGA-1,NK,nan
CTATACTGTCTCAT-1,NK,nan
CTATACTGTTCGTT-1,Platelet,nan
CTATAGCTGTCACA-1,CD4 T,nan
CTATAGCTTCGCTC-1,Mono,nan
CTATAGCTTGCCTC-1,Mono,nan
CTATCAACGAACTC-1,CD4 T,nan
CTATCAACGCAGAG-1,CD4 T,nan
CTATCAACTTTGGG-1,CD4 T,nan
CTATCCCTCCACCT-1,Mono,nan
CTATGTACGAGAGC-1,CD4 T,nan
CTATGTACGCTTAG-1,CD4 T,nan
CTATGTACTGTTTC-1,B,nan
CTATGTTGAAAGCA-1,CD4 T,nan
CTATGTTGTCCTCG-1,CD4 T,nan
CTATGTTGTCTCGC-1,CD4 T,nan
CTATTGACAAACGA-1,Mono,nan
CTATTGACACTGGT-1,Mono,nan
CTATTGACGGTGAG-1,Mono,nan
CTATTGTGGCAAGG-1,CD4 T,nan
CTCAATTGGTTCAG-1,CD4 T,nan
CTCAATTGGTTGCA-1,Mono,nan
CTCAGAGATAGAAG-1,CD4 T,nan
CTCAGCACTCTAGG-1,CD4 T,nan
CTCAGCACTGAACC-1,Mono,nan
CTCAGCACTTGCAG-1,CD4 T,nan
CTCAGCTGAACCTG-1,Mono,nan
CTCAGCTGCAGTTG-1,CD4 T,nan
CTCAGCTGTTTCTG-1,Platelet,nan
CTCAGGCTCGTTGA-1,Mono,nan
CTCAGGCTGCTAAC-1,CD4 T,nan
CTCATTGACCTTAT-1,CD4 T,nan
CTCATTGATGCTTT-1,Mono,nan
CTCATTGATTGCTT-1,Mono,nan
CTCCACGAGAGATA-1,Mono,nan
CTCCATCTCTTAGG-1,CD4 T,nan
CTCCATCTGACGAG-1,CD4 T,nan
CTCCGAACAAGTGA-1,Mono,nan
CTCCTACTGCCTTC-1,Mono,nan
CTCGAAGATGTGGT-1,CD4 T,nan
CTCGAAGATTAGGC-1,Mono,nan
CTCGACTGCTCTAT-1,CD4 T,nan
CTCGACTGGGTGAG-1,CD4 T,nan
CTCGACTGGTTGAC-1,NK,nan
CTCGAGCTCTGGAT-1,NK,nan
CTCGCATGACTTTC-1,CD4 T,nan
CTCGCATGCTTAGG-1,CD4 T,nan
CTCTAAACCTCGAA-1,CD4 T,nan
CTCTAAACGGCGAA-1,Platelet,nan
CTCTAATGTCCAAG-1,Mono,nan
CTGAACGACAGTCA-1,CD4 T,nan
CTGAACGATGAGGG-1,CD4 T,nan
CTGAAGACCCAACA-1,CD4 T,nan
CTGAAGACGTGCAT-1,B,nan
CTGAAGTGAAGCCT-1,Mono,nan
CTGAAGTGCAGCTA-1,B,nan
CTGAAGTGGCTATG-1,CD4 T,nan
CTGAAGTGTCCAGA-1,CD4 T,nan
CTGAATCTGAATAG-1,CD4 T,nan
CTGACAGAATCGTG-1,CD8 T,nan
CTGACCACAGCAAA-1,CD4 T,nan
CTGAGAACCGGGAA-1,CD4 T,nan
CTGAGAACGTAAAG-1,NK,nan
CTGATACTAGTAGA-1,CD4 T,nan
CTGATTTGGTGTTG-1,Mono,nan
CTGCAGCTAACCGT-1,CD4 T,nan
CTGCAGCTGACACT-1,CD4 T,nan
CTGCAGCTGGATTC-1,Mono,nan
CTGCAGCTTGGCAT-1,CD4 T,nan
CTGCCAACAGGAGC-1,CD4 T,nan
CTGCCAACCAGCTA-1,CD4 T,nan
CTGCCAACTAACCG-1,Mono,nan
CTGCCAACTGCTCC-1,Platelet,nan
CTGCCAACTTGCAG-1,CD4 T,nan
CTGCCAACTTGCTT-1,CD4 T,nan
CTGCGACTCCACCT-1,CD4 T,nan
CTGGAAACAAACGA-1,CD4 T,nan
CTGGAAACATCGAC-1,CD4 T,nan
CTGGATGACTGGAT-1,Platelet,nan
CTGGATGACTTGTT-1,CD4 T,nan
CTGGATGATGTGAC-1,B,nan
CTGGCACTCAAGCT-1,Mono,nan
CTGGCACTGGACAG-1,CD4 T,nan
CTGTAACTAACCAC-1,CD4 T,nan
CTGTAACTAGCGTT-1,CD4 T,nan
CTGTATACGTAAAG-1,CD4 T,nan
CTGTATACGTACGT-1,Mono,nan
CTGTATACGTTGGT-1,CD4 T,nan
CTGTGAGACAACCA-1,Mono,nan
CTGTGAGACCTTGC-1,Platelet,nan
CTGTGAGACGAACT-1,Mono,nan
CTGTGAGACTGTAG-1,Mono,nan
CTTAAAGAACCTGA-1,CD4 T,nan
CTTAACACCTGTAG-1,CD4 T,nan
CTTAACACGAGCTT-1,CD4 T,nan
CTTAACACTATCGG-1,B,nan
CTTAAGCTACCTAG-1,CD4 T,nan
CTTAAGCTAGTACC-1,CD4 T,nan
CTTAAGCTCATCAG-1,CD4 T,nan
CTTAAGCTCCGCTT-1,B,nan
CTTAAGCTTCCTCG-1,CD4 T,nan
CTTACAACTAACGC-1,CD4 T,nan
CTTACAACTCCCGT-1,Mono,nan
CTTACTGACGTACA-1,CD4 T,nan
CTTAGACTAAACGA-1,CD4 T,nan
CTTAGGGACTTGCC-1,CD4 T,nan
CTTAGGGAGAATCC-1,CD4 T,nan
CTTATCGACTCATT-1,CD4 T,nan
CTTCACCTACCTGA-1,Mono,nan
CTTCATGAAGCATC-1,B,nan
CTTCATGAAGTACC-1,CD4 T,nan
CTTCATGACCGAAT-1,CD4 T,nan
CTTGAACTACGCAT-1,CD4 T,nan
CTTGATTGAGGTTC-1,CD4 T,nan
CTTGATTGATCTTC-1,Mono,nan
CTTGATTGCATTCT-1,CD4 T,nan
CTTGATTGTTTCGT-1,CD4 T,nan
CTTGTATGACACCA-1,B,nan
CTTGTATGCGCAAT-1,B,nan
CTTTACGAGCGAAG-1,CD4 T,nan
CTTTAGACCGTGAT-1,CD4 T,nan
CTTTAGACGAGACG-1,CD4 T,nan
CTTTAGACGATACC-1,CD4 T,nan
CTTTAGACGTTGGT-1,CD4 T,nan
CTTTAGACTCATTC-1,CD8 T,nan
CTTTAGTGACGGGA-1,NK,nan
CTTTAGTGGGTGGA-1,CD4 T,nan
CTTTCAGAGAAACA-1,CD4 T,nan
CTTTGATGAGCACT-1,CD4 T,nan
CTTTGATGTCTAGG-1,CD4 T,nan
CTTTGATGTGTCCC-1,CD4 T,nan
CTTTGATGTGTGGT-1,CD4 T,nan
GAAACAGAACTACG-1,CD4 T,nan
GAAACAGAATCACG-1,CD4 T,nan
GAAACAGACATTCT-1,CD4 T,nan
GAAACCTGATCGTG-1,CD4 T,nan
GAAACCTGATGCCA-1,CD4 T,nan
GAAACCTGCTTATC-1,CD4 T,nan
GAAACCTGGACTAC-1,Platelet,nan
GAAACCTGTGCTAG-1,CD4 T,nan
GAAAGATGATTTCC-1,CD4 T,nan
GAAAGATGCTGATG-1,Mono,nan
GAAAGATGCTTCGC-1,Mono,nan
GAAAGATGTAAGGA-1,CD4 T,nan
GAAAGATGTTTGCT-1,CD4 T,nan
GAAAGCCTACGTTG-1,B,nan
GAAAGTGAAAGTGA-1,Mono,nan
GAAAGTGACCACAA-1,Mono,nan
GAAAGTGACTCAAG-1,CD4 T,nan
GAAATACTACCAAC-1,Mono,nan
GAAATACTCTTAGG-1,B,nan
GAAATACTTCCTCG-1,CD4 T,nan
GAACACACGTGCAT-1,Mono,nan
GAACACACTGCCTC-1,CD4 T,nan
GAACAGCTAACTGC-1,Mono,nan
GAACAGCTCTCAGA-1,Mono,nan
GAACCAACCACAAC-1,Platelet,nan
GAACCAACTTCCGC-1,NK,nan
GAACCTGAACGTGT-1,CD4 T,nan
GAACCTGAGAGACG-1,CD4 T,nan
GAACCTGATGAACC-1,CD4 T,nan
GAACGGGATACTTC-1,CD4 T,nan
GAACGTTGACGGAG-1,NK,nan
GAACTGTGACCTGA-1,Mono,nan
GAACTGTGCCAGTA-1,Mono,nan
GAAGAATGCAATCG-1,CD4 T,nan
GAAGCGGACCTATT-1,Mono,nan
GAAGCTACGAATGA-1,Mono,nan
GAAGCTACGGTTTG-1,CD4 T,nan
GAAGGGTGAAAGTG-1,CD4 T,nan
GAAGGGTGCTTAGG-1,Mono,nan
GAAGGTCTGAAAGT-1,CD4 T,nan
GAAGGTCTGTTGCA-1,CD4 T,nan
GAAGGTCTTAAAGG-1,Mono,nan
GAAGTAGACTCCCA-1,NK,nan
GAAGTAGATCCAAG-1,Mono,nan
GAAGTCACCCTCGT-1,Mono,nan
GAAGTCACCCTGTC-1,B,nan
GAAGTCTGTCGCAA-1,B,nan
GAAGTCTGTTCTGT-1,CD4 T,nan
GAAGTGCTAAACGA-1,NK,nan
GAAGTGCTCCGCTT-1,Mono,nan
GAAGTGCTTAACCG-1,CD4 T,nan
GAATGCACCCTAAG-1,CD4 T,nan
GAATGCACCTTCGC-1,NK,nan
GAATGCTGCGGTAT-1,CD4 T,nan
GAATGGCTAAGATG-1,CD4 T,nan
GAATTAACGATAAG-1,CD4 T,nan
GAATTAACGGTCAT-1,CD4 T,nan
GAATTAACGTCGTA-1,NK,nan
GAATTAACTGAAGA-1,B,nan
GACAACACAGGCGA-1,CD4 T,nan
GACAACACATCGTG-1,CD4 T,nan
GACAACACTCGCCT-1,Platelet,nan
GACAACTGAGGTTC-1,CD4 T,nan
GACAGGGAAGAGTA-1,B,nan
GACAGGGAATGCCA-1,CD4 T,nan
GACAGTACGAGCTT-1,Mono,nan
GACAGTACTTCGGA-1,Mono,nan
GACAGTTGAGTAGA-1,B,nan
GACATTCTCCACCT-1,Mono,nan
GACCAAACGACTAC-1,Mono,nan
GACCAAACGTATCG-1,Mono,nan
GACCATGACTCTCG-1,Mono,nan
GACCCTACTAAAGG-1,B,nan
GACCTAGACCTCAC-1,CD4 T,nan
GACCTAGACGAGAG-1,CD4 T,nan
GACCTCACAAGGTA-1,CD4 T,nan
GACCTCACGTACGT-1,Mono,nan
GACCTCTGCATCAG-1,CD4 T,nan
GACGAACTCCCACT-1,CD4 T,nan
GACGATTGCCAATG-1,B,nan
GACGCCGACCTTCG-1,CD4 T,nan
GACGCTCTCTCTCG-1,Platelet,nan
GACGGCACACGGGA-1,NK,nan
GACGGCACGAGATA-1,Mono,nan
GACGTAACCTATGG-1,CD4 T,nan
GACGTAACCTGTGA-1,CD4 T,nan
GACGTAACTATGGC-1,CD4 T,nan
GACGTATGTTGACG-1,CD4 T,nan
GACGTATGTTTGCT-1,CD4 T,nan
GACGTCCTACGGAG-1,CD4 T,nan
GACGTCCTCTCAAG-1,Mono,nan
GACGTCCTGATAAG-1,B,nan
GACTACGATGGTCA-1,B,nan
GACTCCTGCTCGCT-1,CD4 T,nan
GACTCCTGGGTTAC-1,CD4 T,nan
GACTCCTGTTATCC-1,CD4 T,nan
GACTCCTGTTGGTG-1,Mono,nan
GACTGAACAACCGT-1,B,nan
GACTGAACCAATCG-1,Mono,nan
GACTGATGTGATGC-1,CD4 T,nan
GACTTTACATGCCA-1,CD4 T,nan
GACTTTACGACAGG-1,B,nan
GAGAAATGTTCTCA-1,B,nan
GAGATAGAAAAAGC-1,Mono,nan
GAGATCACGACAAA-1,Mono,nan
GAGATGCTCTGGAT-1,CD4 T,nan
GAGATGCTGAATGA-1,CD4 T,nan
GAGCAGGATTCCCG-1,CD4 T,nan
GAGCATACTTTGCT-1,Mono,nan
GAGCGCACGCGTAT-1,Mono,nan
GAGCGCACGGTGAG-1,CD4 T,nan
GAGCGCTGAAGATG-1,NK,nan
GAGCGCTGTCTTAC-1,Mono,nan
GAGCGGCTGGGAGT-1,B,nan
GAGGACGACTCAGA-1,CD4 T,nan
GAGGATCTGAAAGT-1,B,nan
GAGGCAGACTTGCC-1,CD4 T,nan
GAGGGAACACCAGT-1,CD4 T,nan
GAGGGAACGAGGGT-1,CD4 T,nan
GAGGGATGGGAAAT-1,CD4 T,nan
GAGGGCCTTCACCC-1,CD4 T,nan
GAGGGTGAAGAGTA-1,CD4 T,nan
GAGGTACTACGGTT-1,CD4 T,nan
GAGGTACTACTCAG-1,Mono,nan
GAGGTACTGACACT-1,NK,nan
GAGGTACTGGGAGT-1,CD4 T,nan
GAGGTACTTAGCGT-1,Mono,nan
GAGGTGGAGTACGT-1,Platelet,nan
GAGGTGGATCCTCG-1,NK,nan
GAGGTTACTCGTTT-1,Mono,nan
GAGGTTTGTAAGCC-1,Mono,nan
GAGTCAACCATTCT-1,CD4 T,nan
GAGTCAACGGGAGT-1,CD4 T,nan
GAGTCTGATCGTGA-1,CD4 T,nan
GAGTCTGATTTGGG-1,B,nan
GAGTGACTCAGCTA-1,CD4 T,nan
GAGTGACTCGGTAT-1,CD4 T,nan
GAGTGACTCTTGCC-1,B,nan
GAGTGACTGACTAC-1,B,nan
GAGTGACTGTCTAG-1,CD4 T,nan
GAGTGGGAGTCTTT-1,B,nan
GAGTGGGATGCCCT-1,CD4 T,nan
GAGTGGGATGCTGA-1,B,nan
GAGTGTTGCTGTAG-1,CD4 T,nan
GAGTGTTGTGGTCA-1,CD4 T,nan
GAGTTGTGCATGGT-1,Mono,nan
GAGTTGTGCTGAGT-1,CD4 T,nan
GAGTTGTGGCGAGA-1,Mono,nan
GAGTTGTGGTAGCT-1,Platelet,nan
GAGTTGTGTATGCG-1,Mono,nan
GATAAGGAGAAACA-1,Mono,nan
GATAAGGATTCACT-1,Mono,nan
GATACTCTATCGGT-1,CD4 T,nan
GATACTCTTACTTC-1,CD4 T,nan
GATACTCTTGACTG-1,Mono,nan
GATAGAGAAGGGTG-1,NK,nan
GATAGAGACTGTGA-1,CD4 T,nan
GATAGAGATCACGA-1,Mono,nan
GATAGCACCCATAG-1,CD4 T,nan
GATAGCACGAAGGC-1,Mono,nan
GATAGCACTTGTCT-1,CD4 T,nan
GATATAACAAGGTA-1,CD4 T,nan
GATATAACACGCAT-1,CD4 T,nan
GATATATGCTGGAT-1,CD4 T,nan
GATATATGTCCGTC-1,CD4 T,nan
GATATATGTGGAGG-1,Mono,nan
GATATCCTAGAAGT-1,CD4 T,nan
GATATCCTCCCGTT-1,Mono,nan
GATATTGACAGGAG-1,CD4 T,nan
GATATTGACGAGTT-1,Mono,nan
GATATTGAGCCAAT-1,CD4 T,nan
GATCCCTGACCTTT-1,NK,nan
GATCCCTGTGTAGC-1,CD4 T,nan
GATCCGCTGGTCAT-1,Mono,nan
GATCGAACCGAGAG-1,CD4 T,nan
GATCGATGACTAGC-1,B,nan
GATCGATGGTAAAG-1,B,nan
GATCGATGTAAGGA-1,Mono,nan
GATCGTGACACTAG-1,CD4 T,nan
GATCGTGATTCACT-1,CD4 T,nan
GATCTACTGGTGAG-1,CD4 T,nan
GATCTACTTTGCAG-1,B,nan
GATCTTACACCCAA-1,Mono,nan
GATCTTACCCTACC-1,CD4 T,nan
GATCTTACGAATAG-1,Mono,nan
GATCTTACGAGATA-1,Mono,nan
GATGCAACTCCAGA-1,CD4 T,nan
GATGCCCTACGTAC-1,CD4 T,nan
GATGCCCTCTCATT-1,CD4 T,nan
GATGCCCTGGCAAG-1,Mono,nan
GATGCCCTTTTGCT-1,CD4 T,nan
GATTACCTTGTTCT-1,CD4 T,nan
GATTCGGAACGACT-1,CD4 T,nan
GATTCGGACAGGAG-1,Mono,nan
GATTCGGAGAAGGC-1,Mono,nan
GATTCTTGATTCGG-1,Mono,nan
GATTCTTGCCGATA-1,CD4 T,nan
GATTCTTGCGAGTT-1,B,nan
GATTGGACCCGTTC-1,B,nan
GATTGGACGGTGTT-1,B,nan
GATTGGACTTTCGT-1,B,nan
GATTGGTGTGTCAG-1,CD4 T,nan
GATTTAGACACTCC-1,Mono,nan
GATTTAGACTAAGC-1,B,nan
GATTTAGATTCGTT-1,Mono,nan
GATTTGCTAACGAA-1,CD4 T,nan
GATTTGCTAACGGG-1,Mono,nan
GCAACCCTCCTCGT-1,Mono,nan
GCAACTGATTGCGA-1,CD4 T,nan
GCAAGACTACTGGT-1,CD4 T,nan
GCAAGACTAGGTCT-1,CD4 T,nan
GCAAGACTCCCTTG-1,CD4 T,nan
GCAATCGACTGCAA-1,CD4 T,nan
GCAATCGAGACGTT-1,Mono,nan
GCAATCGATCCTTA-1,Mono,nan
GCAATTCTCGTGTA-1,CD4 T,nan
GCAATTCTTCTCCG-1,CD4 T,nan
GCACAAACAATGCC-1,CD4 T,nan
GCACAAACGGTACT-1,CD4 T,nan
GCACAATGGTGCAT-1,Mono,nan
GCACACCTGTGCTA-1,NK,nan
GCACCACTCATGAC-1,Mono,nan
GCACCACTGTTTGG-1,Mono,nan
GCACCACTTCCTTA-1,NK,nan
GCACCACTTTCGGA-1,Mono,nan
GCACCTACGCGATT-1,CD4 T,nan
GCACCTTGGCTGTA-1,CD4 T,nan
GCACCTTGGGGAGT-1,Mono,nan
GCACGGACCAGCTA-1,CD4 T,nan
GCACGGTGACCTCC-1,CD4 T,nan
GCACGGTGCTATGG-1,Mono,nan
GCACTAGAACGGGA-1,CD4 T,nan
GCACTAGAAGATGA-1,B,nan
GCACTAGACCTTTA-1,Mono,nan
GCACTAGACGTAAC-1,B,nan
GCACTAGAGTCGTA-1,NK,nan
GCACTAGATGCAAC-1,CD4 T,nan
GCACTGCTGAGGCA-1,Platelet,nan
GCAGATACAGCGTT-1,CD4 T,nan
GCAGATACGACGGA-1,CD4 T,nan
GCAGATACGCAGAG-1,CD4 T,nan
GCAGCCGACAGTCA-1,CD4 T,nan
GCAGCGTGCACTCC-1,CD4 T,nan
GCAGCTCTCAATCG-1,CD4 T,nan
GCAGCTCTGTTTCT-1,CD4 T,nan
GCAGGGCTAAGAAC-1,CD4 T,nan
GCAGGGCTAAGGGC-1,CD4 T,nan
GCAGGGCTATCGAC-1,NK,nan
GCAGGGCTTGGGAG-1,CD4 T,nan
GCAGTCCTAACTGC-1,CD4 T,nan
GCAGTCCTCTCTTA-1,CD4 T,nan
GCATCAGATGCGTA-1,CD4 T,nan
GCATGTGACAAGCT-1,CD4 T,nan
GCATTGGAGAAGGC-1,CD4 T,nan
GCCAAAACGAGGCA-1,Platelet,nan
GCCAAATGATCGAC-1,CD4 T,nan
GCCAACCTACGGTT-1,CD4 T,nan
GCCAACCTCGCCTT-1,CD4 T,nan
GCCACGGAGGCGAA-1,Mono,nan
GCCACGGATACTGG-1,CD4 T,nan
GCCACTACCTACTT-1,B,nan
GCCACTACGTCTTT-1,CD4 T,nan
GCCCAACTACCGAT-1,CD4 T,nan
GCCCAACTATGGTC-1,CD4 T,nan
GCCCATACAGCGTT-1,CD4 T,nan
GCCGACGAACTCTT-1,Mono,nan
GCCGAGTGCGTTGA-1,CD4 T,nan
GCCGGAACGAACTC-1,CD8 T,nan
GCCGGAACGTTCTT-1,NK,nan
GCCGGAACTGCACA-1,NK,nan
GCCGGAACTTACTC-1,CD4 T,nan
GCCGTACTACCTGA-1,CD4 T,nan
GCCGTACTGGCAAG-1,Mono,nan
GCCTACACAGTTCG-1,NK,nan
GCCTACACCACTGA-1,Mono,nan
GCCTACACCTTGAG-1,CD4 T,nan
GCCTAGCTACGGAG-1,B,nan
GCCTAGCTCTATTC-1,CD4 T,nan
GCCTAGCTTCTCAT-1,CD4 T,nan
GCCTAGCTTCTCTA-1,Mono,nan
GCCTCAACCATGGT-1,CD4 T,nan
GCCTCAACTCTTTG-1,CD4 T,nan
GCCTCATGTCTTAC-1,CD4 T,nan
GCCTGACTCTCAAG-1,Mono,nan
GCGAAGGAACTCTT-1,Platelet,nan
GCGAAGGAGAGCTT-1,CD4 T,nan
GCGAAGGATGCCAA-1,CD4 T,nan
GCGAGAGAGGGACA-1,CD4 T,nan
GCGAGCACTGTCGA-1,B,nan
GCGAGCACTTGACG-1,CD4 T,nan
GCGAGCACTTGCTT-1,Mono,nan
GCGATATGGTACGT-1,CD4 T,nan
GCGATATGGTGTTG-1,CD4 T,nan
GCGCACGAAGTCGT-1,CD4 T,nan
GCGCACGACTTTAC-1,Mono,nan
GCGCATCTAGGTCT-1,CD4 T,nan
GCGCATCTGGTTAC-1,Platelet,nan
GCGCATCTTCGATG-1,CD4 T,nan
GCGCATCTTGCTCC-1,NK,nan
GCGCATCTTTCTAC-1,CD4 T,nan
GCGCGAACGTTCTT-1,B,nan
GCGCGATGAACGGG-1,CD4 T,nan
GCGCGATGGTGCAT-1,NK,nan
GCGGAGCTCCTGAA-1,CD4 T,nan
GCGGCAACCCGATA-1,CD4 T,nan
GCGGCAACGGAGGT-1,B,nan
GCGGCAACTGTCGA-1,Mono,nan
GCGTAAACACGGTT-1,Mono,nan
GCGTAATGCACCAA-1,Mono,nan
GCGTATGAACACCA-1,CD4 T,nan
GCGTATGATGAGAA-1,Mono,nan
GCTACAGAAAGGTA-1,CD4 T,nan
GCTACAGAATCTTC-1,B,nan
GCTACAGATCTTAC-1,CD4 T,nan
GCTACCTGAGAAGT-1,Mono,nan
GCTACCTGATCACG-1,CD4 T,nan
GCTACGCTAGAATG-1,CD4 T,nan
GCTACGCTAGCTAC-1,CD4 T,nan
GCTACGCTCCCTAC-1,CD4 T,nan
GCTAGAACAGAGGC-1,B,nan
GCTAGAACGGATCT-1,CD4 T,nan
GCTAGAACTCCCGT-1,CD4 T,nan
GCTAGATGAGCTCA-1,Mono,nan
GCTAGATGGCGATT-1,CD4 T,nan
GCTATACTAAGGCG-1,CD4 T,nan
GCTATACTAGCGTT-1,CD4 T,nan
GCTATACTCTCTTA-1,CD4 T,nan
GCTATACTGGACGA-1,CD4 T,nan
GCTCAAGAACCATG-1,Mono,nan
GCTCAAGAAGTCAC-1,Mono,nan
GCTCAGCTGTCTAG-1,CD4 T,nan
GCTCCATGAGAAGT-1,NK,nan
GCTCCATGCCGAAT-1,CD4 T,nan
GCTCGACTCTAGTG-1,Mono,nan
GCTGATGAGGTATC-1,Mono,nan
GCTTAACTACAGTC-1,Mono,nan
GCTTAACTACTGGT-1,CD4 T,nan
GCTTAACTGCTGAT-1,CD4 T,nan
GCTTAACTTAGACC-1,Mono,nan
GCTTAACTTCAGTG-1,CD4 T,nan
GGAACACTCACTTT-1,Mono,nan
GGAACACTTCAGAC-1,Platelet,nan
GGAACTACTACTTC-1,CD4 T,nan
GGAACTTGAAGGTA-1,Mono,nan
GGAACTTGAGAATG-1,CD4 T,nan
GGAACTTGCTCCAC-1,Mono,nan
GGAACTTGGGTAGG-1,B,nan
GGAAGGACATCGGT-1,Mono,nan
GGAAGGACCACTAG-1,CD4 T,nan
GGAAGGACGAGGGT-1,CD4 T,nan
GGAAGGACGCGAAG-1,CD4 T,nan
GGAAGGTGGCGAGA-1,NK,nan
GGAATCTGAAGGGC-1,CD4 T,nan
GGAATCTGAGGAGC-1,CD4 T,nan
GGAATCTGCTTAGG-1,B,nan
GGAATCTGCTTGTT-1,Mono,nan
GGAATCTGGGAGGT-1,CD4 T,nan
GGAATGCTTTCTAC-1,CD4 T,nan
GGACAGGAAAGGGC-1,CD4 T,nan
GGACAGGAGTGCTA-1,B,nan
GGACAGGATCTCGC-1,CD4 T,nan
GGACCCGAAGCTAC-1,Mono,nan
GGACCGTGCTTACT-1,Mono,nan
GGACCGTGGGAACG-1,Mono,nan
GGACCGTGTAACGC-1,CD4 T,nan
GGACCTCTGTAAGA-1,Mono,nan
GGACCTCTTTTCTG-1,CD4 T,nan
GGACGAGAGTGTCA-1,Mono,nan
GGACGCTGACGCAT-1,CD4 T,nan
GGACGCTGCTAGCA-1,CD4 T,nan
GGACGCTGTCCTCG-1,NK,nan
GGAGAGACGTGAGG-1,B,nan
GGAGCAGATTCAGG-1,B,nan
GGAGCCACCTTCTA-1,B,nan
GGAGCGCTACGCAT-1,Mono,nan
GGAGCGCTCCGAAT-1,CD4 T,nan
GGAGGATGCCACCT-1,CD4 T,nan
GGAGGATGGTTGAC-1,Mono,nan
GGAGGATGTCAGTG-1,Mono,nan
GGAGGCCTCGTTGA-1,NK,nan
GGAGGCCTTTCTTG-1,CD4 T,nan
GGAGGTGATACGCA-1,CD4 T,nan
GGAGGTGATCGCTC-1,CD4 T,nan
GGATACTGCAGCTA-1,CD4 T,nan
GGATACTGTCTAGG-1,CD4 T,nan
GGATAGCTCGTCTC-1,CD4 T,nan
GGATAGCTCTGAAC-1,CD4 T,nan
GGATGTACCAAAGA-1,B,nan
GGATGTACGCGAAG-1,CD4 T,nan
GGATGTACGTCTTT-1,Mono,nan
GGATGTACGTGTCA-1,CD4 T,nan
GGATTTCTAGGTTC-1,CD4 T,nan
GGATTTCTTTGTCT-1,Mono,nan
GGCAAGGAAAAAGC-1,NK,nan
GGCAAGGAAGAAGT-1,CD4 T,nan
GGCAAGGACTTGGA-1,Mono,nan
GGCAAGGAGGACTT-1,CD4 T,nan
GGCAATACGCTAAC-1,B,nan
GGCAATACGGCATT-1,Platelet,nan
GGCAATACGTTTCT-1,B,nan
GGCACGTGGCTTAG-1,Mono,nan
GGCACGTGTGAGAA-1,B,nan
GGCACTCTTTTGTC-1,CD4 T,nan
GGCATATGCTTATC-1,NK,nan
GGCATATGGGGAGT-1,Platelet,nan
GGCATATGTGTGAC-1,CD4 T,nan
GGCCACGACAGAGG-1,CD4 T,nan
GGCCAGACTGGTTG-1,CD4 T,nan
GGCCCAGAAAGTAG-1,Mono,nan
GGCCGAACAACGAA-1,CD4 T,nan
GGCCGAACGCAGAG-1,CD4 T,nan
GGCCGAACGTAGGG-1,CD4 T,nan
GGCCGAACTCTAGG-1,NK,nan
GGCCGATGCAGGAG-1,CD4 T,nan
GGCCGATGCCGAAT-1,CD4 T,nan
GGCCGATGTACTCT-1,CD4 T,nan
GGCGACACTGCCCT-1,NK,nan
GGCGACTGCGTAAC-1,CD4 T,nan
GGCGCATGCCTAAG-1,Mono,nan
GGCGCATGCTCCAC-1,CD4 T,nan
GGCGCATGTGGAAA-1,CD4 T,nan
GGCGGACTAGAGGC-1,CD4 T,nan
GGCGGACTAGGAGC-1,CD4 T,nan
GGCGGACTCTGACA-1,CD4 T,nan
GGCGGACTCTTGGA-1,Platelet,nan
GGCGGACTTACTGG-1,CD4 T,nan
GGCGGACTTGAACC-1,CD4 T,nan
GGCTAAACACCTGA-1,NK,nan
GGCTAAACTCTTAC-1,CD4 T,nan
GGCTAATGAGCACT-1,CD4 T,nan
GGCTAATGGTCTAG-1,CD4 T,nan
GGCTCACTACTCAG-1,Mono,nan
GGGAACGAAGCTCA-1,Mono,nan
GGGAACGACACAAC-1,B,nan
GGGAACGAGTGTCA-1,Mono,nan
GGGAAGTGTTGAGC-1,Mono,nan
GGGACCACACGTTG-1,CD4 T,nan
GGGACCACAGAACA-1,CD4 T,nan
GGGACCACGAATAG-1,CD4 T,nan
GGGACCACGTCATG-1,CD4 T,nan
GGGACCACTCAAGC-1,Platelet,nan
GGGACCACTCGTGA-1,CD4 T,nan
GGGACCACTGCATG-1,CD4 T,nan
GGGACCTGACCCTC-1,Mono,nan
GGGACCTGCTTGCC-1,CD4 T,nan
GGGACCTGTGGAGG-1,B,nan
GGGATGGACGACAT-1,B,nan
GGGATGGATACTTC-1,CD4 T,nan
GGGATGGATGGTTG-1,Mono,nan
GGGATTACGTCTAG-1,CD4 T,nan
GGGCAAGATGCATG-1,Mono,nan
GGGCACACGGTGAG-1,Platelet,nan
GGGCACACGTTGCA-1,CD4 T,nan
GGGCAGCTTGGGAG-1,CD4 T,nan
GGGCAGCTTTTCTG-1,CD4 T,nan
GGGCCAACCTTGGA-1,Mono,nan
GGGCCAACGCGTTA-1,B,nan
GGGCCAACTACGCA-1,Mono,nan
GGGCCAACTCCAAG-1,B,nan
GGGCCATGATGGTC-1,CD4 T,nan
GGGCCATGTTGACG-1,CD4 T,nan
GGGTAACTCAGCTA-1,CD4 T,nan
GGGTAACTCTAGTG-1,B,nan
GGGTAACTCTGGAT-1,CD4 T,nan
GGGTTAACGTGCAT-1,NK,nan
GGTAAAGAGCTAAC-1,Platelet,nan
GGTACAACTGCAAC-1,CD4 T,nan
GGTACATGAAAGCA-1,B,nan
GGTACATGAGCTCA-1,CD4 T,nan
GGTACATGCGGTAT-1,CD4 T,nan
GGTACATGGTTACG-1,CD4 T,nan
GGTACATGTGGGAG-1,CD4 T,nan
GGTACTGAACTCTT-1,Mono,nan
GGTAGTACACCACA-1,CD4 T,nan
GGTAGTACACTAGC-1,Mono,nan
GGTAGTACCCTGTC-1,CD4 T,nan
GGTAGTACGCCATA-1,Mono,nan
GGTAGTACTGTCTT-1,CD4 T,nan
GGTATCGAGACAAA-1,Mono,nan
GGTATCGATGAACC-1,B,nan
GGTCAAACCAAAGA-1,CD4 T,nan
GGTCTAGAGAAACA-1,Mono,nan
GGTCTAGATAGCGT-1,Mono,nan
GGTGATACCGACTA-1,B,nan
GGTGATACGACTAC-1,Mono,nan
GGTGATACTGTTTC-1,CD4 T,nan
GGTGGAGAAACGGG-1,NK,nan
GGTGGAGAAGTAGA-1,CD4 T,nan
GGTGGAGACAGATC-1,Platelet,nan
GGTGGAGATCGATG-1,CD4 T,nan
GGTGGAGATCTCTA-1,Mono,nan
GGTGGAGATTACTC-1,CD4 T,nan
GGTTTACTACGCAT-1,CD4 T,nan
GTAACGTGACCTCC-1,Mono,nan
GTAACGTGATCGGT-1,B,nan
GTAACGTGCAGCTA-1,B,nan
GTAACGTGGTTGAC-1,B,nan
GTAAGCACAACGGG-1,CD4 T,nan
GTAAGCACTCATTC-1,B,nan
GTAAGCTGGTACCA-1,Mono,nan
GTAATAACCTTCTA-1,Mono,nan
GTAATAACGTTGTG-1,CD4 T,nan
GTACCCTGACAGTC-1,Mono,nan
GTACCCTGGAGCTT-1,CD4 T,nan
GTACCCTGTCCTTA-1,NK,nan
GTACCCTGTGAACC-1,CD4 T,nan
GTACGTGAACGTTG-1,Platelet,nan
GTACTTTGTCGACA-1,CD4 T,nan
GTAGACTGAGATGA-1,Mono,nan
GTAGACTGTATTCC-1,CD4 T,nan
GTAGCAACAGTCGT-1,Mono,nan
GTAGCAACCATTTC-1,B,nan
GTAGCAACGGTAGG-1,Mono,nan
GTAGCATGCACTCC-1,B,nan
GTAGCATGTAAGCC-1,Mono,nan
GTAGCCCTGACGTT-1,Platelet,nan
GTAGCTGAAGCTAC-1,Mono,nan
GTAGCTGAATTCGG-1,CD4 T,nan
GTAGGTACACGGGA-1,Mono,nan
GTAGTGACCTCATT-1,CD4 T,nan
GTAGTGTGAGCGGA-1,NK,nan
GTAGTGTGAGGCGA-1,Mono,nan
GTAGTGTGTGGTTG-1,CD4 T,nan
GTATCACTGGTAGG-1,Mono,nan
GTATCTACAGAAGT-1,CD4 T,nan
GTATCTACGACGAG-1,CD8 T,nan
GTATCTACGTTACG-1,CD4 T,nan
GTATTAGAAACAGA-1,CD4 T,nan
GTATTAGAGGTCTA-1,CD4 T,nan
GTATTCACACAGCT-1,CD4 T,nan
GTATTCACGGGTGA-1,CD4 T,nan
GTCAACGACACTGA-1,CD4 T,nan
GTCAACGAGTGTAC-1,Mono,nan
GTCAACGATCAGGT-1,Platelet,nan
GTCAATCTACACCA-1,CD4 T,nan
GTCAATCTGTAGCT-1,CD4 T,nan
GTCAATCTTGTGGT-1,CD4 T,nan
GTCACCTGCCTCCA-1,CD4 T,nan
GTCACCTGTCCCGT-1,CD4 T,nan
GTCATACTAATCGC-1,B,nan
GTCATACTGCGATT-1,NK,nan
GTCATACTTCGCCT-1,Platelet,nan
GTCATACTTTACCT-1,CD4 T,nan
GTCATACTTTGACG-1,CD4 T,nan
GTCCAAGAAAAACG-1,CD4 T,nan
GTCCACTGACCTCC-1,CD4 T,nan
GTCCACTGGGTACT-1,Mono,nan
GTCCAGCTACGGGA-1,CD4 T,nan
GTCCCATGTGGTGT-1,Mono,nan
GTCGAATGAAGGCG-1,Mono,nan
GTCGACCTGAATGA-1,NK,nan
GTCGACCTGTTCAG-1,CD4 T,nan
GTCGCACTTGAGAA-1,B,nan
GTCTAACTGGTCTA-1,Mono,nan
GTCTAGGAGCTTCC-1,Mono,nan
GTGAACACACTCTT-1,CD4 T,nan
GTGAACACAGATCC-1,CD4 T,nan
GTGAACACTCAGGT-1,CD4 T,nan
GTGACCCTTAAGCC-1,CD4 T,nan
GTGATGACAAGTGA-1,CD4 T,nan
GTGATGACCTGAGT-1,B,nan
GTGATGACGGTTTG-1,CD8 T,nan
GTGATTCTCATTTC-1,CD4 T,nan
GTGATTCTCTCTCG-1,Mono,nan
GTGATTCTGGTTCA-1,NK,nan
GTGATTCTGTCGAT-1,CD4 T,nan
GTGATTCTTAGCGT-1,B,nan
GTGCCACTCAGGAG-1,CD4 T,nan
GTGGATTGCACTAG-1,Mono,nan
GTGGATTGCGGAGA-1,CD4 T,nan
GTGGATTGTAACGC-1,CD4 T,nan
GTGTACGATCAGTG-1,CD4 T,nan
GTGTAGTGGGTACT-1,CD4 T,nan
GTGTATCTAGCCTA-1,B,nan
GTGTATCTAGTAGA-1,CD4 T,nan
GTGTATCTGTTACG-1,B,nan
GTGTCAGAAGCGTT-1,NK,nan
GTGTCAGAATGCTG-1,CD4 T,nan
GTTAAAACCGAGAG-1,NK,nan
GTTAAAACTTCGCC-1,CD4 T,nan
GTTAAATGCTCGAA-1,CD4 T,nan
GTTAAATGTCGACA-1,B,nan
GTTAACCTAGCTAC-1,CD4 T,nan
GTTAACCTTGCTTT-1,Mono,nan
GTTAGGTGCACTCC-1,CD4 T,nan
GTTAGGTGCCAGTA-1,Mono,nan
GTTAGGTGCCCAAA-1,Mono,nan
GTTAGGTGGAACTC-1,B,nan
GTTAGTCTAAGAAC-1,CD4 T,nan
GTTATAGAGGACAG-1,CD4 T,nan
GTTATGCTTTCATC-1,CD4 T,nan
GTTCAACTGGGACA-1,NK,nan
GTTCAACTTATGCG-1,CD4 T,nan
GTTGACGAGCCCTT-1,NK,nan
GTTGACGATATCGG-1,NK,nan
GTTGAGTGGTCTTT-1,Mono,nan
GTTGAGTGTGCTTT-1,CD4 T,nan
GTTGATCTGGGACA-1,CD4 T,nan
GTTGATCTTTTCAC-1,CD4 T,nan
GTTGGATGTTTACC-1,Mono,nan
GTTGTACTATTCCT-1,Mono,nan
GTTGTACTTTTGGG-1,CD4 T,nan
GTTTAAGACCATGA-1,Mono,nan
GTTTAAGACTGTCC-1,CD4 T,nan
TAAACAACCAACCA-1,CD4 T,nan
TAAACAACGAATCC-1,B,nan
TAAAGACTCAGGAG-1,CD4 T,nan
TAAATCGATGAGGG-1,CD4 T,nan
TAACAATGTGCCCT-1,B,nan
TAACACCTTCGCTC-1,Mono,nan
TAACACCTTCGTAG-1,Mono,nan
TAACACCTTGTTTC-1,Platelet,nan
TAACATGACACTAG-1,B,nan
TAACCGGACTTACT-1,CD4 T,nan
TAACGTCTCAACCA-1,Mono,nan
TAACGTCTCATTGG-1,CD4 T,nan
TAACTAGAATTTCC-1,CD4 T,nan
TAACTAGACTTAGG-1,CD4 T,nan
TAACTAGATCTGGA-1,CD4 T,nan
TAACTCACGAGGAC-1,Mono,nan
TAACTCACGTACAC-1,B,nan
TAACTCACGTATCG-1,Mono,nan
TAACTCACTCTACT-1,NK,nan
TAAGAACTGTGTCA-1,Mono,nan
TAAGAGGACTAAGC-1,B,nan
TAAGAGGACTTGTT-1,NK,nan
TAAGATACCCACAA-1,CD4 T,nan
TAAGATACGGTTCA-1,Mono,nan
TAAGATTGCGTAGT-1,CD4 T,nan
TAAGATTGTTGCTT-1,CD4 T,nan
TAAGCGTGAGGTTC-1,Mono,nan
TAAGCGTGGACAAA-1,Mono,nan
TAAGCGTGGGAAAT-1,CD4 T,nan
TAAGCGTGTGCTCC-1,Mono,nan
TAAGGCTGCCATGA-1,CD4 T,nan
TAAGGCTGCTGCTC-1,CD4 T,nan
TAAGGCTGTCTCGC-1,Mono,nan
TAAGGGCTGCTGTA-1,CD4 T,nan
TAAGGGCTTTACTC-1,CD4 T,nan
TAAGTAACCGAGAG-1,B,nan
TAAGTAACCTCCAC-1,B,nan
TAAGTAACCTGTAG-1,CD4 T,nan
TAAGTAACTTGTCT-1,CD4 T,nan
TAATGATGAGCGGA-1,CD4 T,nan
TAATGCCTCATGAC-1,CD4 T,nan
TAATGCCTCGTCTC-1,NK,nan
TAATGTGAAGATGA-1,CD4 T,nan
TAATGTGACTGCAA-1,Mono,nan
TAATGTGATTACTC-1,CD4 T,nan
TACAAATGGGTACT-1,CD4 T,nan
TACAATGAAAACAG-1,Mono,nan
TACAATGACTTAGG-1,CD4 T,nan
TACAATGATGCTAG-1,CD4 T,nan
TACACACTCACACA-1,CD4 T,nan
TACACACTCTTACT-1,CD4 T,nan
TACATAGAACGCAT-1,CD4 T,nan
TACATCACACGGGA-1,CD4 T,nan
TACATCACCTGTTT-1,Mono,nan
TACATCACGCTAAC-1,B,nan
TACATCACTGAACC-1,Mono,nan
TACCATTGAGGTTC-1,CD4 T,nan
TACCATTGCGGGAA-1,Mono,nan
TACCATTGGGGATG-1,Mono,nan
TACCATTGTGAGGG-1,Mono,nan
TACCGGCTGTTGGT-1,CD4 T,nan
TACGAGTGATCTCT-1,CD4 T,nan
TACGAGTGATGCTG-1,Mono,nan
TACGAGTGCGGAGA-1,CD4 T,nan
TACGAGTGGTTGGT-1,CD4 T,nan
TACGATCTAGTGTC-1,CD4 T,nan
TACGATCTCACTGA-1,Mono,nan
TACGATCTTACGAC-1,CD4 T,nan
TACGCAGACGTCTC-1,B,nan
TACGCAGAGAATCC-1,Platelet,nan
TACGCCACATTCCT-1,CD4 T,nan
TACGCCACTCCCAC-1,Mono,nan
TACGCCACTCCGAA-1,B,nan
TACGCGCTCTTCTA-1,CD4 T,nan
TACGGAACGCGTTA-1,B,nan
TACGGCCTGGGACA-1,NK,nan
TACGGCCTGTCCTC-1,CD4 T,nan
TACGTACTACGGAG-1,CD4 T,nan
TACGTACTCAGTTG-1,CD4 T,nan
TACGTACTCCCGTT-1,B,nan
TACGTTACAGAAGT-1,CD4 T,nan
TACGTTACCAAGCT-1,Mono,nan
TACTAAGAAAGGTA-1,B,nan
TACTAAGAATCACG-1,CD4 T,nan
TACTAAGATGATGC-1,Mono,nan
TACTAAGATTGCGA-1,CD4 T,nan
TACTACACGAGAGC-1,CD4 T,nan
TACTACACTTACCT-1,B,nan
TACTACTGAACCTG-1,Mono,nan
TACTACTGATGTCG-1,NK,nan
TACTACTGATTCTC-1,CD4 T,nan
TACTACTGTATGGC-1,CD4 T,nan
TACTCAACGGTCTA-1,Mono,nan
TACTCAACTGCTAG-1,B,nan
TACTCCCTCAGTTG-1,CD4 T,nan
TACTCTGAATCGAC-1,NK,nan
TACTCTGACGAGTT-1,CD4 T,nan
TACTCTGATTGACG-1,B,nan
TACTGGGATCGATG-1,CD4 T,nan
TACTGTTGAAAGCA-1,CD4 T,nan
TACTGTTGAGGCGA-1,NK,nan
TACTGTTGCTGAAC-1,B,nan
TACTTGACTCCTCG-1,CD4 T,nan
TACTTGACTGGTGT-1,B,nan
TACTTTCTTTTGGG-1,CD4 T,nan
TAGAAACTAATCGC-1,CD4 T,nan
TAGAAACTGCTTCC-1,Mono,nan
TAGAAACTGGGATG-1,NK,nan
TAGAATTGCGACAT-1,CD4 T,nan
TAGAATTGTATCGG-1,CD4 T,nan
TAGACGTGCTTGAG-1,CD4 T,nan
TAGACGTGTCGCTC-1,CD4 T,nan
TAGAGCACCTTACT-1,B,nan
TAGATTGACTTGTT-1,B,nan
TAGATTGAGGCATT-1,CD4 T,nan
TAGCATCTCAGCTA-1,NK,nan
TAGCATCTCCCTCA-1,CD4 T,nan
TAGCATCTGCTGTA-1,Mono,nan
TAGCATCTGGGACA-1,CD4 T,nan
TAGCATCTTGTCGA-1,CD4 T,nan
TAGCCCACAAAAGC-1,CD4 T,nan
TAGCCCACAGCCAT-1,CD4 T,nan
TAGCCCACAGCTAC-1,NK,nan
TAGCCCACCCACAA-1,CD4 T,nan
TAGCCCTGCGGAGA-1,CD4 T,nan
TAGCCGCTTACGAC-1,CD4 T,nan
TAGCCGCTTACTTC-1,CD4 T,nan
TAGCCGCTTTCCAT-1,Mono,nan
TAGCTACTGAATAG-1,B,nan
TAGCTACTGTAGCT-1,CD4 T,nan
TAGCTACTTTTGCT-1,CD4 T,nan
TAGGACTGTGCTGA-1,CD4 T,nan
TAGGAGCTAAGGCG-1,B,nan
TAGGAGCTGAGGGT-1,CD4 T,nan
TAGGAGCTTGCATG-1,B,nan
TAGGCAACCGTCTC-1,B,nan
TAGGCATGCTCTCG-1,B,nan
TAGGCATGGCGAGA-1,CD4 T,nan
TAGGCTGATGCCTC-1,Mono,nan
TAGGGACTGAACTC-1,NK,nan
TAGGTCGACACTGA-1,CD4 T,nan
TAGGTCGAGGATCT-1,B,nan
TAGGTGACACACTG-1,CD4 T,nan
TAGGTGACACGTTG-1,B,nan
TAGGTGTGTTCTGT-1,CD4 T,nan
TAGGTTCTGAAGGC-1,CD4 T,nan
TAGGTTCTTCTTAC-1,Mono,nan
TAGGTTCTTGCTGA-1,Mono,nan
TAGTAAACCTCGCT-1,CD4 T,nan
TAGTAAACGTCACA-1,CD4 T,nan
TAGTAATGAGATCC-1,CD4 T,nan
TAGTACCTAAGAAC-1,Mono,nan
TAGTATGATCTTAC-1,B,nan
TAGTATGATTCTCA-1,CD4 T,nan
TAGTCTTGGCTGTA-1,CD4 T,nan
TAGTCTTGGGACTT-1,CD4 T,nan
TAGTCTTGTGGAAA-1,NK,nan
TAGTGGTGAAGTGA-1,NK,nan
TAGTTAGAACCACA-1,NK,nan
TAGTTAGATGAACC-1,CD4 T,nan
TATAAGACAACAGA-1,Platelet,nan
TATAAGACAGCTCA-1,Mono,nan
TATAAGTGACACCA-1,Mono,nan
TATAAGTGTATCGG-1,Mono,nan
TATAAGTGTGGTGT-1,Mono,nan
TATACAGAACCCTC-1,CD4 T,nan
TATACAGAAGAACA-1,CD4 T,nan
TATACAGATCCAGA-1,CD4 T,nan
TATACCACCTGATG-1,B,nan
TATACGCTACCAAC-1,CD4 T,nan
TATAGATGGACGGA-1,CD4 T,nan
TATAGATGTTCCGC-1,Mono,nan
TATCACTGACTGTG-1,Mono,nan
TATCCAACCAGCTA-1,Mono,nan
TATCCAACTCTCTA-1,CD4 T,nan
TATCGACTACTAGC-1,Platelet,nan
TATCGACTCGATAC-1,Mono,nan
TATCGTACAGATGA-1,CD4 T,nan
TATCGTACATTCCT-1,Mono,nan
TATCTCGAGAGATA-1,CD4 T,nan
TATCTGACAGGTTC-1,CD4 T,nan
TATCTGACTGTTTC-1,CD4 T,nan
TATCTTCTAAACAG-1,Platelet,nan
TATGAATGGAGGAC-1,NK,nan
TATGAATGTTTGCT-1,Mono,nan
TATGCGGATAACCG-1,CD4 T,nan
TATGGGTGCATCAG-1,NK,nan
TATGGGTGCTAGCA-1,B,nan
TATGGTCTCTACCC-1,CD4 T,nan
TATGTCACGGAACG-1,B,nan
TATGTCACTAACCG-1,Mono,nan
TATGTCACTTCTCA-1,B,nan
TATGTGCTCCGATA-1,Mono,nan
TATGTGCTGGATTC-1,CD4 T,nan
TATTGCTGAAGAAC-1,Mono,nan
TATTGCTGCCGTTC-1,B,nan
TATTGCTGTCTGGA-1,CD4 T,nan
TATTGCTGTGCACA-1,CD4 T,nan
TATTTCCTATTGGC-1,Mono,nan
TATTTCCTGGAGGT-1,NK,nan
TATTTCCTGGTGTT-1,CD4 T,nan
TCAACACTGTTTGG-1,NK,nan
TCAAGGACAGCGTT-1,CD4 T,nan
TCAAGGACATTCTC-1,Platelet,nan
TCAAGGACGGTGTT-1,Mono,nan
TCAATCACACTCTT-1,CD8 T,nan
TCAATCACAGTCGT-1,Mono,nan
TCACAACTATGTGC-1,CD4 T,nan
TCACAACTTTGCTT-1,Mono,nan
TCACATACACTTTC-1,CD4 T,nan
TCACATACAGGGTG-1,CD4 T,nan
TCACCCGAGACGGA-1,Mono,nan
TCACCGTGCTCGCT-1,Mono,nan
TCACCTCTACGACT-1,CD4 T,nan
TCACCTCTTCCAAG-1,Mono,nan
TCACGAGAGGAGGT-1,B,nan
TCACTATGGGGCAA-1,CD4 T,nan
TCACTATGGTTGTG-1,B,nan
TCAGACGACGCTAA-1,CD4 T,nan
TCAGACGACGTTAG-1,NK,nan
TCAGAGACTCCAGA-1,CD4 T,nan
TCAGCAGACTCCAC-1,CD4 T,nan
TCAGCGCTCTAGTG-1,CD4 T,nan
TCAGCGCTGGATCT-1,B,nan
TCAGCGCTGGTATC-1,CD4 T,nan
TCAGGATGAAGTAG-1,CD4 T,nan
TCAGGATGCCTTTA-1,Mono,nan
TCAGTGGAAGATCC-1,Platelet,nan
TCAGTTACCTACGA-1,Mono,nan
TCAGTTACTAGAAG-1,CD4 T,nan
TCATCAACCCGATA-1,CD4 T,nan
TCATCAACTGTTCT-1,Mono,nan
TCATCATGCAGTTG-1,CD4 T,nan
TCATCCCTTACTGG-1,CD4 T,nan
TCATTCGATACAGC-1,Mono,nan
TCCACGTGGAAACA-1,CD4 T,nan
TCCACTCTACACTG-1,CD4 T,nan
TCCACTCTGAGCTT-1,Mono,nan
TCCACTCTTACTTC-1,B,nan
TCCATAACAAAGTG-1,CD4 T,nan
TCCATAACCGTAGT-1,B,nan
TCCATAACGATGAA-1,CD4 T,nan
TCCATAACTACGCA-1,CD4 T,nan
TCCATCCTCCCTAC-1,NK,nan
TCCCACGATCATTC-1,CD4 T,nan
TCCCATCTCAAAGA-1,Mono,nan
TCCCGAACACAGTC-1,NK,nan
TCCCGAACTTCGCC-1,Mono,nan
TCCCGATGAGATCC-1,CD4 T,nan
TCCCGATGCCTGAA-1,Mono,nan
TCCCGATGCTGTGA-1,CD4 T,nan
TCCCTACTCAACTG-1,B,nan
TCCGAAGACAATCG-1,Mono,nan
TCCGAAGACGTTAG-1,CD4 T,nan
TCCGGACTGAGGTG-1,CD4 T,nan
TCCGGACTGTACGT-1,Platelet,nan
TCCTAAACATCGAC-1,CD4 T,nan
TCCTAAACCGAGAG-1,CD4 T,nan
TCCTAAACCGCATA-1,NK,nan
TCCTAATGGTTTGG-1,NK,nan
TCCTACCTGTCGTA-1,Platelet,nan
TCCTATGAAAAGCA-1,CD4 T,nan
TCGAATCTCTGGTA-1,Platelet,nan
TCGACCTGCCGATA-1,Mono,nan
TCGACGCTTCTATC-1,Mono,nan
TCGACGCTTTGACG-1,CD4 T,nan
TCGAGAACGACAGG-1,CD4 T,nan
TCGAGAACGTTAGC-1,CD4 T,nan
TCGAGCCTATCAGC-1,B,nan
TCGAGCCTGCGAGA-1,CD4 T,nan
TCGAGCCTTGTGAC-1,CD4 T,nan
TCGATACTATTCCT-1,CD4 T,nan
TCGATACTTGCACA-1,CD4 T,nan
TCGATTTGATGCCA-1,Mono,nan
TCGATTTGCACTCC-1,CD4 T,nan
TCGATTTGCAGCTA-1,NK,nan
TCGATTTGCCTACC-1,Mono,nan
TCGATTTGTCGTGA-1,B,nan
TCGCACACCATCAG-1,Mono,nan
TCGCAGCTAGATCC-1,CD4 T,nan
TCGCCATGAGACTC-1,CD4 T,nan
TCGCCATGTGGTCA-1,B,nan
TCGGACCTAACAGA-1,CD4 T,nan
TCGGACCTATAAGG-1,B,nan
TCGGACCTGTACAC-1,CD4 T,nan
TCGGTAGAGTAGGG-1,CD4 T,nan
TCGGTAGATCCCAC-1,B,nan
TCGTAGGATCGACA-1,CD4 T,nan
TCGTGAGAACTGTG-1,B,nan
TCGTTATGGACAAA-1,CD4 T,nan
TCTAACACCAGTTG-1,Platelet,nan
TCTAACACGAGCAG-1,Mono,nan
TCTAACTGAACCAC-1,CD4 T,nan
TCTAAGCTAATGCC-1,CD4 T,nan
TCTAAGCTTAGTCG-1,CD4 T,nan
TCTAAGCTTCTAGG-1,Mono,nan
TCTAAGCTTGTTCT-1,Mono,nan
TCTAAGCTTTCGCC-1,B,nan
TCTACAACGACTAC-1,Mono,nan
TCTAGACTTAGAAG-1,Mono,nan
TCTAGTTGCACCAA-1,Mono,nan
TCTATGTGAAGAGT-1,Mono,nan
TCTATGTGAGTCTG-1,Platelet,nan
TCTCAAACCTAAGC-1,B,nan
TCTCTAGAATTTCC-1,CD4 T,nan
TCTGATACACGTGT-1,CD4 T,nan
TCTGATACTCGCCT-1,CD4 T,nan
TCTTACGAACCTGA-1,Mono,nan
TCTTCAGAGCTACA-1,Mono,nan
TCTTGATGCGGAGA-1,CD4 T,nan
TGAAATTGGTGAGG-1,Mono,nan
TGAACCGAAAACGA-1,CD4 T,nan
TGAACCGACTACTT-1,Mono,nan
TGAACCGATTCGGA-1,Mono,nan
TGAAGCACTCACGA-1,CD4 T,nan
TGAAGCTGAACGAA-1,CD4 T,nan
TGAAGCTGAGACTC-1,CD4 T,nan
TGAAGCTGCATGGT-1,B,nan
TGAAGCTGCGTAAC-1,CD4 T,nan
TGAATAACCACTTT-1,CD4 T,nan
TGAATAACTCCCAC-1,NK,nan
TGACACGACCTTAT-1,B,nan
TGACCAGACAACCA-1,CD4 T,nan
TGACCAGAGGATTC-1,CD4 T,nan
TGACCGCTAAAAGC-1,CD4 T,nan
TGACCGCTCTGCAA-1,CD4 T,nan
TGACGATGCAAAGA-1,Mono,nan
TGACGCCTGTACCA-1,CD4 T,nan
TGACGCCTTTACTC-1,CD4 T,nan
TGACTGGAAGAGAT-1,Mono,nan
TGACTGGACCGTAA-1,CD4 T,nan
TGACTGGACGCAAT-1,CD4 T,nan
TGACTGGAGGACAG-1,B,nan
TGACTGGATTCTCA-1,CD4 T,nan
TGACTTACACACCA-1,CD4 T,nan
TGACTTACAGTCTG-1,Mono,nan
TGACTTTGCGCATA-1,CD4 T,nan
TGACTTTGTTTGTC-1,CD4 T,nan
TGAGACACAAGGTA-1,CD4 T,nan
TGAGACACTCAAGC-1,CD4 T,nan
TGAGACACTGTGCA-1,CD4 T,nan
TGAGCTGAATGCTG-1,Mono,nan
TGAGCTGACTGGAT-1,Mono,nan
TGAGCTGAGCGAGA-1,Platelet,nan
TGAGCTGATGCTAG-1,Platelet,nan
TGAGGACTCTCATT-1,Mono,nan
TGAGGACTTCATTC-1,CD4 T,nan
TGAGGTACGAACCT-1,Mono,nan
TGAGTCGAGTTACG-1,B,nan
TGAGTGACTGAGCT-1,CD4 T,nan
TGATAAACGAATCC-1,CD4 T,nan
TGATAAACTCCGTC-1,NK,nan
TGATAAACTTTCAC-1,CD4 T,nan
TGATACCTCACTAG-1,Mono,nan
TGATACCTGTTGGT-1,CD4 T,nan
TGATACCTTATGCG-1,CD4 T,nan
TGATACCTTGAAGA-1,CD4 T,nan
TGATATGAACCTTT-1,CD4 T,nan
TGATCACTAGCATC-1,CD4 T,nan
TGATCACTCTCGCT-1,CD4 T,nan
TGATCACTTCTACT-1,B,nan
TGATCGGACTGACA-1,Mono,nan
TGATCGGAGGAGCA-1,B,nan
TGATCGGATATGCG-1,Mono,nan
TGATTAGACATTGG-1,CD4 T,nan
TGATTAGATGACTG-1,B,nan
TGATTAGATGCTAG-1,CD4 T,nan
TGATTCACTATGCG-1,Platelet,nan
TGATTCACTGTCAG-1,B,nan
TGATTCTGCCGAAT-1,CD4 T,nan
TGATTCTGCTCTTA-1,CD4 T,nan
TGCAAGTGAGAACA-1,CD4 T,nan
TGCAAGTGGGTAGG-1,Mono,nan
TGCAATCTTCAGGT-1,Mono,nan
TGCACAGACGACAT-1,NK,nan
TGCCAAGAGCAGTT-1,Mono,nan
TGCCAAGATCTCTA-1,CD4 T,nan
TGCCACTGAACGTC-1,CD4 T,nan
TGCCACTGCGATAC-1,NK,nan
TGCCAGCTTGGCAT-1,CD4 T,nan
TGCCCAACAGCAAA-1,CD4 T,nan
TGCCCAACCGCATA-1,Mono,nan
TGCCGACTCTCCCA-1,B,nan
TGCGAAACAGTCAC-1,B,nan
TGCGAAACGTTGCA-1,B,nan
TGCGATGAACGGTT-1,CD4 T,nan
TGCGATGACCTCGT-1,CD4 T,nan
TGCGATGACTAGTG-1,B,nan
TGCGATGACTGCTC-1,B,nan
TGCGATGACTTGCC-1,B,nan
TGCGATGAGTGCTA-1,Mono,nan
TGCGCACTCTTGAG-1,Mono,nan
TGCGTAGAATAAGG-1,Mono,nan
TGCGTAGACGGGAA-1,B,nan
TGCGTAGATGGTCA-1,Mono,nan
TGCTAGGAAACCGT-1,CD4 T,nan
TGCTAGGATAGTCG-1,CD4 T,nan
TGCTATACGGTTCA-1,Mono,nan
TGCTATACTGCTGA-1,CD4 T,nan
TGCTGAGAGAGCAG-1,NK,nan
TGCTGAGATTATCC-1,CD4 T,nan
TGGAAAGACTCTCG-1,B,nan
TGGAAAGAGCGATT-1,CD4 T,nan
TGGAAAGAGGTCAT-1,Mono,nan
TGGAAAGATATGGC-1,CD4 T,nan
TGGAACACAAACAG-1,NK,nan
TGGAACACGCTAAC-1,CD4 T,nan
TGGAAGCTCAGATC-1,CD4 T,nan
TGGACCCTACACTG-1,Mono,nan
TGGACCCTCATGGT-1,CD4 T,nan
TGGACCCTGGTACT-1,Mono,nan
TGGACTGAGTATGC-1,CD4 T,nan
TGGAGACTATCAGC-1,Mono,nan
TGGAGACTGAAACA-1,Platelet,nan
TGGAGACTTCAAGC-1,CD4 T,nan
TGGAGACTTGACCA-1,CD4 T,nan
TGGAGGGACGGAGA-1,Mono,nan
TGGAGGGAGCTATG-1,Platelet,nan
TGGATCGATAAAGG-1,CD4 T,nan
TGGATGTGACCTAG-1,B,nan
TGGATGTGATGTCG-1,CD4 T,nan
TGGATGTGTGAAGA-1,B,nan
TGGATTCTCATACG-1,CD4 T,nan
TGGCAATGCTTGTT-1,B,nan
TGGCAATGGAGGGT-1,CD4 T,nan
TGGCACCTTCACGA-1,Platelet,nan
TGGCACCTTCAGTG-1,Mono,nan
TGGGTATGAAGAGT-1,CD4 T,nan
TGGGTATGCACAAC-1,CD4 T,nan
TGGGTATGGTACGT-1,B,nan
TGGGTATGTTTGGG-1,Mono,nan
TGGTAGACATGCCA-1,CD4 T,nan
TGGTAGACCCTCAC-1,NK,nan
TGGTAGACCTGATG-1,CD4 T,nan
TGGTAGTGCACTGA-1,Mono,nan
TGGTATCTAAACAG-1,CD4 T,nan
TGGTATCTCTTCCG-1,CD4 T,nan
TGGTCAGACCCAAA-1,Platelet,nan
TGGTCAGACCGTTC-1,NK,nan
TGGTTACTGACGTT-1,Mono,nan
TGGTTACTGTTCTT-1,CD4 T,nan
TGTAACCTAGAGGC-1,CD4 T,nan
TGTAACCTTGCCTC-1,Mono,nan
TGTAATGACACAAC-1,NK,nan
TGTAATGAGGTAAA-1,NK,nan
TGTACTTGCTCTAT-1,Mono,nan
TGTAGGTGCGAGAG-1,B,nan
TGTAGGTGCTATGG-1,CD4 T,nan
TGTAGGTGCTCTAT-1,Mono,nan
TGTAGGTGTGCTGA-1,CD4 T,nan
TGTAGTCTTCCAGA-1,Platelet,nan
TGTAGTCTTGCACA-1,CD4 T,nan
TGTATCTGTTAGGC-1,CD4 T,nan
TGTATGCTCATGGT-1,B,nan
TGTATGCTGTAGGG-1,CD4 T,nan
TGTATGCTTTCATC-1,CD4 T,nan
TGTCAGGAATACCG-1,CD4 T,nan
TGTCAGGAGATGAA-1,Platelet,nan
TGTCTAACCCCTTG-1,CD4 T,nan
TGTGACGATTCTCA-1,CD4 T,nan
TGTGAGACTGTCAG-1,Mono,nan
TGTGAGACTTGAGC-1,CD4 T,nan
TGTGAGTGACCACA-1,CD4 T,nan
TGTGAGTGAGTGCT-1,Mono,nan
TGTGAGTGGAGATA-1,CD4 T,nan
TGTGATCTCTCTAT-1,B,nan
TGTGATCTGACACT-1,Platelet,nan
TGTGGATGGCCAAT-1,B,nan
TGTTAAGACAAAGA-1,Mono,nan
TGTTAAGATAAGGA-1,Mono,nan
TGTTAAGATTGGCA-1,Mono,nan
TGTTACACCGCATA-1,Mono,nan
TGTTACACGACTAC-1,Mono,nan
TGTTACTGGCTACA-1,CD4 T,nan
TGTTACTGTAGTCG-1,Platelet,nan
TTAACCACCGTAAC-1,CD4 T,nan
TTAACCACTAAGGA-1,Platelet,nan
TTAACCACTCAGAC-1,CD4 T,nan
TTACACACGTGTTG-1,CD4 T,nan
TTACACACTCCTAT-1,CD4 T,nan
TTACCATGAATCGC-1,Mono,nan
TTACCATGGTTGAC-1,CD4 T,nan
TTACCATGTGTCTT-1,Platelet,nan
TTACCATGTTGTGG-1,B,nan
TTACGACTGAGAGC-1,CD4 T,nan
TTACGACTTGACAC-1,Mono,nan
TTACGTACGTTCAG-1,Platelet,nan
TTACTCGAACGTTG-1,B,nan
TTACTCGAAGAATG-1,Mono,nan
TTACTCGACGCAAT-1,Mono,nan
TTACTCGAGGGTGA-1,CD4 T,nan
TTACTCGATCTACT-1,NK,nan
TTAGAATGTGGTGT-1,CD4 T,nan
TTAGAATGTGTAGC-1,CD4 T,nan
TTAGACCTCCTACC-1,CD4 T,nan
TTAGACCTCCTTTA-1,Mono,nan
TTAGCTACAACCGT-1,CD4 T,nan
TTAGCTACTGTCCC-1,Mono,nan
TTAGCTACTTTCGT-1,CD4 T,nan
TTAGGGACGCGAAG-1,CD4 T,nan
TTAGGGTGCTGGAT-1,B,nan
TTAGGGTGTCCTGC-1,Mono,nan
TTAGGTCTACTTTC-1,Mono,nan
TTAGTCACCAGTTG-1,CD4 T,nan
TTAGTCTGAAAGCA-1,B,nan
TTAGTCTGCCAACA-1,NK,nan
TTAGTCTGTGCACA-1,CD4 T,nan
TTATCCGACTAGTG-1,B,nan
TTATCCGAGAAAGT-1,Mono,nan
TTATGAGAGATAAG-1,CD4 T,nan
TTATGCACGTCACA-1,B,nan
TTATGGCTTATGGC-1,Mono,nan
TTATTCCTATGCTG-1,Mono,nan
TTATTCCTGGACAG-1,B,nan
TTATTCCTGGTACT-1,B,nan
TTATTCCTTCGTGA-1,CD4 T,nan
TTCAAAGATAAAGG-1,Platelet,nan
TTCAACACAACAGA-1,CD4 T,nan
TTCAACACCCCAAA-1,Mono,nan
TTCAACACGGACGA-1,Mono,nan
TTCAAGCTAAGAAC-1,Mono,nan
TTCAAGCTAGATGA-1,CD4 T,nan
TTCAAGCTGTTGAC-1,CD4 T,nan
TTCAAGCTTCCAAG-1,CD4 T,nan
TTCAAGCTTGATGC-1,CD4 T,nan
TTCAAGCTTTCGCC-1,CD4 T,nan
TTCACAACCCGTTC-1,Mono,nan
TTCACAACGTCTGA-1,Platelet,nan
TTCAGACTACCCAA-1,Platelet,nan
TTCAGACTCTCGAA-1,CD4 T,nan
TTCAGTACCGACTA-1,CD4 T,nan
TTCAGTACTCAAGC-1,CD4 T,nan
TTCAGTACTCCTAT-1,Mono,nan
TTCAGTTGCCAAGT-1,CD4 T,nan
TTCAGTTGTCCTTA-1,Mono,nan
TTCAGTTGTCTAGG-1,CD4 T,nan
TTCAGTTGTCTCGC-1,B,nan
TTCATCGAGGTGGA-1,Mono,nan
TTCATGTGTGGTGT-1,CD4 T,nan
TTCATTCTATGTCG-1,Mono,nan
TTCATTCTTCTCTA-1,CD4 T,nan
TTCCAAACCTATGG-1,Mono,nan
TTCCAAACCTCCCA-1,B,nan
TTCCAAACTCCCAC-1,NK,nan
TTCCAAACTTGACG-1,NK,nan
TTCCATGACGAGAG-1,Mono,nan
TTCCATGACTGTCC-1,CD4 T,nan
TTCCCACTTGAGGG-1,NK,nan
TTCCCACTTGTCTT-1,Mono,nan
TTCCTAGAAAGTGA-1,CD4 T,nan
TTCCTAGACTAGTG-1,Mono,nan
TTCGAGGACTCTAT-1,CD4 T,nan
TTCGAGGAGGGCAA-1,CD4 T,nan
TTCGAGGATAGAAG-1,Mono,nan
TTCGATTGAGCATC-1,CD4 T,nan
TTCGGAGAATGCCA-1,Mono,nan
TTCGGAGATGTGCA-1,CD4 T,nan
TTCGTATGAAAAGC-1,CD8 T,nan
TTCGTATGGATAGA-1,NK,nan
TTCGTATGGTCTGA-1,CD4 T,nan
TTCGTATGTCCTTA-1,Mono,nan
TTCTACGAACGTAC-1,CD4 T,nan
TTCTACGAGTTGGT-1,CD4 T,nan
TTCTAGTGACACGT-1,CD4 T,nan
TTCTAGTGCATGAC-1,Mono,nan
TTCTAGTGGAGAGC-1,NK,nan
TTCTAGTGGTCACA-1,Mono,nan
TTCTCAGAAGAGAT-1,CD4 T,nan
TTCTCAGAAGCATC-1,B,nan
TTCTCAGATGGAGG-1,CD4 T,nan
TTCTGATGGAGACG-1,NK,nan
TTCTTACTCTGGAT-1,Mono,nan
TTGAACCTCCTTGC-1,B,nan
TTGAATGAACTACG-1,Mono,nan
TTGAATGACTTACT-1,CD4 T,nan
TTGAATGATCTCAT-1,B,nan
TTGACACTCTGTAG-1,CD4 T,nan
TTGACACTGATAAG-1,B,nan
TTGAGGACAGAACA-1,Mono,nan
TTGAGGACTACGCA-1,Mono,nan
TTGAGGTGGACGGA-1,CD4 T,nan
TTGCATTGAGCTAC-1,CD4 T,nan
TTGCATTGCTAAGC-1,Mono,nan
TTGCATTGTGACTG-1,CD4 T,nan
TTGCTAACACCAAC-1,CD8 T,nan
TTGCTAACACGCTA-1,Mono,nan
TTGCTAACCACTCC-1,CD4 T,nan
TTGCTATGGTACGT-1,Mono,nan
TTGCTATGGTAGGG-1,Mono,nan
TTGGAGACCAATCG-1,CD4 T,nan
TTGGAGACGCTATG-1,Mono,nan
TTGGAGACTATGGC-1,B,nan
TTGGGAACTGAACC-1,CD4 T,nan
TTGGTACTACTGGT-1,Mono,nan
TTGGTACTCTTAGG-1,CD4 T,nan
TTGGTACTGAATCC-1,B,nan
TTGGTACTGGATTC-1,B,nan
TTGTACACGTTGTG-1,B,nan
TTGTACACTTGCAG-1,CD4 T,nan
TTGTAGCTAGCTCA-1,CD4 T,nan
TTGTAGCTCTCTTA-1,B,nan
TTGTCATGGACGGA-1,NK,nan
TTTAGAGATCCTCG-1,B,nan
TTTAGCTGATACCG-1,CD4 T,nan
TTTAGCTGGATACC-1,Mono,nan
TTTAGCTGTACTCT-1,Mono,nan
TTTAGGCTCCTTTA-1,Mono,nan
TTTATCCTGTTGTG-1,Mono,nan
TTTCACGAGGTTCA-1,CD4 T,nan
TTTCAGTGGAAGGC-1,CD4 T,nan
TTTCAGTGTCACGA-1,B,nan
TTTCAGTGTCTATC-1,Mono,nan
TTTCAGTGTGCAGT-1,B,nan
TTTCCAGAGGTGAG-1,CD4 T,nan
TTTCGAACACCTGA-1,Mono,nan
TTTCGAACTCTCAT-1,Mono,nan
TTTCTACTGAGGCA-1,B,nan
TTTCTACTTCCTCG-1,B,nan
TTTGCATGAGAGGC-1,B,nan
TTTGCATGCCTCAC-1,CD4 T,nan
