cell_id,prediction
AAACATACAACCAC,CD8 T
AAACATTGAGCTAC,B
AAACATTGATCAGC,CD4 T
AAACCGTGCTTCCG,DC
AAACCGTGTATGCG,NK
AAACGCACTGGTAC,CD4 T
AAACGCTGACCAGT,CD8 T
AAACGCTGGTTCTT,CD8 T
AAACGCTGTAGCCA,
AAACGCTGTTTCTG,Mono
AAACTTGAAAAACG,B
AAACTTGATCCAGA,CD4 T
AAAGAGACGAGATA,CD4 T
AAAGAGACGCGAGA,DC
AAAGAGACGGACTT,CD8 T
AAAGAGACGGCATT,CD4 T
AAAGCAGATATCGG,DC
AAAGCCTGTATGCG,CD4 T
AAAGGCCTGTCTAG,B
AAAGTTTGATCACG,B
AAAGTTTGGGGTGA,B
AAAGTTTGTAGAGA,CD4 T
AAAGTTTGTAGCGT,Mono
AAATCAACAATGCC,B
AAATCAACACCAGT,CD4 T
AAATCAACCAGGAG,CD8 T
AAATCAACCCTATT,DC
AAATCAACGGAAGC,CD4 T
AAATCAACTCGCAA,CD4 T
AAATCATGACCACA,Mono
AAATCCCTCCACAA,CD8 T
AAATCCCTGCTATG,B
AAATGTTGAACGAA,Mono
AAATGTTGCCACAA,CD4 T
AAATGTTGTGGCAT,Mono
AAATTCGAAGGTTC,CD4 T
AAATTCGAATCACG,Mono
AAATTCGAGCTGAT,Mono
AAATTCGAGGAGTG,CD8 T
AAATTCGATTCTCA,NK
AAATTGACACGACT,CD8 T
AAATTGACTCGCTC,CD4 T
AACAAACTCATTTC,CD4 T
AACAAACTTTCGTT,CD4 T
AACAATACGACGAG,CD8 T
AACACGTGCAGAGG,CD4 T
AACACGTGGAAAGT,CD4 T
AACACGTGGAACCT,Mono
AACACGTGGCTACA,CD4 T
AACACGTGTACGAC,Mono
AACAGCACAAGAGT,Mono
AACATTGATGGGAG,Mono
AACCAGTGATACCG,Mono
AACCCAGATCGCTC,CD4 T
AACCGATGCTCCCA,CD4 T
AACCGATGGTCATG,B
AACCGATGTTCTAC,DC
AACCGCCTAGCGTT,CD4 T
AACCGCCTCTACGA,DC
AACCTACTGTGAGG,DC
AACCTACTGTGTTG,CD8 T
AACCTTACGAGACG,CD4 T
AACCTTACGCGAGA,NK
AACCTTACTAACGC,Mono
AACCTTTGGACGGA,CD4 T
AACCTTTGTACGCA,DC
AACGCAACAAGTAG,CD4 T
AACGCATGACCCAA,CD4 T
AACGCATGCCTTCG,CD8 T
AACGCATGTACTTC,CD4 T
AACGCCCTCGGGAA,CD4 T
AACGCCCTCGTACA,NK
AACGCCCTGGCATT,CD4 T
AACGTCGAGTATCG,NK
AACGTGTGAAAGCA,CD4 T
AACGTGTGGCGGAA,B
AACGTGTGTCCAAG,CD4 T
AACGTGTGTGCTTT,CD4 T
AACTACCTTAGAGA,CD4 T
AACTCACTCAAGCT,Mono
AACTCACTTGGAGG,DC
AACTCGGAAAGTGA,CD8 T
AACTCGGAAGGTCT,Mono
AACTCTTGCAGGAG,CD4 T
AACTGTCTCCCTTG,DC
AACTTGCTACGCTA,B
AACTTGCTGGGACA,CD4 T
AAGAACGAGTGTTG,CD4 T
AAGAAGACGTAGGG,B
AAGACAGAAGTCTG,B
AAGACAGAGGATCT,CD4 T
AAGACAGATTACCT,Mono
AAGAGATGGGTAGG,B
AAGATGGAAAACAG,B
AAGATGGAGAACTC,DC
AAGATGGAGATAAG,DC
AAGATTACAACCTG,CD4 T
AAGATTACAGATCC,DC
AAGATTACCCGTTC,DC
AAGATTACCGCCTT,DC
AAGATTACCTCAAG,NK
AAGATTACTCCTCG,DC
AAGCAAGAGCGAGA,CD8 T
AAGCAAGAGCTTAG,NK
AAGCAAGAGGTGTT,NK
AAGCACTGAGCAAA,B
AAGCACTGCATACG,CD8 T
AAGCACTGGTTCTT,B
AAGCCAACGTGTTG,CD4 T
AAGCCATGAACTGC,DC
AAGCCATGACACGT,DC
AAGCCATGCGTGAT,CD4 T
AAGCCATGTCTCGC,
AAGCCTGACATGCA,CD4 T
AAGCCTGACCGAAT,Mono
AAGCGACTCCTCAC,DC
AAGCGACTGTGTCA,CD8 T
AAGCGACTTACAGC,B
AAGCGACTTTGACG,Mono
AAGCGTACGTCTTT,CD8 T
AAGGCTTGCGAACT,CD8 T
AAGGTCACGGTTAC,Mono
AAGGTCACTGTTTC,B
AAGGTCACTTCCCG,CD8 T
AAGGTCTGACAGTC,CD4 T
AAGGTCTGCAGATC,CD4 T
AAGTAACTCTGAAC,DC
AAGTAACTGAGATA,B
AAGTAGGATACAGC,NK
AAGTATACCGAACT,CD4 T
AAGTCCGACTTGTT,CD4 T
AAGTCCGATAGAAG,CD8 T
AAGTCTCTAGTCGT,CD4 T
AAGTCTCTCGGAGA,CD8 T
AAGTGGCTTGGAGG,B
AAGTTCCTCATTCT,Mono
AAGTTCCTTCTTAC,CD8 T
AATAAGCTCGAATC,CD4 T
AATAAGCTCGTTGA,CD4 T
AATACCCTGGACGA,B
AATACCCTGGCATT,CD4 T
AATACTGAAAGGGC,NK
AATACTGAATTGGC,NK
AATAGGGAACCCTC,B
AATAGGGAGAATGA,CD8 T
AATCAAACTATCGG,CD8 T
AATCCGGAATGCTG,B
AATCCTACCGGTAT,CD4 T
AATCCTTGACGGGA,DC
AATCCTTGGTGAGG,NK
AATCGGTGGAACTC,NK
AATCGGTGTGCTTT,CD8 T
AATCTAGAAAAGTG,CD4 T
AATCTAGAATCGGT,CD8 T
AATCTCACAGCCTA,DC
AATCTCACTCTAGG,CD4 T
AATCTCTGAACAGA,CD4 T
AATCTCTGCTTTAC,NK
AATGATACACCAAC,CD8 T
AATGATACGGTCAT,Mono
AATGCGTGACACCA,B
AATGCGTGGACGGA,DC
AATGCGTGGCTATG,B
AATGGAGAATCGTG,Mono
AATGGAGATCCTTA,CD4 T
AATGGCTGACACCA,B
AATGGCTGCGTGAT,CD4 T
AATGGCTGTAAAGG,CD8 T
AATGGCTGTACTCT,
AATGGCTGTGAAGA,CD4 T
AATGTAACGGTGGA,CD4 T
AATGTCCTCTTCTA,CD4 T
AATGTTGACAGTCA,CD4 T
AATGTTGAGTTGAC,Mono
AATGTTGATCTACT,CD4 T
AATTACGAATTCCT,DC
AATTACGACTTCTA,CD4 T
AATTACGAGTGAGG,CD4 T
AATTACGATTGGCA,B
AATTCCTGCTCAGA,B
AATTGATGTCGCAA,Mono
AATTGTGACTTGGA,B
ACAAAGGAGGGTGA,CD4 T
ACAAATTGATTCTC,Mono
ACAAATTGCTCAGA,Mono
ACAAATTGTTGCGA,NK
ACAACCGAGGGATG,NK
ACAACCGAGTTACG,CD4 T
ACAAGAGAAGTCGT,DC
ACAAGAGACTTATC,CD8 T
ACAAGAGAGTTGAC,B
ACAATCCTAACCGT,CD4 T
ACAATCCTTAGCGT,B
ACAATTGACTGACA,CD8 T
ACAATTGATGACTG,NK
ACACAGACCATACG,CD8 T
ACACCAGAGGGCAA,CD8 T
ACACCCTGGTGTTG,NK
ACACGAACAGTTCG,CD4 T
ACACGATGACGCAT,CD8 T
ACACGATGATGTGC,Mono
ACACGATGTCGTAG,CD8 T
ACACGATGTGGTCA,CD8 T
ACAGACACGGCATT,CD8 T
ACAGACACGTTGTG,CD4 T
ACAGCAACACCTAG,DC
ACAGCAACCTCAAG,DC
ACAGGTACCCCACT,CD4 T
ACAGGTACGCTGTA,CD4 T
ACAGGTACTGGTGT,NK
ACAGTCGACCCAAA,CD8 T
ACAGTCGACCGATA,CD8 T
ACAGTGACTCACCC,CD4 T
ACAGTGACTCTATC,CD8 T
ACAGTGTGGTCACA,CD4 T
ACAGTGTGTTGCGA,Mono
ACATCACTCTACTT,Mono
ACATGGTGAAGCCT,CD4 T
ACATGGTGCAACCA,B
ACATGGTGCGAGTT,CD4 T
ACATTCTGGCATAC,CD4 T
ACATTCTGGGAACG,DC
ACCAACGACATGCA,CD4 T
ACCACAGAAAGTAG,CD4 T
ACCACAGAGTTGGT,CD4 T
ACCACCTGTGTGCA,CD4 T
ACCACGCTACAGCT,CD4 T
ACCACGCTACCCAA,CD8 T
ACCACGCTGCGAGA,CD4 T
ACCACGCTGCTGTA,CD8 T
ACCAGCCTGACAGG,CD4 T
ACCAGTGAACGGTT,B
ACCAGTGAATACCG,DC
ACCAGTGAGGGATG,CD8 T
ACCAGTGATGACTG,DC
ACCATTACCTTCTA,CD4 T
ACCATTACGAGATA,CD4 T
ACCATTTGTCATTC,CD4 T
ACCCAAGAACTGTG,CD8 T
ACCCAAGAATTCCT,DC
ACCCAAGAGGACAG,CD4 T
ACCCAAGATTCACT,B
ACCCACTGCGCCTT,Mono
ACCCACTGGACAGG,CD8 T
ACCCACTGGTTCAG,Platelet
ACCCACTGTCGTAG,DC
ACCCAGCTCAGAAA,CD4 T
ACCCAGCTGTTAGC,
ACCCAGCTTGCTTT,CD4 T
ACCCGTTGATGACC,B
ACCCGTTGCTGCAA,CD4 T
ACCCGTTGCTTCTA,
ACCCTCGACCTATT,CD4 T
ACCCTCGACGGTAT,B
ACCCTCGATAAGGA,DC
ACCCTCGATCAAGC,Mono
ACCGTGCTACCAGT,CD4 T
ACCGTGCTGGAACG,B
ACCTATTGCTGAGT,B
ACCTATTGTGCCCT,DC
ACCTCCGAGTCCTC,CD4 T
ACCTCCGATATGCG,CD4 T
ACCTCCGATGCTGA,CD4 T
ACCTCGTGAACCAC,CD8 T
ACCTGAGATATCGG,
ACCTGGCTAAGTAG,NK
ACCTTTGACTCCCA,Mono
ACCTTTGAGGAACG,DC
ACCTTTGAGGAAGC,DC
ACGAACACCTTGTT,NK
ACGAACTGGCTATG,
ACGAAGCTCTCCAC,CD4 T
ACGAAGCTCTGAGT,B
ACGACCCTATCTCT,DC
ACGACCCTGATGAA,CD4 T
ACGACCCTTGACAC,B
ACGACCCTTGACCA,CD4 T
ACGAGGGACAGGAG,DC
ACGAGGGACGAACT,CD4 T
ACGAGGGATGTAGC,CD4 T
ACGAGTACCCTAAG,B
ACGAGTACGAATCC,B
ACGATCGAGGACTT,NK
ACGATCGAGTCACA,Mono
ACGATGACAATGCC,CD4 T
ACGATGACTGGTCA,CD4 T
ACGATTCTACGGGA,CD8 T
ACGCAATGGTTCAG,NK
ACGCACCTGTTAGC,B
ACGCCACTGAACTC,DC
ACGCCGGAAACCAC,DC
ACGCCGGAAAGCCT,CD4 T
ACGCCGGAAATGCC,CD4 T
ACGCCTTGCTCCCA,Mono
ACGCGGTGGCGAGA,CD4 T
ACGCGGTGTGTGGT,B
ACGCGGTGTTTGCT,CD8 T
ACGCTCACAGTACC,CD4 T
ACGCTCACCCTTGC,CD4 T
ACGCTGCTGTTCTT,NK
ACGGAACTCAGATC,NK
ACGGAACTGTCGTA,DC
ACGGAGGACTCTTA,Mono
ACGGATTGGGAGGT,B
ACGGATTGGTTAGC,CD4 T
ACGGCTCTGAGCAG,CD4 T
ACGGCTCTTGCACA,CD4 T
ACGGTAACCGCTAA,CD8 T
ACGGTAACCTTCGC,CD8 T
ACGGTAACGGTGGA,CD4 T
ACGGTAACTCGCAA,
ACGGTATGAGTCGT,Mono
ACGGTATGGGTATC,B
ACGGTATGGTTGTG,B
ACGGTCCTAACGGG,CD4 T
ACGGTCCTCGGGAA,CD4 T
ACGTAGACAACCAC,CD4 T
ACGTAGACTACAGC,B
ACGTCAGAAACGAA,CD4 T
ACGTCAGAGAGCTT,DC
ACGTCAGAGGGATG,CD4 T
ACGTCCTGATAAGG,DC
ACGTCCTGTGAACC,DC
ACGTCGCTCCTGAA,NK
ACGTCGCTCTATTC,DC
ACGTCGCTTCTCAT,B
ACGTGATGCCATGA,DC
ACGTGATGGGTCTA,CD8 T
ACGTGATGTAACCG,Mono
ACGTGATGTGACAC,NK
ACGTGCCTCCGTAA,CD4 T
ACGTGCCTTCTATC,CD8 T
ACGTTACTTTCCAT,CD4 T
ACGTTGGAAAAGCA,CD8 T
ACGTTGGAAACCTG,CD8 T
ACGTTGGACCGTAA,Mono
ACGTTGGAGCCAAT,NK
ACGTTGGATATGGC,B
ACGTTGGATCAGGT,DC
ACGTTTACATCAGC,CD8 T
ACTAAAACCCACAA,CD8 T
ACTAAAACTCGACA,Mono
ACTACGGAATTTCC,CD4 T
ACTACGGACCTATT,CD4 T
ACTACGGATCGCTC,CD4 T
ACTACTACTAAGGA,CD8 T
ACTAGGTGGAACCT,CD8 T
ACTAGGTGGAACTC,CD4 T
ACTATCACCTTGGA,CD8 T
ACTATCACTGCCAA,CD4 T
ACTCAGGACTGAAC,CD4 T
ACTCAGGATCTATC,B
ACTCAGGATTCGTT,Mono
ACTCCTCTCAACTG,CD4 T
ACTCGCACGAAAGT,Mono
ACTCGCACTACGAC,DC
ACTCTCCTGACACT,CD8 T
ACTCTCCTGCATAC,
ACTCTCCTGTTTGG,CD4 T
ACTGAGACAACCAC,CD8 T
ACTGAGACCCATAG,DC
ACTGAGACGTTGGT,B
ACTGCCACACACGT,CD8 T
ACTGCCACTCCGTC,NK
ACTGGCCTTCAGTG,NK
ACTGTGGACGTGTA,
ACTGTGGATCTAGG,B
ACTGTTACCCACAA,Mono
ACTGTTACTGCAGT,CD4 T
ACTTAAGAACCACA,CD8 T
ACTTAAGATTACTC,DC
ACTTAGCTGCGTAT,Mono
ACTTAGCTGGGAGT,CD4 T
ACTTCAACAAGCAA,CD8 T
ACTTCAACGTAGGG,NK
ACTTCCCTTTCCGC,CD4 T
ACTTCTGACATGCA,B
ACTTGACTCCACAA,B
ACTTGGGAGAAAGT,DC
ACTTGGGAGGTTTG,CD4 T
ACTTGGGATGTGAC,Mono
ACTTGGGATTGACG,DC
ACTTGTACCTGTCC,CD4 T
ACTTTGTGGAAAGT,CD4 T
ACTTTGTGGATAGA,Mono
AGAAACGAAAGTAG,B
AGAAAGTGCGCAAT,CD4 T
AGAAAGTGGGGATG,DC
AGAACAGAAATGCC,NK
AGAACAGACGACTA,B
AGAACAGAGACAAA,CD4 T
AGAACGCTTTGCTT,CD4 T
AGAAGATGTGACTG,CD4 T
AGAATGGAAGAAGT,CD8 T
AGAATTTGTAACCG,CD4 T
AGAATTTGTAGAGA,CD4 T
AGACACACTGTAGC,CD4 T
AGACACTGTCAAGC,Mono
AGACCTGAAGTAGA,Mono
AGACCTGACCAACA,CD4 T
AGACCTGAGGAAGC,CD8 T
AGACGTACAGAGGC,CD4 T
AGACGTACCCCTAC,B
AGACGTACCTCTTA,DC
AGACGTACTCGTGA,DC
AGACTGACCATCAG,CD8 T
AGACTGACCCTTTA,CD8 T
AGACTTCTCATGCA,B
AGAGATGACAGTCA,B
AGAGATGACTGAAC,CD4 T
AGAGATGAGGTTTG,DC
AGAGATGATCTCGC,B
AGAGATGATTGTGG,CD8 T
AGAGCGGAGGCAAG,DC
AGAGTCTGGTCGTA,DC
AGAGTGCTCAGCTA,CD4 T
AGAGTGCTCGAATC,CD4 T
AGAGTGCTGTCATG,CD4 T
AGAGTGCTGTCCTC,CD8 T
AGAGTGCTGTGTTG,B
AGATATACCCGTAA,NK
AGATATACGATGAA,CD4 T
AGATATACTGTTCT,B
AGATATTGCCTACC,CD8 T
AGATATTGGCCAAT,Mono
AGATCGTGTCTGGA,DC
AGATCGTGTTTGTC,B
AGATCTCTATCACG,B
AGATTAACGTTCTT,Mono
AGATTCCTATCGTG,CD4 T
AGATTCCTCACTTT,DC
AGATTCCTGACGAG,Mono
AGATTCCTGTTCAG,NK
AGCAAAGATATGCG,CD4 T
AGCACAACAGTCTG,CD8 T
AGCACTGAGGGAGT,CD4 T
AGCACTGATATGCG,CD4 T
AGCACTGATGCTTT,DC
AGCACTGATTGCGA,CD4 T
AGCATCGAAGATCC,CD4 T
AGCATCGAAGGGTG,B
AGCATCGAGCTTCC,Mono
AGCATCGAGTGAGG,CD4 T
AGCATCGATAACCG,Mono
AGCATGACGATGAA,CD8 T
AGCCAATGGGGAGT,DC
AGCCAATGTATCTC,CD4 T
AGCCACCTGGATCT,CD8 T
AGCCGGTGCCAATG,CD4 T
AGCCGGTGTGTTTC,CD4 T
AGCCGTCTCAATCG,CD8 T
AGCCGTCTGAGAGC,CD4 T
AGCCTCACGTTCGA,CD4 T
AGCCTCACTGTCAG,DC
AGCCTCTGCAGTTG,B
AGCCTCTGCCAATG,NK
AGCGAACTGGATCT,CD8 T
AGCGAACTTACTGG,CD4 T
AGCGATACGGAGCA,CD8 T
AGCGATTGAGATCC,NK
AGCGCCGAATCTCT,CD4 T
AGCGCCGACAGAGG,CD4 T
AGCGCTCTACCTTT,CD4 T
AGCGGCACCGGGAA,CD4 T
AGCGGCTGATGTGC,CD4 T
AGCGGGCTTGCCAA,CD4 T
AGCGTAACATGCTG,CD4 T
AGCGTAACTGAGAA,DC
AGCTCGCTACTGGT,CD4 T
AGCTCGCTCTGCTC,CD8 T
AGCTGAACCATACG,Mono
AGCTGAACCTCTCG,CD4 T
AGCTGCCTTGGGAG,Mono
AGCTGCCTTTCATC,CD4 T
AGCTGCCTTTCTGT,CD4 T
AGCTGTGATCCAAG,CD8 T
AGCTTTACAAGTAG,CD4 T
AGCTTTACACCAAC,CD8 T
AGCTTTACTCTCAT,B
AGGAAATGAGGAGC,CD4 T
AGGAACCTCTTAGG,DC
AGGAACCTTGCCTC,CD8 T
AGGAATGATAACGC,CD8 T
AGGAATGATTTGTC,CD4 T
AGGAGTCTGGTTTG,CD4 T
AGGAGTCTTGTCAG,CD4 T
AGGATAGACATTTC,CD4 T
AGGATAGAGGATTC,NK
AGGATGCTACTAGC,B
AGGATGCTTTAGGC,NK
AGGCAACTGAAGGC,CD4 T
AGGCAGGAGTACCA,CD8 T
AGGCCTCTAGTCGT,CD4 T
AGGCCTCTCGGAGA,CD4 T
AGGCCTCTCGTAAC,CD4 T
AGGGACGACGTTGA,CD4 T
AGGGACGAGTCAAC,NK
AGGGACGAGTTGTG,CD4 T
AGGGACGATAGAGA,CD8 T
AGGGACGATGCATG,CD8 T
AGGGAGTGAGCCTA,CD4 T
AGGGCCACCATACG,CD4 T
AGGGCGCTAACCAC,
AGGGCGCTATGGTC,CD8 T
AGGGTGGACAGTCA,B
AGGGTGGACTCAAG,Mono
AGGGTGGAGTTGCA,CD8 T
AGGGTTTGTTCATC,DC
AGGTCATGAGTGTC,B
AGGTCATGCTTATC,CD8 T
AGGTCTGATTCTCA,DC
AGGTGGGAAGAATG,CD4 T
AGGTGGGAAGTTCG,CD4 T
AGGTGTTGGTTACG,B
AGGTTCGAACCTCC,Mono
AGGTTCGAACGTAC,Mono
AGGTTCGAGGGTGA,CD8 T
AGTAAGGAGTTTGG,CD4 T
AGTAAGGATTCTTG,CD4 T
AGTAATACATCACG,NK
AGTAATACCGAACT,B
AGTAATTGTCCCAC,CD4 T
AGTACGTGAGGGTG,CD4 T
AGTACGTGCTGCAA,CD4 T
AGTACGTGCTTGGA,CD4 T
AGTACTCTACGTGT,B
AGTACTCTCAACCA,CD8 T
AGTACTCTCGGTAT,CD8 T
AGTAGGCTTGCCTC,DC
AGTATAACTTGTCT,DC
AGTATCCTAGAACA,CD4 T
AGTCACGATGAGCT,NK
AGTCAGACGAATAG,CD4 T
AGTCAGACGCTTAG,CD8 T
AGTCAGACTAGAGA,CD4 T
AGTCAGACTGCACA,CD4 T
AGTCCAGATATCTC,CD4 T
AGTCCAGATTTCAC,CD4 T
AGTCGAACCAACCA,CD4 T
AGTCGCCTCCGTAA,CD4 T
AGTCTACTAGGGTG,DC
AGTCTACTTGCATG,DC
AGTCTTACACCACA,CD8 T
AGTCTTACTTCGCC,CD8 T
AGTCTTACTTCGGA,Platelet
AGTGACTGCAACTG,DC
AGTGTTCTAACCTG,CD4 T
AGTGTTCTATAAGG,CD8 T
AGTGTTCTCACTTT,DC
AGTTAAACCACTTT,CD4 T
AGTTATGAACAGTC,Mono
AGTTATGACTGAGT,CD4 T
AGTTATGAGTTCAG,CD4 T
AGTTCTACCAGCTA,DC
AGTTCTTGAAGCCT,CD8 T
AGTTGTCTACTACG,CD4 T
AGTTTAGATGGTCA,CD8 T
AGTTTCACGGTCTA,CD8 T
AGTTTGCTACAGTC,CD4 T
AGTTTGCTACTGGT,NK
AGTTTGCTCCAAGT,CD4 T
ATAAACACAGTGCT,B
ATAAACACCACCAA,CD8 T
ATAACAACATGCTG,Mono
ATAACAACGTCTAG,CD4 T
ATAACAACTTTGTC,CD4 T
ATAACATGTACTCT,CD4 T
ATAACCCTGTTGGT,CD8 T
ATAACCCTTGGTAC,CD4 T
ATAAGTACGAATGA,B
ATAAGTTGGTACGT,DC
ATAAGTTGTCTAGG,CD4 T
ATAATCGAGCTGAT,B
ATAATCGATGGTTG,CD4 T
ATAATGACCTACTT,CD4 T
ATAATGACTCGTGA,DC
ATACAATGTTAGGC,CD4 T
ATACCACTCGTACA,DC
ATACCACTCTAAGC,DC
ATACCACTGCCAAT,
ATACCGGAATGCTG,DC
ATACCGGACATTTC,Mono
ATACCGGACTTCGC,CD4 T
ATACCGGAGGTGTT,Mono
ATACCGGATCTCGC,CD4 T
ATACCTACGCATCA,CD4 T
ATACCTTGGGGCAA,CD8 T
ATACGGACAGACTC,Mono
ATACGGACCTACTT,Mono
ATACGGACGAGGTG,B
ATACGGACTATGCG,B
ATACGGACTCTGGA,Mono
ATACGTCTTAACGC,Mono
ATACTCTGCTTCGC,DC
ATACTCTGGTATGC,NK
ATAGATACCATGGT,CD4 T
ATAGATACGACGAG,CD4 T
ATAGATTGGTGTAC,B
ATAGCCGAACGGAG,CD4 T
ATAGCGTGCAGATC,CD4 T
ATAGCGTGCCCTTG,DC
ATAGCGTGGTATCG,DC
ATAGCGTGTCTCTA,CD4 T
ATAGCTCTCTGATG,CD4 T
ATAGCTCTGAGGTG,CD4 T
ATAGGAGAAACAGA,DC
ATAGGCTGTCAGAC,CD4 T
ATAGTCCTAGTGTC,Mono
ATAGTCCTTGCATG,
ATAGTCCTTGTCGA,CD4 T
ATAGTTGACAACTG,CD4 T
ATAGTTGACCCTCA,DC
ATAGTTGAGACGTT,CD4 T
ATAGTTGATAAGCC,
ATATACGAAGCCAT,CD4 T
ATATACGAATTGGC,CD4 T
ATATAGTGGAATGA,Mono
ATATGCCTAGATCC,Mono
ATATGCCTGGACAG,CD8 T
ATATGCCTTCTCTA,CD4 T
ATATGCCTTGGTAC,CD4 T
ATCAAATGAGCCTA,DC
ATCAAATGGGTAAA,DC
ATCAACCTAAACGA,CD4 T
ATCAACCTGAGGAC,CD4 T
ATCAACCTTCTCTA,CD8 T
ATCAACCTTTGTCT,CD8 T
ATCACACTTTGTCT,CD4 T
ATCACGGATTTCGT,B
ATCATCTGACACCA,Platelet
ATCATGCTAGAGTA,CD8 T
ATCATGCTGAACCT,B
ATCCAGGACGCTAA,DC
ATCCAGGATGGAAA,CD4 T
ATCCATACTCCTTA,DC
ATCCATACTTCATC,Mono
ATCCCGTGCAGTCA,NK
ATCCCGTGCATGCA,B
ATCCCGTGGCTGAT,B
ATCCGCACGCATCA,B
ATCCTAACGACGGA,B
ATCCTAACGCTACA,
ATCGACGAAACTGC,Mono
ATCGACGAATGACC,CD8 T
ATCGAGTGGACGTT,CD8 T
ATCGCAGAATCTCT,DC
ATCGCAGAGTGTCA,B
ATCGCCACTGAGGG,CD8 T
ATCGCCTGGGTCAT,CD4 T
ATCGCCTGTGGCAT,B
ATCGCGCTCAGAGG,DC
ATCGCGCTGGGATG,CD4 T
ATCGCGCTTTTCGT,B
ATCGGAACCAGTCA,CD4 T
ATCGGTGAGTCAAC,CD4 T
ATCGGTGATTGCAG,CD4 T
ATCGTTTGCCTACC,DC
ATCGTTTGGGTACT,Mono
ATCGTTTGTGCCAA,Mono
ATCTACACCCGCTT,Mono
ATCTACACCGGGAA,CD4 T
ATCTCAACAGGAGC,B
ATCTCAACCTCGAA,
ATCTCAACCTTGTT,Mono
ATCTGGGAAACCAC,Mono
ATCTGGGAAGTGTC,DC
ATCTGGGATTCCGC,CD4 T
ATCTGTTGAACGGG,CD4 T
ATCTGTTGACCTCC,CD4 T
ATCTGTTGCCTTCG,DC
ATCTGTTGGTTGCA,CD4 T
ATCTTGACACCAAC,CD4 T
ATCTTGACCTCCCA,Mono
ATCTTTCTGCATCA,CD8 T
ATCTTTCTGTTTCT,CD8 T
ATCTTTCTTGTCCC,NK
ATGAAACTCTGTGA,CD4 T
ATGAAACTGAGGCA,CD4 T
ATGAAGGAACAGCT,CD8 T
ATGAAGGACCTGTC,B
ATGAAGGACCTTAT,B
ATGAAGGACTAGTG,B
ATGAAGGACTTGCC,NK
ATGACGTGACGACT,B
ATGACGTGATCGGT,DC
ATGAGAGAAAGTGA,CD4 T
ATGAGAGAACGCAT,CD4 T
ATGAGAGAAGTAGA,B
ATGAGCACACAGCT,CD8 T
ATGAGCACATCTTC,CD4 T
ATGATAACTTCACT,NK
ATGATATGAAACAG,CD4 T
ATGATATGACTGGT,CD4 T
ATGATATGAGCACT,CD4 T
ATGATATGGTCATG,CD4 T
ATGATATGGTGCTA,NK
ATGATATGTTGTCT,DC
ATGCACGAATGTCG,B
ATGCACGACTGTAG,CD4 T
ATGCACGAGAACCT,B
ATGCACGAGTTCGA,CD4 T
ATGCACGATTGGTG,DC
ATGCAGTGTTACCT,B
ATGCAGTGTTCTAC,CD4 T
ATGCCAGAACGACT,CD4 T
ATGCCAGACAGTCA,Mono
ATGCCGCTTGAACC,DC
ATGCGATGCTATGG,DC
ATGCGATGCTGAGT,CD4 T
ATGCGATGGTTACG,B
ATGCGCCTTCATTC,CD4 T
ATGCTTTGCGAATC,CD4 T
ATGCTTTGGGCGAA,CD8 T
ATGCTTTGTAGTCG,B
ATGGACACATCGGT,CD4 T
ATGGACACGCATCA,NK
ATGGGTACAACCTG,B
ATGGGTACATCGGT,NK
ATGGGTACTATTCC,CD4 T
ATGGGTACTGGGAG,CD4 T
ATGTAAACACCTCC,CD4 T
ATGTAAACCCGCTT,CD4 T
ATGTAAACGGGATG,DC
ATGTAAACTCTCCG,CD4 T
ATGTAAACTTCACT,DC
ATGTACCTCAGTCA,CD4 T
ATGTACCTTAGTCG,CD4 T
ATGTACCTTTATCC,DC
ATGTACCTTTCACT,NK
ATGTCACTAATGCC,DC
ATGTCACTCTGCTC,CD4 T
ATGTCGGAGGTGAG,CD4 T
ATGTTCACAGTCTG,DC
ATGTTCACCGTAGT,CD4 T
ATGTTGCTTTCAGG,CD4 T
ATTAACGATGAGAA,NK
ATTAACGATGCAAC,CD8 T
ATTAAGACTGCAGT,CD4 T
ATTACCTGCCTTAT,Mono
ATTACCTGGAGGAC,DC
ATTAGATGTTTCAC,CD4 T
ATTATGGAATCTCT,CD4 T
ATTCAAGAACGGGA,CD8 T
ATTCAAGACCTTTA,CD4 T
ATTCAGCTCATTGG,Platelet
ATTCCAACCATTGG,Mono
ATTCCAACTTAGGC,NK
ATTCGACTCACTAG,CD4 T
ATTCGACTGAATAG,DC
ATTCGACTTTTGTC,DC
ATTCGGGAAAGGCG,DC
ATTCGGGATTAGGC,CD4 T
ATTCTTCTGATACC,CD8 T
ATTGAATGGACGGA,CD4 T
ATTGATGAAGGTTC,CD4 T
ATTGATGACTGAGT,CD4 T
ATTGATGAGCGAAG,CD4 T
ATTGATGATCTATC,CD4 T
ATTGCACTGACGGA,CD8 T
ATTGCACTGAGAGC,DC
ATTGCACTGGAGCA,Mono
ATTGCACTTAGCCA,CD4 T
ATTGCACTTGCTTT,DC
ATTGCTTGTTACTC,B
ATTGGTCTGACTAC,B
ATTGGTCTTGTCTT,B
ATTGTAGATTCCCG,DC
ATTGTAGATTGCAG,CD4 T
ATTGTCTGCGTACA,CD4 T
ATTTAGGAACCATG,DC
ATTTAGGACAGAGG,CD4 T
ATTTCCGAGATGAA,CD4 T
ATTTCCGAGTGCTA,CD4 T
ATTTCGTGTATGGC,NK
ATTTCTCTACTTTC,DC
ATTTCTCTAGCAAA,CD4 T
ATTTCTCTCACTTT,Mono
ATTTCTCTTCCCAC,CD4 T
ATTTGCACAAGATG,Mono
CAAAGCACAGCTCA,CD4 T
CAAAGCACCGTAAC,B
CAAAGCACGGTAAA,NK
CAAAGCTGAAAGTG,CD8 T
CAAAGCTGTTGCTT,DC
CAAATATGTGACAC,CD4 T
CAAATTGAGGGCAA,CD4 T
CAAATTGATGGAGG,Mono
CAACCAGAAAAGTG,CD8 T
CAACCAGAAGTGCT,CD4 T
CAACCAGAGTTCAG,Mono
CAACCAGATAGAAG,Mono
CAACCGCTGTTCAG,CD4 T
CAACCGCTTTGAGC,CD4 T
CAACGATGCGCAAT,DC
CAACGTGACTCCAC,DC
CAACGTGAGCCATA,CD8 T
CAACGTGATCAAGC,DC
CAAGAAGACCACAA,CD8 T
CAAGAAGACGTCTC,DC
CAAGAAGATTCTAC,CD4 T
CAAGACTGACCTGA,B
CAAGACTGAGTAGA,B
CAAGCTGACCATAG,DC
CAAGCTGATCTATC,NK
CAAGGACTGTTCAG,CD8 T
CAAGGACTTCTTTG,CD8 T
CAAGGTTGCTCCAC,CD4 T
CAAGGTTGTCATTC,B
CAAGGTTGTCTGGA,NK
CAAGTCGAAACAGA,B
CAAGTCGATAGCGT,Mono
CAATAAACGCCATA,DC
CAATAATGAACTGC,DC
CAATATGACATGGT,CD4 T
CAATATGACCTTCG,NK
CAATATGACGTTAG,CD4 T
CAATATGAGGAGCA,CD4 T
CAATCGGAGAAACA,CD4 T
CAATCTACTGACTG,NK
CAATTCACCCAACA,CD8 T
CAATTCACGATAGA,CD4 T
CAATTCACTTGTGG,
CAATTCTGCTTGTT,DC
CAATTCTGGCGTAT,DC
CACAACGATACGAC,CD8 T
CACAATCTTGTTCT,CD8 T
CACAATCTTTCCAT,CD4 T
CACACCTGCTTGAG,CD4 T
CACACCTGTATGGC,CD4 T
CACAGAACCCTTGC,
CACAGAACCTGATG,CD4 T
CACAGATGGGATTC,CD4 T
CACAGATGGTTTCT,Mono
CACAGCCTGATACC,CD4 T
CACAGCCTTGCCAA,Mono
CACAGCCTTGTAGC,CD4 T
CACAGTGATGAAGA,Mono
CACATACTACAGCT,CD8 T
CACATGGAACACGT,CD4 T
CACATGGAAGTCGT,CD4 T
CACCACTGCCAACA,CD4 T
CACCACTGGCGAAG,NK
CACCCATGTTCTGT,CD8 T
CACCGGGAATCGAC,CD4 T
CACCGGGACGAGAG,CD8 T
CACCGGGACGTGTA,CD4 T
CACCGGGACTTCTA,
CACCGGGACTTGCC,CD8 T
CACCGGGATTCGGA,CD8 T
CACCGTACTAAGGA,B
CACCGTACTAGCGT,CD4 T
CACCTGACACCCAA,CD8 T
CACCTGACCAGAAA,CD4 T
CACCTGACCTCAAG,CD8 T
CACCTGACGAAAGT,B
CACCTGACTCGTAG,CD4 T
CACGAAACTTCCGC,B
CACGACCTCGATAC,B
CACGCTACAGAAGT,CD4 T
CACGCTACTGTTCT,B
CACGGGACAGAGTA,CD4 T
CACGGGACATAAGG,CD4 T
CACGGGACGTAGGG,CD4 T
CACGGGTGCTTCGC,CD8 T
CACGGGTGGAGGAC,NK
CACGGGTGTGTTTC,CD4 T
CACTAACTCCTAAG,B
CACTAACTGAAAGT,CD4 T
CACTAGGATGATGC,B
CACTATACCCCGTT,B
CACTATACGTTTGG,CD8 T
CACTGAGACAGTCA,Mono
CACTGCACTTCATC,CD4 T
CACTGCTGAGACTC,Mono
CACTGCTGGAAAGT,CD4 T
CACTTAACCGAATC,CD4 T
CACTTAACCGTACA,B
CACTTTGACTCTAT,CD8 T
CACTTTGAGCTGTA,CD8 T
CAGAAGCTCTCAAG,CD4 T
CAGACATGAACGGG,CD4 T
CAGACATGTCGACA,CD4 T
CAGACCCTAAGGTA,DC
CAGACCCTAATGCC,CD8 T
CAGACCCTAGGAGC,CD8 T
CAGACTGAGTATGC,CD4 T
CAGATCGAATGTCG,B
CAGATCGACCTGAA,CD8 T
CAGATCGATATGGC,CD4 T
CAGATGACATTCTC,NK
CAGCAATGCCTTCG,CD4 T
CAGCAATGGAGGGT,NK
CAGCAATGGTGCTA,CD4 T
CAGCAATGTCTACT,DC
CAGCAATGTGACCA,CD4 T
CAGCAATGTGAGGG,DC
CAGCACCTAAGCCT,CD4 T
CAGCACCTAGGCGA,CD4 T
CAGCACCTGTAGGG,Mono
CAGCATGACAACCA,DC
CAGCATGAGACGTT,CD8 T
CAGCCTACCCAACA,CD4 T
CAGCCTTGCTACCC,Mono
CAGCCTTGGGGACA,CD4 T
CAGCGGACACCCTC,CD4 T
CAGCGGACCTTTAC,NK
CAGCGTCTAAAGCA,CD4 T
CAGCGTCTTATCGG,CD4 T
CAGCTAGATGTGAC,Mono
CAGCTCTGAGGCGA,CD4 T
CAGCTCTGCAAGCT,CD8 T
CAGCTCTGTCGTAG,Mono
CAGCTCTGTGTGGT,NK
CAGGAACTAACTGC,CD8 T
CAGGAACTCTCAGA,Mono
CAGGCCGAACACCA,CD4 T
CAGGCCGAACACGT,CD4 T
CAGGCCGAACGACT,CD4 T
CAGGCCGAATCTCT,DC
CAGGCCGACTAGCA,B
CAGGGCACCATACG,B
CAGGGCACCCAACA,CD4 T
CAGGGCACTCCCGT,CD4 T
CAGGTAACAGACTC,DC
CAGGTATGAGTCGT,CD4 T
CAGGTATGTGCTTT,CD4 T
CAGGTTGAGGATCT,B
CAGTGATGGACGGA,B
CAGTGATGGCTAAC,NK
CAGTGATGGGACAG,CD4 T
CAGTGATGTAAGGA,B
CAGTGATGTACGCA,
CAGTGTGATGTCAG,CD4 T
CAGTTACTAAGGTA,B
CAGTTACTGATAGA,CD4 T
CAGTTGGAAAGAGT,DC
CAGTTGGACATACG,CD4 T
CAGTTTACACACGT,NK
CAGTTTACCCCAAA,CD8 T
CATAAAACGGAGCA,DC
CATAAATGAACTGC,CD4 T
CATAACCTTCTCCG,CD4 T
CATACTACCTCGAA,CD4 T
CATACTACCTGAAC,CD4 T
CATACTACGTACCA,Mono
CATACTTGGGTTAC,
CATAGTCTAATCGC,CD4 T
CATAGTCTCACTTT,CD4 T
CATATAGACTAAGC,DC
CATATAGATCAGGT,B
CATCAACTAGAAGT,CD4 T
CATCAACTCCCTCA,CD4 T
CATCAGGACTTCCG,NK
CATCAGGATAGCCA,NK
CATCAGGATCCTAT,DC
CATCAGGATGCACA,DC
CATCAGGATTTCGT,Mono
CATCATACCGCATA,DC
CATCATACGGAGCA,B
CATCATACTCAAGC,CD8 T
CATCGCTGGGATCT,CD4 T
CATCGCTGTGGCAT,B
CATCGGCTATGCTG,CD4 T
CATCGGCTTTGGCA,CD4 T
CATCTCCTATGTGC,B
CATCTCCTCGAACT,DC
CATGAGACACGGGA,B
CATGAGACGTTGAC,NK
CATGAGACTCGCCT,CD4 T
CATGCCACGGGTGA,CD8 T
CATGCCACTGCCAA,CD4 T
CATGCGCTAGTCAC,DC
CATGCGCTCAGATC,DC
CATGCGCTTTGCAG,Mono
CATGGCCTAGGGTG,Mono
CATGGCCTGTGCAT,CD4 T
CATGTACTATCGTG,CD8 T
CATGTTACAGTCGT,NK
CATGTTACCTGAGT,CD8 T
CATGTTTGGGGATG,DC
CATTACACACGGAG,B
CATTACACCAACTG,NK
CATTACACGGAGTG,CD4 T
CATTACACTACTCT,CD8 T
CATTAGCTCCACAA,Mono
CATTGACTAGCGGA,DC
CATTGGGACTCGAA,
CATTGTACAGCGTT,CD8 T
CATTGTACTCGATG,B
CATTGTACTTATCC,CD4 T
CATTGTACTTTGCT,DC
CATTGTTGCTAGTG,CD4 T
CATTTCGACTCTAT,CD8 T
CATTTCGAGATACC,NK
CATTTGACCACACA,CD8 T
CATTTGACCCTGAA,CD8 T
CATTTGTGACGACT,B
CATTTGTGCATTGG,CD4 T
CATTTGTGCGGAGA,CD8 T
CATTTGTGGGATCT,B
CCAAAGTGCTACGA,Mono
CCAAAGTGTGAGAA,Mono
CCAACCTGAAGTAG,CD8 T
CCAACCTGACGTAC,Mono
CCAACCTGTTCGCC,
CCAAGAACCCAATG,CD4 T
CCAAGAACGTAGCT,CD4 T
CCAAGAACGTGTCA,CD4 T
CCAAGAACTACTGG,NK
CCAAGAACTCCTAT,B
CCAAGATGTCATTC,CD4 T
CCAAGATGTTTCAC,CD4 T
CCAAGTGAGGAACG,CD8 T
CCAAGTGATCAAGC,CD4 T
CCAATTTGAACGTC,DC
CCACCATGAACGTC,CD4 T
CCACCATGATCGGT,CD4 T
CCACCATGGACGAG,DC
CCACCATGGGGAGT,CD4 T
CCACCATGTCCTGC,CD8 T
CCACTGACCCGCTT,Mono
CCACTGTGGGAAGC,Mono
CCACTGTGTGTAGC,CD4 T
CCACTTCTCGGGAA,DC
CCAGAAACCCTGTC,B
CCAGAAACGAACTC,CD4 T
CCAGAAACGGTCTA,CD4 T
CCAGACCTCTGAGT,DC
CCAGACCTTGTGGT,CD4 T
CCAGCACTGCGATT,DC
CCAGCGGAAAGGCG,Mono
CCAGCGGACGACTA,DC
CCAGCGGATGGGAG,CD4 T
CCAGCTACACAGTC,CD4 T
CCAGCTACCAGCTA,B
CCAGGTCTACACCA,B
CCAGGTCTAGCATC,Mono
CCAGGTCTATGGTC,CD4 T
CCAGTCACACTGGT,DC
CCAGTCACACTGTG,B
CCAGTCACGTTGTG,CD4 T
CCAGTGCTAACCAC,CD4 T
CCAGTGCTCGTAGT,CD4 T
CCATCCGAAAGCAA,CD8 T
CCATCCGAACGACT,CD8 T
CCATCCGAAGGTTC,B
CCATCCGATTCGCC,Mono
CCATCGTGAACGGG,CD4 T
CCATCGTGCTAGAC,DC
CCCAACACCTCGCT,B
CCCAACACGCATCA,CD4 T
CCCAACACTTTGTC,Mono
CCCAACTGCAATCG,DC
CCCAGACTGCCTTC,Mono
CCCAGACTGGTTTG,B
CCCAGACTTTCGCC,DC
CCCAGTTGCAGTTG,DC
CCCAGTTGGGTACT,CD4 T
CCCAGTTGTCTATC,B
CCCGATTGTGTTTC,CD8 T
CCCGGAGAAGGGTG,DC
CCCTACGAATTGGC,Mono
CCCTAGTGCAAAGA,CD4 T
CCCTCAGACACTTT,B
CCCTCAGACGAGAG,CD4 T
CCCTCAGAGGTCAT,CD4 T
CCCTGAACTAAAGG,B
CCCTGATGCAACCA,CD4 T
CCCTGATGCAAGCT,B
CCCTTACTAACCAC,DC
CCCTTACTGCAGTT,CD8 T
CCGAAAACCTTGTT,DC
CCGACACTGGTTTG,CD4 T
CCGACTACCCAGTA,Mono
CCGACTACCGTGTA,CD4 T
CCGACTACTGAGGG,CD8 T
CCGATAGACCTAAG,CD4 T
CCGATAGAGTTGGT,DC
CCGCGAGACACACA,DC
CCGCGAGAGGTTCA,CD8 T
CCGCTATGGGACGA,B
CCGCTATGTGCAAC,Mono
CCGCTATGTGCACA,Mono
CCGGTACTGTCCTC,CD8 T
CCGTACACAAGCAA,CD4 T
CCGTACACAGCGTT,B
CCGTACACGTCATG,CD8 T
CCGTACACGTTGGT,DC
CCGTACACTAACGC,CD4 T
CCTAAACTTTCGTT,CD4 T
CCTAAGGACCCAAA,CD4 T
CCTAAGGACTAGCA,Mono
CCTAAGGAGGGCAA,CD4 T
CCTAAGGATGATGC,CD4 T
CCTAAGGATGTCAG,CD4 T
CCTACCGACTCTTA,CD4 T
CCTACCGAGGGATG,B
CCTAGAGAGGTGAG,B
CCTATAACCAAAGA,CD8 T
CCTATAACGAGACG,DC
CCTATAACTCAGAC,CD4 T
CCTATAACTGCATG,Mono
CCTCGAACACTTTC,NK
CCTCGAACCCGTAA,Mono
CCTCGAACGTATCG,CD4 T
CCTCGAACTTACTC,CD4 T
CCTCTACTCTTCGC,DC
CCTCTACTGGCATT,CD4 T
CCTGACTGAAGTAG,CD8 T
CCTGACTGGGGAGT,CD8 T
CCTGACTGTGTCTT,B
CCTGCAACACGTTG,DC
CCTGGACTCGTGAT,CD4 T
CCTTAATGCCCAAA,B
CCTTAATGTTCTAC,DC
CCTTCACTACGACT,CD4 T
CCTTCACTCAGTCA,B
CCTTCACTGGAGTG,DC
CCTTTAGATTCATC,DC
CGAACATGCCCTAC,DC
CGAACATGTCAGAC,CD4 T
CGAAGACTGGAACG,CD8 T
CGAAGACTGTTACG,CD4 T
CGAAGGGAAACCTG,CD8 T
CGAAGGGATCCGAA,B
CGAAGTACCAACTG,B
CGAATCGAGGAGCA,Mono
CGAATCGAGGAGGT,CD4 T
CGACAAACCCATAG,CD4 T
CGACAAACCGACAT,B
CGACCACTAAAGTG,NK
CGACCACTGCCAAT,NK
CGACCGGAAGGTCT,CD4 T
CGACCGGATGGAAA,CD4 T
CGACCTTGCTAGTG,CD4 T
CGACGTCTATCGTG,CD4 T
CGACGTCTCGTGTA,CD4 T
CGACGTCTGAGGCA,CD4 T
CGACTCACGTCGTA,CD4 T
CGACTCACGTTGCA,CD8 T
CGACTCTGTGTGAC,CD4 T
CGACTGCTTCCTCG,Mono
CGAGAACTAAGGCG,CD8 T
CGAGAACTACGTTG,CD4 T
CGAGAACTTGTTCT,Mono
CGAGATTGGACACT,CD8 T
CGAGATTGGCCATA,CD8 T
CGAGCCGAACACCA,CD4 T
CGAGCCGAGGCGAA,CD8 T
CGAGCGTGCTCCAC,CD8 T
CGAGCGTGGATACC,CD4 T
CGAGCGTGTATGCG,DC
CGAGGAGACCTCCA,B
CGAGGAGATGTCGA,CD4 T
CGAGGCACCTATGG,CD8 T
CGAGGCACTATGCG,DC
CGAGGCACTCTTCA,CD4 T
CGAGGCTGACGCTA,NK
CGAGGCTGGCAGTT,DC
CGAGGGCTACGACT,B
CGAGGGCTCGAATC,CD8 T
CGAGTATGTCACCC,Mono
CGATACGAACAGTC,DC
CGATACGACAGGAG,
CGATACGATTCACT,B
CGATAGACCCGTAA,DC
CGATAGACCGTACA,CD4 T
CGATAGACGTAGGG,Mono
CGATAGACTGTTCT,CD4 T
CGATCAGAAGAACA,CD8 T
CGATCAGAGAGGGT,CD4 T
CGATCAGAGGTACT,CD4 T
CGATCAGATGTGAC,DC
CGATCCACCGGGAA,CD8 T
CGATCCACTTCCAT,B
CGCAAATGCTCGAA,CD4 T
CGCAACCTCCTTGC,CD4 T
CGCAACCTGGACGA,CD4 T
CGCACGGAGGACGA,B
CGCACGGATCTTTG,CD8 T
CGCACTACAGAATG,CD4 T
CGCACTACAGCCAT,CD4 T
CGCACTACATTGGC,CD4 T
CGCACTACTCGCCT,B
CGCACTACTCGTGA,CD8 T
CGCACTTGTCACGA,Mono
CGCAGGACAGATCC,CD8 T
CGCAGGACCTACTT,CD4 T
CGCAGGACTTGTCT,DC
CGCAGGTGCACTGA,CD8 T
CGCAGGTGCCATAG,DC
CGCAGGTGGGAACG,
CGCATAGATCACGA,Mono
CGCCATACTGCAAC,CD4 T
CGCCATTGAGAGGC,CD4 T
CGCCATTGCTATGG,CD4 T
CGCCATTGGAGACG,CD4 T
CGCCATTGGAGCAG,B
CGCCATTGTACTGG,B
CGCCGAGAGCTTAG,NK
CGCCTAACGAATGA,DC
CGCCTAACTGCTCC,CD4 T
CGCGAGACACAGCT,CD8 T
CGCGAGACAGGTCT,B
CGCGAGACGCTACA,CD8 T
CGCGATCTCAGTCA,DC
CGCGATCTGTTGAC,Mono
CGCGATCTTTCTTG,B
CGCGGATGGCCAAT,CD4 T
CGCTAAGAATGTCG,CD4 T
CGCTAAGACAACTG,CD4 T
CGCTAAGACCCTTG,CD4 T
CGCTACTGAACAGA,DC
CGCTACTGAGAACA,CD4 T
CGCTACTGTGAGCT,CD4 T
CGCTACTGTTCCCG,CD8 T
CGCTCATGCATTTC,Mono
CGGAATTGGTTTGG,CD4 T
CGGAATTGTGGAGG,CD4 T
CGGACCGATGCGTA,CD8 T
CGGACCGATGGGAG,CD4 T
CGGACTCTAAACAG,B
CGGACTCTCCAATG,CD4 T
CGGACTCTCCTCGT,CD8 T
CGGAGGCTATTCCT,CD8 T
CGGAGGCTTGGATC,CD8 T
CGGATAACAACGAA,DC
CGGATAACAGCTCA,CD4 T
CGGATAACTCAGTG,Mono
CGGCACGAACTCAG,CD8 T
CGGCACGAAGGGTG,CD4 T
CGGCACGACTACGA,Mono
CGGCATCTTAGAAG,CD4 T
CGGCATCTTCGTAG,Mono
CGGCCAGAAAGGTA,CD4 T
CGGCCAGAGAGGCA,CD8 T
CGGCGAACCAGTCA,DC
CGGCGAACGACAAA,NK
CGGCGAACGGTCTA,CD4 T
CGGCGAACTACTTC,NK
CGGGACTGCGTGTA,CD4 T
CGGGACTGGAATAG,CD8 T
CGGGCATGACCCAA,CD8 T
CGGGCATGTCTCTA,NK
CGGGCATGTTGTGG,CD4 T
CGGTAAACTCGCAA,CD4 T
CGGTCACTGTTTGG,CD4 T
CGGTCACTTACTTC,CD4 T
CGTAACGATCGCCT,CD4 T
CGTACCACACACAC,CD4 T
CGTACCACACGTTG,CD4 T
CGTACCACCTCATT,CD4 T
CGTACCACGGAGCA,CD4 T
CGTACCTGGCATCA,NK
CGTAGCCTCTCTCG,DC
CGTAGCCTGCGAAG,CD4 T
CGTAGCCTGTATGC,DC
CGTCAAGAAAGGTA,Mono
CGTCAAGAACGTGT,CD4 T
CGTCAAGACAGAGG,CD4 T
CGTCAAGACAGGAG,NK
CGTCCATGCTCTTA,CD4 T
CGTCGACTTTCCGC,CD8 T
CGTGATGACGCTAA,CD4 T
CGTGATGAGGTTCA,CD8 T
CGTGCACTTATGGC,DC
CGTGTAGAAAAACG,CD4 T
CGTGTAGACGATAC,NK
CGTGTAGAGTTACG,NK
CGTGTAGAGTTCAG,Mono
CGTGTAGATTCGGA,NK
CGTTAGGAAACCAC,CD4 T
CGTTAGGATCATTC,DC
CGTTATACCCTGAA,CD8 T
CGTTTAACTGGTCA,CD4 T
CTAAACCTCTGACA,NK
CTAAACCTGTGCAT,B
CTAACACTAACGTC,CD4 T
CTAACACTAGTGCT,Mono
CTAACGGAACCGAT,NK
CTAACGGATTTCTG,CD4 T
CTAACTACGGCAAG,CD8 T
CTAAGGACACCATG,CD4 T
CTAAGGACCGTTAG,CD4 T
CTAAGGACGCCATA,Mono
CTAAGGTGCCTAAG,B
CTAAGGTGTTGCAG,CD4 T
CTAAGGTGTTTCTG,CD8 T
CTAATAGAGCTATG,CD4 T
CTAATGCTTGTGGT,Mono
CTACAACTCCCGTT,CD8 T
CTACCTCTCAACCA,CD8 T
CTACGCACACCTAG,DC
CTACGCACTCTCCG,CD4 T
CTACGCACTGGTCA,NK
CTACGGCTTTCTTG,DC
CTACTATGAACCAC,DC
CTACTATGATGTGC,DC
CTACTATGCTAAGC,CD8 T
CTACTATGTAAAGG,B
CTACTCCTATGTCG,NK
CTACTCCTGCCATA,Mono
CTAGAGACACTTTC,CD4 T
CTAGAGACAGCATC,CD8 T
CTAGAGACTTTGGG,DC
CTAGATCTCTCTAT,CD4 T
CTAGATCTTCGACA,CD4 T
CTAGGATGAGCCTA,
CTAGGATGATCGTG,B
CTAGGCCTCTCAGA,CD4 T
CTAGGTGATGGTTG,Mono
CTAGTTACCAGAGG,CD4 T
CTAGTTACCGCATA,CD4 T
CTAGTTACGAAACA,NK
CTATAAGATCGTTT,B
CTATACTGAGGTTC,Mono
CTATACTGCCAGTA,CD4 T
CTATACTGCGCTAA,Mono
CTATACTGCTACGA,NK
CTATACTGTCTCAT,NK
CTATACTGTTCGTT,
CTATAGCTGTCACA,CD4 T
CTATAGCTTCGCTC,Mono
CTATAGCTTGCCTC,DC
CTATCAACGAACTC,CD4 T
CTATCAACGCAGAG,CD4 T
CTATCAACTTTGGG,CD8 T
CTATCCCTCCACCT,DC
CTATGTACGAGAGC,CD4 T
CTATGTACGCTTAG,CD4 T
CTATGTACTGTTTC,
CTATGTTGAAAGCA,CD4 T
CTATGTTGTCCTCG,CD4 T
CTATGTTGTCTCGC,CD4 T
CTATTGACAAACGA,DC
CTATTGACACTGGT,DC
CTATTGACGGTGAG,DC
CTATTGTGGCAAGG,CD8 T
CTCAATTGGTTCAG,CD4 T
CTCAATTGGTTGCA,Mono
CTCAGAGATAGAAG,CD4 T
CTCAGCACTCTAGG,CD4 T
CTCAGCACTGAACC,DC
CTCAGCACTTGCAG,CD4 T
CTCAGCTGAACCTG,DC
CTCAGCTGCAGTTG,CD8 T
CTCAGGCTCGTTGA,DC
CTCAGGCTGCTAAC,CD4 T
CTCATTGACCTTAT,CD4 T
CTCATTGATGCTTT,DC
CTCCACGAGAGATA,DC
CTCCATCTCTTAGG,CD4 T
CTCCATCTGACGAG,CD4 T
CTCCGAACAAGTGA,Mono
CTCCTACTGCCTTC,DC
CTCGAAGATGTGGT,CD8 T
CTCGAAGATTAGGC,DC
CTCGACTGCTCTAT,CD4 T
CTCGACTGGGTGAG,CD4 T
CTCGACTGGTTGAC,NK
CTCGAGCTCTGGAT,NK
CTCGCATGACTTTC,CD4 T
CTCGCATGCTTAGG,CD4 T
CTCTAAACCTCGAA,CD4 T
CTCTAAACGGCGAA,
CTCTAATGTCCAAG,Mono
CTGAACGACAGTCA,CD4 T
CTGAACGATGAGGG,CD4 T
CTGAAGACCCAACA,CD4 T
CTGAAGACGTGCAT,B
CTGAAGTGAAGCCT,Mono
CTGAAGTGCAGCTA,B
CTGAAGTGGCTATG,CD4 T
CTGAAGTGTCCAGA,CD4 T
CTGAATCTGAATAG,CD4 T
CTGACAGAATCGTG,CD8 T
CTGACCACAGCAAA,CD4 T
CTGAGAACCGGGAA,CD4 T
CTGAGAACGTAAAG,NK
CTGATACTAGTAGA,CD4 T
CTGATTTGGTGTTG,DC
CTGCAGCTAACCGT,CD8 T
CTGCAGCTGACACT,CD4 T
CTGCAGCTGGATTC,DC
CTGCAGCTTGGCAT,CD4 T
CTGCCAACAGGAGC,CD4 T
CTGCCAACCAGCTA,CD4 T
CTGCCAACTAACCG,DC
CTGCCAACTGCTCC,CD8 T
CTGCCAACTTGCAG,CD4 T
CTGCCAACTTGCTT,CD8 T
CTGCGACTCCACCT,CD8 T
CTGGAAACAAACGA,CD8 T
CTGGAAACATCGAC,CD4 T
CTGGATGACTGGAT,CD8 T
CTGGATGACTTGTT,CD4 T
CTGGATGATGTGAC,B
CTGGCACTCAAGCT,DC
CTGTAACTAACCAC,CD4 T
CTGTAACTAGCGTT,CD4 T
CTGTATACGTAAAG,CD8 T
CTGTATACGTACGT,DC
CTGTATACGTTGGT,CD4 T
CTGTGAGACAACCA,DC
CTGTGAGACCTTGC,CD8 T
CTGTGAGACGAACT,Mono
CTGTGAGACTGTAG,DC
CTTAAAGAACCTGA,CD4 T
CTTAACACCTGTAG,CD4 T
CTTAACACTATCGG,B
CTTAAGCTACCTAG,CD4 T
CTTAAGCTAGTACC,CD4 T
CTTAAGCTCATCAG,CD4 T
CTTAAGCTCCGCTT,B
CTTACAACTAACGC,CD4 T
CTTACAACTCCCGT,Mono
CTTACTGACGTACA,CD4 T
CTTAGACTAAACGA,CD4 T
CTTAGGGACTTGCC,CD4 T
CTTAGGGAGAATCC,CD4 T
CTTATCGACTCATT,CD4 T
CTTCACCTACCTGA,Mono
CTTCATGAAGCATC,B
CTTCATGAAGTACC,CD4 T
CTTCATGACCGAAT,NK
CTTGAACTACGCAT,CD4 T
CTTGATTGAGGTTC,CD8 T
CTTGATTGATCTTC,DC
CTTGATTGCATTCT,CD4 T
CTTGATTGTTTCGT,CD4 T
CTTGTATGACACCA,B
CTTGTATGCGCAAT,B
CTTTACGAGCGAAG,CD8 T
CTTTAGACCGTGAT,CD4 T
CTTTAGACGAGACG,CD4 T
CTTTAGACGATACC,CD4 T
CTTTAGACGTTGGT,CD8 T
CTTTAGACTCATTC,CD8 T
CTTTAGTGACGGGA,NK
CTTTAGTGGGTGGA,CD4 T
CTTTCAGAGAAACA,CD4 T
CTTTGATGAGCACT,CD4 T
CTTTGATGTCTAGG,CD8 T
CTTTGATGTGTCCC,CD4 T
CTTTGATGTGTGGT,CD4 T
GAAACAGAACTACG,CD4 T
GAAACAGAATCACG,CD4 T
GAAACAGACATTCT,CD4 T
GAAACCTGATCGTG,CD4 T
GAAACCTGATGCCA,CD4 T
GAAACCTGCTTATC,CD4 T
GAAACCTGGACTAC,DC
GAAACCTGTGCTAG,CD4 T
GAAAGATGATTTCC,CD4 T
GAAAGATGCTGATG,DC
GAAAGATGCTTCGC,DC
GAAAGATGTAAGGA,CD8 T
GAAAGCCTACGTTG,B
GAAAGTGAAAGTGA,DC
GAAAGTGACCACAA,DC
GAAAGTGACTCAAG,CD4 T
GAAATACTACCAAC,Mono
GAAATACTCTTAGG,B
GAAATACTTCCTCG,CD4 T
GAACACACGTGCAT,DC
GAACACACTGCCTC,CD4 T
GAACAGCTAACTGC,DC
GAACAGCTCTCAGA,DC
GAACCAACCACAAC,CD8 T
GAACCAACTTCCGC,NK
GAACCTGAACGTGT,CD4 T
GAACCTGAGAGACG,CD4 T
GAACCTGATGAACC,CD4 T
GAACGGGATACTTC,CD4 T
GAACTGTGACCTGA,Mono
GAACTGTGCCAGTA,Mono
GAAGAATGCAATCG,CD8 T
GAAGCGGACCTATT,DC
GAAGCTACGAATGA,Mono
GAAGCTACGGTTTG,CD4 T
GAAGGGTGAAAGTG,CD4 T
GAAGGGTGCTTAGG,Mono
GAAGGTCTGAAAGT,CD4 T
GAAGGTCTGTTGCA,CD4 T
GAAGGTCTTAAAGG,DC
GAAGTAGACTCCCA,NK
GAAGTAGATCCAAG,DC
GAAGTCACCCTCGT,DC
GAAGTCACCCTGTC,B
GAAGTCTGTCGCAA,B
GAAGTCTGTTCTGT,
GAAGTGCTAAACGA,NK
GAAGTGCTCCGCTT,Mono
GAAGTGCTTAACCG,CD4 T
GAATGCACCCTAAG,CD4 T
GAATGCACCTTCGC,NK
GAATGCTGCGGTAT,CD4 T
GAATTAACGATAAG,CD4 T
GAATTAACGGTCAT,CD4 T
GAATTAACGTCGTA,NK
GAATTAACTGAAGA,B
GACAACACAGGCGA,CD4 T
GACAACACATCGTG,CD4 T
GACAACACTCGCCT,CD8 T
GACAACTGAGGTTC,CD4 T
GACAGGGAAGAGTA,B
GACAGGGAATGCCA,CD4 T
GACAGTACGAGCTT,DC
GACAGTACTTCGGA,Mono
GACAGTTGAGTAGA,B
GACATTCTCCACCT,DC
GACCAAACGACTAC,Mono
GACCAAACGTATCG,Mono
GACCCTACTAAAGG,B
GACCTAGACCTCAC,CD8 T
GACCTAGACGAGAG,CD4 T
GACCTCACAAGGTA,CD8 T
GACCTCACGTACGT,DC
GACCTCTGCATCAG,CD8 T
GACGAACTCCCACT,CD4 T
GACGATTGCCAATG,B
GACGCCGACCTTCG,CD4 T
GACGCTCTCTCTCG,Platelet
GACGGCACACGGGA,NK
GACGGCACGAGATA,Mono
GACGTAACCTATGG,CD4 T
GACGTAACCTGTGA,CD4 T
GACGTAACTATGGC,CD4 T
GACGTATGTTGACG,CD4 T
GACGTATGTTTGCT,CD8 T
GACGTCCTACGGAG,CD4 T
GACGTCCTCTCAAG,Mono
GACGTCCTGATAAG,B
GACTACGATGGTCA,B
GACTCCTGCTCGCT,CD4 T
GACTCCTGGGTTAC,CD8 T
GACTCCTGTTATCC,CD4 T
GACTCCTGTTGGTG,DC
GACTGAACCAATCG,DC
GACTGATGTGATGC,CD8 T
GACTTTACATGCCA,CD4 T
GACTTTACGACAGG,B
GAGAAATGTTCTCA,B
GAGATAGAAAAAGC,DC
GAGATCACGACAAA,DC
GAGATGCTCTGGAT,CD8 T
GAGATGCTGAATGA,CD4 T
GAGCAGGATTCCCG,CD8 T
GAGCATACTTTGCT,
GAGCGCACGCGTAT,Mono
GAGCGCACGGTGAG,CD4 T
GAGCGCTGAAGATG,NK
GAGCGCTGTCTTAC,DC
GAGCGGCTGGGAGT,B
GAGGACGACTCAGA,CD8 T
GAGGATCTGAAAGT,B
GAGGCAGACTTGCC,CD8 T
GAGGGAACACCAGT,CD4 T
GAGGGAACGAGGGT,CD4 T
GAGGGATGGGAAAT,CD4 T
GAGGGCCTTCACCC,CD4 T
GAGGGTGAAGAGTA,CD4 T
GAGGTACTACGGTT,CD8 T
GAGGTACTACTCAG,DC
GAGGTACTGACACT,NK
GAGGTACTGGGAGT,CD4 T
GAGGTACTTAGCGT,Mono
GAGGTGGAGTACGT,CD8 T
GAGGTGGATCCTCG,NK
GAGGTTACTCGTTT,DC
GAGGTTTGTAAGCC,Mono
GAGTCAACCATTCT,CD4 T
GAGTCAACGGGAGT,CD4 T
GAGTCTGATCGTGA,CD4 T
GAGTCTGATTTGGG,B
GAGTGACTCAGCTA,CD4 T
GAGTGACTCGGTAT,CD8 T
GAGTGACTCTTGCC,B
GAGTGACTGACTAC,B
GAGTGACTGTCTAG,CD4 T
GAGTGGGAGTCTTT,B
GAGTGGGATGCCCT,CD8 T
GAGTGGGATGCTGA,B
GAGTGTTGCTGTAG,CD4 T
GAGTGTTGTGGTCA,CD4 T
GAGTTGTGCATGGT,Mono
GAGTTGTGCTGAGT,CD8 T
GAGTTGTGGCGAGA,Mono
GAGTTGTGGTAGCT,Platelet
GAGTTGTGTATGCG,Mono
GATAAGGAGAAACA,Mono
GATAAGGATTCACT,DC
GATACTCTATCGGT,CD4 T
GATACTCTTACTTC,CD8 T
GATACTCTTGACTG,Mono
GATAGAGAAGGGTG,CD8 T
GATAGAGACTGTGA,CD4 T
GATAGAGATCACGA,DC
GATAGCACCCATAG,CD4 T
GATAGCACGAAGGC,DC
GATAGCACTTGTCT,CD8 T
GATATAACAAGGTA,CD4 T
GATATAACACGCAT,CD4 T
GATATATGCTGGAT,CD4 T
GATATATGTCCGTC,CD8 T
GATATATGTGGAGG,
GATATCCTAGAAGT,CD4 T
GATATCCTCCCGTT,Mono
GATATTGACAGGAG,CD8 T
GATATTGACGAGTT,Mono
GATATTGAGCCAAT,CD4 T
GATCCCTGACCTTT,NK
GATCCCTGTGTAGC,CD8 T
GATCCGCTGGTCAT,DC
GATCGAACCGAGAG,CD4 T
GATCGATGACTAGC,B
GATCGATGGTAAAG,B
GATCGATGTAAGGA,DC
GATCGTGACACTAG,CD4 T
GATCGTGATTCACT,CD4 T
GATCTACTGGTGAG,CD8 T
GATCTACTTTGCAG,B
GATCTTACACCCAA,Mono
GATCTTACCCTACC,CD4 T
GATCTTACGAATAG,DC
GATCTTACGAGATA,DC
GATGCAACTCCAGA,CD4 T
GATGCCCTACGTAC,CD4 T
GATGCCCTCTCATT,CD4 T
GATGCCCTGGCAAG,DC
GATGCCCTTTTGCT,CD4 T
GATTACCTTGTTCT,CD8 T
GATTCGGAACGACT,CD4 T
GATTCGGACAGGAG,DC
GATTCGGAGAAGGC,DC
GATTCTTGATTCGG,DC
GATTCTTGCCGATA,CD8 T
GATTCTTGCGAGTT,B
GATTGGACCCGTTC,B
GATTGGACGGTGTT,B
GATTGGACTTTCGT,B
GATTGGTGTGTCAG,CD4 T
GATTTAGACACTCC,DC
GATTTAGACTAAGC,B
GATTTAGATTCGTT,Mono
GATTTGCTAACGAA,CD4 T
GATTTGCTAACGGG,Mono
GCAACCCTCCTCGT,Mono
GCAACTGATTGCGA,CD8 T
GCAAGACTACTGGT,CD4 T
GCAAGACTAGGTCT,CD4 T
GCAAGACTCCCTTG,CD4 T
GCAATCGACTGCAA,CD8 T
GCAATCGAGACGTT,DC
GCAATCGATCCTTA,DC
GCAATTCTCGTGTA,CD4 T
GCAATTCTTCTCCG,CD4 T
GCACAAACAATGCC,CD8 T
GCACAAACGGTACT,CD4 T
GCACAATGGTGCAT,DC
GCACACCTGTGCTA,NK
GCACCACTCATGAC,DC
GCACCACTGTTTGG,Mono
GCACCACTTCCTTA,NK
GCACCACTTTCGGA,Mono
GCACCTACGCGATT,CD4 T
GCACCTTGGCTGTA,CD4 T
GCACCTTGGGGAGT,DC
GCACGGACCAGCTA,CD4 T
GCACGGTGACCTCC,CD4 T
GCACGGTGCTATGG,Mono
GCACTAGAACGGGA,CD4 T
GCACTAGAAGATGA,B
GCACTAGACCTTTA,DC
GCACTAGACGTAAC,B
GCACTAGAGTCGTA,NK
GCACTAGATGCAAC,CD4 T
GCACTGCTGAGGCA,CD8 T
GCAGATACAGCGTT,CD8 T
GCAGATACGACGGA,CD4 T
GCAGATACGCAGAG,CD4 T
GCAGCCGACAGTCA,CD8 T
GCAGCGTGCACTCC,CD4 T
GCAGCTCTCAATCG,CD4 T
GCAGCTCTGTTTCT,CD4 T
GCAGGGCTAAGAAC,CD4 T
GCAGGGCTAAGGGC,CD4 T
GCAGGGCTATCGAC,NK
GCAGGGCTTGGGAG,CD8 T
GCAGTCCTAACTGC,CD4 T
GCAGTCCTCTCTTA,CD4 T
GCATCAGATGCGTA,CD4 T
GCATGTGACAAGCT,CD4 T
GCATTGGAGAAGGC,CD4 T
GCCAAAACGAGGCA,CD8 T
GCCAAATGATCGAC,CD4 T
GCCAACCTACGGTT,CD4 T
GCCAACCTCGCCTT,CD4 T
GCCACGGAGGCGAA,Mono
GCCACGGATACTGG,CD4 T
GCCACTACGTCTTT,CD4 T
GCCCAACTACCGAT,CD4 T
GCCCAACTATGGTC,
GCCCATACAGCGTT,CD8 T
GCCGACGAACTCTT,DC
GCCGAGTGCGTTGA,CD4 T
GCCGGAACGAACTC,CD8 T
GCCGGAACGTTCTT,NK
GCCGGAACTGCACA,NK
GCCGGAACTTACTC,CD4 T
GCCGTACTACCTGA,CD8 T
GCCGTACTGGCAAG,Mono
GCCTACACAGTTCG,NK
GCCTACACCACTGA,DC
GCCTACACCTTGAG,CD4 T
GCCTAGCTACGGAG,B
GCCTAGCTCTATTC,CD4 T
GCCTAGCTTCTCAT,CD4 T
GCCTAGCTTCTCTA,DC
GCCTCAACCATGGT,CD4 T
GCCTCAACTCTTTG,CD8 T
GCCTCATGTCTTAC,CD4 T
GCCTGACTCTCAAG,DC
GCGAAGGAACTCTT,CD8 T
GCGAAGGATGCCAA,CD8 T
GCGAGAGAGGGACA,CD4 T
GCGAGCACTGTCGA,B
GCGAGCACTTGACG,CD4 T
GCGAGCACTTGCTT,DC
GCGATATGGTACGT,CD4 T
GCGATATGGTGTTG,CD4 T
GCGCACGAAGTCGT,CD4 T
GCGCACGACTTTAC,DC
GCGCATCTAGGTCT,CD4 T
GCGCATCTGGTTAC,
GCGCATCTTCGATG,CD8 T
GCGCATCTTGCTCC,NK
GCGCATCTTTCTAC,CD4 T
GCGCGAACGTTCTT,B
GCGCGATGAACGGG,CD4 T
GCGCGATGGTGCAT,NK
GCGGAGCTCCTGAA,CD4 T
GCGGCAACCCGATA,CD4 T
GCGGCAACGGAGGT,B
GCGGCAACTGTCGA,Mono
GCGTAAACACGGTT,DC
GCGTAATGCACCAA,Mono
GCGTATGAACACCA,CD4 T
GCGTATGATGAGAA,DC
GCTACAGAAAGGTA,CD4 T
GCTACAGAATCTTC,
GCTACCTGAGAAGT,DC
GCTACCTGATCACG,CD4 T
GCTACGCTAGAATG,CD8 T
GCTACGCTAGCTAC,CD4 T
GCTACGCTCCCTAC,CD4 T
GCTAGAACAGAGGC,B
GCTAGAACGGATCT,CD4 T
GCTAGAACTCCCGT,CD4 T
GCTAGATGAGCTCA,Mono
GCTAGATGGCGATT,CD8 T
GCTATACTAAGGCG,CD4 T
GCTATACTAGCGTT,CD8 T
GCTATACTCTCTTA,CD4 T
GCTATACTGGACGA,CD4 T
GCTCAAGAACCATG,DC
GCTCAAGAAGTCAC,DC
GCTCAGCTGTCTAG,CD4 T
GCTCCATGAGAAGT,CD8 T
GCTCCATGCCGAAT,CD4 T
GCTCGACTCTAGTG,Mono
GCTGATGAGGTATC,DC
GCTTAACTACAGTC,Mono
GCTTAACTACTGGT,CD8 T
GCTTAACTGCTGAT,CD4 T
GCTTAACTTAGACC,DC
GCTTAACTTCAGTG,CD4 T
GGAACACTCACTTT,Mono
GGAACACTTCAGAC,Platelet
GGAACTACTACTTC,CD4 T
GGAACTTGAAGGTA,DC
GGAACTTGAGAATG,CD8 T
GGAACTTGCTCCAC,DC
GGAACTTGGGTAGG,B
GGAAGGACATCGGT,DC
GGAAGGACCACTAG,CD4 T
GGAAGGACGAGGGT,CD4 T
GGAAGGACGCGAAG,CD8 T
GGAAGGTGGCGAGA,NK
GGAATCTGAAGGGC,CD4 T
GGAATCTGAGGAGC,CD4 T
GGAATCTGCTTAGG,B
GGAATCTGCTTGTT,Mono
GGAATCTGGGAGGT,CD4 T
GGAATGCTTTCTAC,CD4 T
GGACAGGAAAGGGC,CD8 T
GGACAGGAGTGCTA,B
GGACAGGATCTCGC,CD4 T
GGACCCGAAGCTAC,Mono
GGACCGTGCTTACT,DC
GGACCGTGGGAACG,DC
GGACCGTGTAACGC,CD4 T
GGACCTCTGTAAGA,Mono
GGACCTCTTTTCTG,CD8 T
GGACGAGAGTGTCA,Mono
GGACGCTGACGCAT,CD8 T
GGACGCTGCTAGCA,CD4 T
GGACGCTGTCCTCG,NK
GGAGAGACGTGAGG,
GGAGCAGATTCAGG,B
GGAGCCACCTTCTA,B
GGAGCGCTACGCAT,DC
GGAGCGCTCCGAAT,CD4 T
GGAGGATGCCACCT,CD4 T
GGAGGATGGTTGAC,DC
GGAGGATGTCAGTG,Mono
GGAGGCCTCGTTGA,NK
GGAGGCCTTTCTTG,CD4 T
GGAGGTGATACGCA,CD4 T
GGAGGTGATCGCTC,CD4 T
GGATACTGCAGCTA,CD4 T
GGATACTGTCTAGG,CD4 T
GGATAGCTCGTCTC,CD4 T
GGATAGCTCTGAAC,CD8 T
GGATGTACCAAAGA,B
GGATGTACGCGAAG,CD4 T
GGATGTACGTCTTT,DC
GGATGTACGTGTCA,CD8 T
GGATTTCTAGGTTC,CD4 T
GGATTTCTTTGTCT,DC
GGCAAGGAAAAAGC,NK
GGCAAGGAAGAAGT,CD4 T
GGCAAGGACTTGGA,DC
GGCAAGGAGGACTT,CD4 T
GGCAATACGCTAAC,B
GGCAATACGGCATT,CD8 T
GGCAATACGTTTCT,B
GGCACGTGGCTTAG,DC
GGCACTCTTTTGTC,CD4 T
GGCATATGCTTATC,NK
GGCATATGGGGAGT,Platelet
GGCATATGTGTGAC,CD4 T
GGCCACGACAGAGG,CD4 T
GGCCAGACTGGTTG,CD4 T
GGCCCAGAAAGTAG,Mono
GGCCGAACAACGAA,CD4 T
GGCCGAACGCAGAG,CD4 T
GGCCGAACGTAGGG,CD4 T
GGCCGAACTCTAGG,NK
GGCCGATGCAGGAG,CD4 T
GGCCGATGCCGAAT,CD4 T
GGCCGATGTACTCT,CD8 T
GGCGACACTGCCCT,CD4 T
GGCGACTGCGTAAC,CD4 T
GGCGCATGCCTAAG,Mono
GGCGCATGCTCCAC,CD4 T
GGCGCATGTGGAAA,CD4 T
GGCGGACTAGAGGC,CD4 T
GGCGGACTAGGAGC,CD4 T
GGCGGACTCTGACA,CD4 T
GGCGGACTCTTGGA,CD8 T
GGCGGACTTACTGG,CD8 T
GGCGGACTTGAACC,CD4 T
GGCTAAACACCTGA,NK
GGCTAAACTCTTAC,CD4 T
GGCTAATGAGCACT,CD8 T
GGCTAATGGTCTAG,CD4 T
GGCTCACTACTCAG,DC
GGGAACGAAGCTCA,DC
GGGAACGACACAAC,B
GGGAACGAGTGTCA,Mono
GGGAAGTGTTGAGC,Mono
GGGACCACACGTTG,CD8 T
GGGACCACAGAACA,CD4 T
GGGACCACGAATAG,CD4 T
GGGACCACGTCATG,CD8 T
GGGACCACTCAAGC,
GGGACCACTCGTGA,CD4 T
GGGACCACTGCATG,CD4 T
GGGACCTGACCCTC,DC
GGGACCTGCTTGCC,CD4 T
GGGACCTGTGGAGG,B
GGGATGGACGACAT,B
GGGATGGATACTTC,CD4 T
GGGATGGATGGTTG,Mono
GGGATTACGTCTAG,CD4 T
GGGCAAGATGCATG,Mono
GGGCACACGGTGAG,
GGGCACACGTTGCA,CD4 T
GGGCAGCTTGGGAG,CD8 T
GGGCAGCTTTTCTG,CD4 T
GGGCCAACCTTGGA,DC
GGGCCAACGCGTTA,B
GGGCCAACTACGCA,Mono
GGGCCAACTCCAAG,B
GGGCCATGATGGTC,CD4 T
GGGCCATGTTGACG,CD4 T
GGGTAACTCAGCTA,CD4 T
GGGTAACTCTAGTG,B
GGGTAACTCTGGAT,CD4 T
GGGTTAACGTGCAT,NK
GGTAAAGAGCTAAC,CD8 T
GGTACAACTGCAAC,CD4 T
GGTACATGAAAGCA,B
GGTACATGAGCTCA,CD4 T
GGTACATGCGGTAT,CD4 T
GGTACATGGTTACG,CD4 T
GGTACATGTGGGAG,CD4 T
GGTACTGAACTCTT,DC
GGTAGTACACCACA,CD4 T
GGTAGTACACTAGC,DC
GGTAGTACCCTGTC,CD4 T
GGTAGTACGCCATA,Mono
GGTAGTACTGTCTT,CD8 T
GGTATCGAGACAAA,DC
GGTATCGATGAACC,B
GGTCAAACCAAAGA,CD4 T
GGTCTAGAGAAACA,DC
GGTCTAGATAGCGT,DC
GGTGATACCGACTA,B
GGTGATACGACTAC,DC
GGTGATACTGTTTC,CD4 T
GGTGGAGAAACGGG,NK
GGTGGAGAAGTAGA,CD4 T
GGTGGAGACAGATC,NK
GGTGGAGATCGATG,CD4 T
GGTGGAGATCTCTA,Mono
GGTGGAGATTACTC,CD8 T
GGTTTACTACGCAT,CD8 T
GTAACGTGACCTCC,Mono
GTAACGTGATCGGT,B
GTAACGTGCAGCTA,B
GTAACGTGGTTGAC,B
GTAAGCACAACGGG,CD4 T
GTAAGCACTCATTC,B
GTAAGCTGGTACCA,DC
GTAATAACCTTCTA,DC
GTAATAACGTTGTG,CD4 T
GTACCCTGACAGTC,Mono
GTACCCTGGAGCTT,CD4 T
GTACCCTGTCCTTA,CD8 T
GTACCCTGTGAACC,CD4 T
GTACGTGAACGTTG,CD8 T
GTACTTTGTCGACA,CD4 T
GTAGACTGAGATGA,Mono
GTAGACTGTATTCC,CD4 T
GTAGCAACAGTCGT,DC
GTAGCAACCATTTC,B
GTAGCAACGGTAGG,Mono
GTAGCATGCACTCC,B
GTAGCATGTAAGCC,Mono
GTAGCCCTGACGTT,CD8 T
GTAGCTGAAGCTAC,DC
GTAGCTGAATTCGG,CD4 T
GTAGGTACACGGGA,DC
GTAGTGACCTCATT,CD4 T
GTAGTGTGAGCGGA,NK
GTAGTGTGAGGCGA,Mono
GTAGTGTGTGGTTG,CD4 T
GTATCACTGGTAGG,DC
GTATCTACAGAAGT,CD8 T
GTATCTACGACGAG,CD8 T
GTATCTACGTTACG,CD4 T
GTATTAGAAACAGA,CD4 T
GTATTAGAGGTCTA,CD4 T
GTATTCACACAGCT,CD8 T
GTATTCACGGGTGA,CD8 T
GTCAACGACACTGA,CD4 T
GTCAACGAGTGTAC,DC
GTCAATCTACACCA,CD8 T
GTCAATCTGTAGCT,CD8 T
GTCAATCTTGTGGT,CD4 T
GTCACCTGCCTCCA,CD4 T
GTCACCTGTCCCGT,CD8 T
GTCATACTAATCGC,B
GTCATACTGCGATT,CD8 T
GTCATACTTCGCCT,Platelet
GTCATACTTTACCT,CD8 T
GTCATACTTTGACG,CD4 T
GTCCAAGAAAAACG,CD4 T
GTCCACTGACCTCC,CD8 T
GTCCACTGGGTACT,DC
GTCCAGCTACGGGA,CD4 T
GTCCCATGTGGTGT,DC
GTCGAATGAAGGCG,Mono
GTCGACCTGAATGA,NK
GTCGACCTGTTCAG,CD4 T
GTCGCACTTGAGAA,B
GTCTAACTGGTCTA,Mono
GTCTAGGAGCTTCC,DC
GTGAACACACTCTT,CD4 T
GTGAACACTCAGGT,CD4 T
GTGACCCTTAAGCC,CD4 T
GTGATGACAAGTGA,CD4 T
GTGATGACCTGAGT,B
GTGATGACGGTTTG,
GTGATTCTCATTTC,CD4 T
GTGATTCTCTCTCG,Mono
GTGATTCTGGTTCA,NK
GTGATTCTGTCGAT,CD4 T
GTGATTCTTAGCGT,B
GTGCCACTCAGGAG,CD4 T
GTGGATTGCACTAG,Mono
GTGGATTGCGGAGA,CD4 T
GTGGATTGTAACGC,CD4 T
GTGTACGATCAGTG,CD4 T
GTGTAGTGGGTACT,CD4 T
GTGTATCTAGCCTA,B
GTGTATCTAGTAGA,NK
GTGTATCTGTTACG,B
GTGTCAGAAGCGTT,CD8 T
GTTAAAACCGAGAG,NK
GTTAAATGCTCGAA,CD4 T
GTTAAATGTCGACA,B
GTTAACCTAGCTAC,CD4 T
GTTAACCTTGCTTT,DC
GTTAGGTGCACTCC,CD4 T
GTTAGGTGCCAGTA,Mono
GTTAGGTGCCCAAA,DC
GTTAGGTGGAACTC,B
GTTAGTCTAAGAAC,
GTTATAGAGGACAG,CD8 T
GTTATGCTTTCATC,CD4 T
GTTCAACTGGGACA,NK
GTTCAACTTATGCG,CD8 T
GTTGACGAGCCCTT,CD8 T
GTTGACGATATCGG,NK
GTTGAGTGGTCTTT,Mono
GTTGAGTGTGCTTT,CD4 T
GTTGATCTGGGACA,CD4 T
GTTGATCTTTTCAC,CD8 T
GTTGGATGTTTACC,Mono
GTTGTACTATTCCT,DC
GTTGTACTTTTGGG,CD4 T
GTTTAAGACCATGA,Mono
GTTTAAGACTGTCC,CD8 T
TAAACAACCAACCA,CD4 T
TAAACAACGAATCC,B
TAAAGACTCAGGAG,CD4 T
TAAATCGATGAGGG,CD4 T
TAACAATGTGCCCT,B
TAACACCTTCGCTC,DC
TAACACCTTCGTAG,DC
TAACACCTTGTTTC,Platelet
TAACATGACACTAG,B
TAACCGGACTTACT,CD4 T
TAACGTCTCAACCA,Mono
TAACGTCTCATTGG,CD4 T
TAACTAGAATTTCC,CD4 T
TAACTAGACTTAGG,CD4 T
TAACTAGATCTGGA,CD4 T
TAACTCACGAGGAC,Mono
TAACTCACGTACAC,B
TAACTCACGTATCG,DC
TAACTCACTCTACT,NK
TAAGAACTGTGTCA,Mono
TAAGAGGACTAAGC,B
TAAGAGGACTTGTT,NK
TAAGATACGGTTCA,DC
TAAGATTGCGTAGT,CD4 T
TAAGATTGTTGCTT,CD4 T
TAAGCGTGAGGTTC,DC
TAAGCGTGGACAAA,DC
TAAGCGTGGGAAAT,CD4 T
TAAGCGTGTGCTCC,Mono
TAAGGCTGCCATGA,CD8 T
TAAGGCTGCTGCTC,CD4 T
TAAGGCTGTCTCGC,Mono
TAAGGGCTGCTGTA,
TAAGGGCTTTACTC,CD4 T
TAAGTAACCGAGAG,B
TAAGTAACCTCCAC,B
TAAGTAACCTGTAG,CD4 T
TAAGTAACTTGTCT,CD8 T
TAATGATGAGCGGA,CD4 T
TAATGCCTCATGAC,CD4 T
TAATGCCTCGTCTC,NK
TAATGTGAAGATGA,CD4 T
TAATGTGACTGCAA,DC
TAATGTGATTACTC,CD8 T
TACAAATGGGTACT,CD4 T
TACAATGAAAACAG,Mono
TACAATGACTTAGG,CD4 T
TACAATGATGCTAG,CD8 T
TACACACTCACACA,CD4 T
TACACACTCTTACT,CD4 T
TACATAGAACGCAT,CD8 T
TACATCACACGGGA,CD4 T
TACATCACCTGTTT,DC
TACATCACGCTAAC,B
TACATCACTGAACC,Mono
TACCATTGAGGTTC,CD4 T
TACCATTGCGGGAA,DC
TACCATTGGGGATG,Mono
TACCATTGTGAGGG,DC
TACCGGCTGTTGGT,CD8 T
TACGAGTGATCTCT,CD4 T
TACGAGTGATGCTG,DC
TACGAGTGCGGAGA,CD4 T
TACGAGTGGTTGGT,CD4 T
TACGATCTAGTGTC,CD4 T
TACGATCTCACTGA,DC
TACGATCTTACGAC,CD8 T
TACGCAGAGAATCC,
TACGCCACATTCCT,CD4 T
TACGCCACTCCCAC,Mono
TACGCCACTCCGAA,B
TACGGAACGCGTTA,B
TACGGCCTGGGACA,NK
TACGTACTACGGAG,CD4 T
TACGTACTCAGTTG,CD4 T
TACGTACTCCCGTT,B
TACGTTACAGAAGT,CD4 T
TACGTTACCAAGCT,DC
TACTAAGAAAGGTA,B
TACTAAGAATCACG,CD4 T
TACTAAGATGATGC,DC
TACTAAGATTGCGA,CD4 T
TACTACACGAGAGC,CD4 T
TACTACACTTACCT,B
TACTACTGAACCTG,DC
TACTACTGATGTCG,CD8 T
TACTACTGATTCTC,CD4 T
TACTACTGTATGGC,CD4 T
TACTCAACGGTCTA,DC
TACTCAACTGCTAG,B
TACTCCCTCAGTTG,CD4 T
TACTCTGAATCGAC,NK
TACTCTGACGAGTT,CD4 T
TACTCTGATTGACG,B
TACTGGGATCGATG,CD4 T
TACTGTTGAAAGCA,CD4 T
TACTGTTGAGGCGA,NK
TACTGTTGCTGAAC,
TACTTGACTCCTCG,CD8 T
TACTTGACTGGTGT,B
TACTTTCTTTTGGG,CD8 T
TAGAAACTAATCGC,CD4 T
TAGAAACTGCTTCC,Mono
TAGAAACTGGGATG,NK
TAGAATTGCGACAT,CD4 T
TAGAATTGTATCGG,CD4 T
TAGACGTGCTTGAG,CD4 T
TAGACGTGTCGCTC,CD4 T
TAGAGCACCTTACT,B
TAGATTGACTTGTT,B
TAGATTGAGGCATT,CD8 T
TAGCATCTCAGCTA,NK
TAGCATCTCCCTCA,CD8 T
TAGCATCTGCTGTA,DC
TAGCATCTGGGACA,CD4 T
TAGCATCTTGTCGA,CD4 T
TAGCCCACAAAAGC,CD4 T
TAGCCCACAGCCAT,CD8 T
TAGCCCACAGCTAC,NK
TAGCCCACCCACAA,CD4 T
TAGCCCTGCGGAGA,CD8 T
TAGCCGCTTACGAC,CD4 T
TAGCCGCTTACTTC,CD8 T
TAGCCGCTTTCCAT,DC
TAGCTACTGAATAG,B
TAGCTACTGTAGCT,CD4 T
TAGCTACTTTTGCT,
TAGGACTGTGCTGA,CD4 T
TAGGAGCTAAGGCG,B
TAGGAGCTGAGGGT,CD4 T
TAGGAGCTTGCATG,B
TAGGCAACCGTCTC,B
TAGGCATGCTCTCG,DC
TAGGCATGGCGAGA,CD8 T
TAGGCTGATGCCTC,DC
TAGGGACTGAACTC,NK
TAGGTCGACACTGA,CD4 T
TAGGTCGAGGATCT,B
TAGGTGACACACTG,CD4 T
TAGGTGACACGTTG,B
TAGGTGTGTTCTGT,CD4 T
TAGGTTCTGAAGGC,CD4 T
TAGGTTCTTCTTAC,Mono
TAGGTTCTTGCTGA,Mono
TAGTAAACCTCGCT,CD4 T
TAGTAAACGTCACA,CD4 T
TAGTAATGAGATCC,CD4 T
TAGTACCTAAGAAC,Mono
TAGTATGATCTTAC,B
TAGTATGATTCTCA,CD4 T
TAGTCTTGGCTGTA,CD4 T
TAGTCTTGGGACTT,CD4 T
TAGTCTTGTGGAAA,NK
TAGTGGTGAAGTGA,NK
TAGTTAGAACCACA,NK
TAGTTAGATGAACC,CD4 T
TATAAGACAACAGA,CD8 T
TATAAGACAGCTCA,Mono
TATAAGTGACACCA,Mono
TATAAGTGTATCGG,Mono
TATAAGTGTGGTGT,DC
TATACAGAACCCTC,CD8 T
TATACAGAAGAACA,CD4 T
TATACAGATCCAGA,CD4 T
TATACCACCTGATG,B
TATACGCTACCAAC,CD4 T
TATAGATGGACGGA,CD4 T
TATAGATGTTCCGC,DC
TATCCAACCAGCTA,Mono
TATCCAACTCTCTA,CD4 T
TATCGACTACTAGC,NK
TATCGACTCGATAC,Mono
TATCGTACAGATGA,CD8 T
TATCGTACATTCCT,DC
TATCTCGAGAGATA,CD4 T
TATCTGACAGGTTC,CD8 T
TATCTGACTGTTTC,CD8 T
TATCTTCTAAACAG,CD8 T
TATGAATGGAGGAC,NK
TATGAATGTTTGCT,Mono
TATGCGGATAACCG,CD4 T
TATGGGTGCATCAG,NK
TATGGGTGCTAGCA,B
TATGGTCTCTACCC,CD4 T
TATGTCACGGAACG,B
TATGTCACTAACCG,DC
TATGTCACTTCTCA,B
TATGTGCTCCGATA,Mono
TATGTGCTGGATTC,CD4 T
TATTGCTGAAGAAC,DC
TATTGCTGCCGTTC,B
TATTGCTGTCTGGA,CD4 T
TATTGCTGTGCACA,CD8 T
TATTTCCTATTGGC,Mono
TATTTCCTGGAGGT,NK
TATTTCCTGGTGTT,CD4 T
TCAACACTGTTTGG,NK
TCAAGGACAGCGTT,CD4 T
TCAAGGACATTCTC,CD8 T
TCAAGGACGGTGTT,DC
TCAATCACACTCTT,CD8 T
TCAATCACAGTCGT,Mono
TCACAACTATGTGC,CD4 T
TCACAACTTTGCTT,Mono
TCACATACACTTTC,CD8 T
TCACATACAGGGTG,CD4 T
TCACCCGAGACGGA,DC
TCACCGTGCTCGCT,DC
TCACCTCTACGACT,CD8 T
TCACCTCTTCCAAG,Mono
TCACGAGAGGAGGT,B
TCACTATGGGGCAA,CD8 T
TCACTATGGTTGTG,B
TCAGACGACGCTAA,CD4 T
TCAGACGACGTTAG,NK
TCAGAGACTCCAGA,CD4 T
TCAGCAGACTCCAC,CD4 T
TCAGCGCTCTAGTG,CD8 T
TCAGCGCTGGATCT,B
TCAGCGCTGGTATC,CD8 T
TCAGGATGAAGTAG,CD4 T
TCAGGATGCCTTTA,DC
TCAGTGGAAGATCC,CD8 T
TCAGTTACCTACGA,Mono
TCAGTTACTAGAAG,CD4 T
TCATCAACCCGATA,CD4 T
TCATCAACTGTTCT,DC
TCATCATGCAGTTG,CD4 T
TCATCCCTTACTGG,CD4 T
TCATTCGATACAGC,DC
TCCACGTGGAAACA,CD8 T
TCCACTCTACACTG,CD4 T
TCCACTCTGAGCTT,Mono
TCCACTCTTACTTC,B
TCCATAACAAAGTG,CD4 T
TCCATAACCGTAGT,B
TCCATAACGATGAA,CD4 T
TCCATAACTACGCA,CD4 T
TCCATCCTCCCTAC,CD8 T
TCCCACGATCATTC,CD4 T
TCCCATCTCAAAGA,Mono
TCCCGAACACAGTC,NK
TCCCGAACTTCGCC,Mono
TCCCGATGAGATCC,CD4 T
TCCCGATGCCTGAA,Mono
TCCCTACTCAACTG,B
TCCGAAGACAATCG,Mono
TCCGAAGACGTTAG,CD4 T
TCCGGACTGAGGTG,CD4 T
TCCGGACTGTACGT,CD8 T
TCCTAAACATCGAC,CD4 T
TCCTAAACCGAGAG,CD4 T
TCCTAAACCGCATA,NK
TCCTAATGGTTTGG,CD8 T
TCCTACCTGTCGTA,CD4 T
TCCTATGAAAAGCA,CD8 T
TCGAATCTCTGGTA,CD8 T
TCGACCTGCCGATA,Mono
TCGACGCTTCTATC,DC
TCGACGCTTTGACG,CD4 T
TCGAGAACGACAGG,CD4 T
TCGAGAACGTTAGC,CD4 T
TCGAGCCTATCAGC,B
TCGAGCCTGCGAGA,CD8 T
TCGAGCCTTGTGAC,CD8 T
TCGATACTATTCCT,CD8 T
TCGATACTTGCACA,CD4 T
TCGATTTGATGCCA,DC
TCGATTTGCACTCC,CD4 T
TCGATTTGCAGCTA,NK
TCGATTTGCCTACC,Mono
TCGATTTGTCGTGA,B
TCGCAGCTAGATCC,CD8 T
TCGCCATGAGACTC,CD4 T
TCGCCATGTGGTCA,B
TCGGACCTAACAGA,CD4 T
TCGGACCTATAAGG,B
TCGGACCTGTACAC,CD4 T
TCGGTAGAGTAGGG,CD4 T
TCGGTAGATCCCAC,B
TCGTAGGATCGACA,CD4 T
TCGTTATGGACAAA,CD4 T
TCTAACACCAGTTG,NK
TCTAACACGAGCAG,DC
TCTAACTGAACCAC,CD4 T
TCTAAGCTAATGCC,CD4 T
TCTAAGCTTAGTCG,NK
TCTAAGCTTCTAGG,DC
TCTAAGCTTGTTCT,Mono
TCTAAGCTTTCGCC,B
TCTACAACGACTAC,Mono
TCTAGACTTAGAAG,Mono
TCTAGTTGCACCAA,DC
TCTATGTGAAGAGT,DC
TCTATGTGAGTCTG,CD8 T
TCTCAAACCTAAGC,B
TCTCTAGAATTTCC,CD4 T
TCTGATACACGTGT,CD4 T
TCTGATACTCGCCT,CD4 T
TCTTACGAACCTGA,DC
TCTTCAGAGCTACA,DC
TCTTGATGCGGAGA,CD8 T
TGAAATTGGTGAGG,DC
TGAACCGAAAACGA,CD4 T
TGAACCGACTACTT,DC
TGAACCGATTCGGA,DC
TGAAGCACTCACGA,CD8 T
TGAAGCTGAACGAA,CD4 T
TGAAGCTGCATGGT,B
TGAAGCTGCGTAAC,CD4 T
TGAATAACCACTTT,CD4 T
TGAATAACTCCCAC,NK
TGACACGACCTTAT,B
TGACCAGACAACCA,CD4 T
TGACCAGAGGATTC,CD8 T
TGACCGCTAAAAGC,CD4 T
TGACCGCTCTGCAA,CD4 T
TGACGATGCAAAGA,Mono
TGACGCCTGTACCA,CD4 T
TGACGCCTTTACTC,CD4 T
TGACTGGAAGAGAT,Mono
TGACTGGACCGTAA,CD4 T
TGACTGGACGCAAT,CD4 T
TGACTGGAGGACAG,B
TGACTGGATTCTCA,CD4 T
TGACTTACACACCA,CD4 T
TGACTTACAGTCTG,Mono
TGACTTTGCGCATA,CD8 T
TGACTTTGTTTGTC,CD4 T
TGAGACACAAGGTA,CD4 T
TGAGACACTCAAGC,CD8 T
TGAGCTGAATGCTG,DC
TGAGCTGACTGGAT,Mono
TGAGCTGATGCTAG,
TGAGGACTCTCATT,DC
TGAGGACTTCATTC,CD4 T
TGAGGTACGAACCT,Mono
TGAGTCGAGTTACG,B
TGAGTGACTGAGCT,CD4 T
TGATAAACGAATCC,CD4 T
TGATAAACTCCGTC,NK
TGATAAACTTTCAC,CD4 T
TGATACCTCACTAG,Mono
TGATACCTGTTGGT,CD4 T
TGATACCTTATGCG,CD8 T
TGATACCTTGAAGA,CD4 T
TGATATGAACCTTT,CD8 T
TGATCACTAGCATC,
TGATCACTCTCGCT,CD4 T
TGATCACTTCTACT,B
TGATCGGACTGACA,DC
TGATCGGAGGAGCA,B
TGATCGGATATGCG,Mono
TGATTAGACATTGG,CD8 T
TGATTAGATGACTG,B
TGATTAGATGCTAG,CD8 T
TGATTCACTATGCG,CD8 T
TGATTCACTGTCAG,B
TGATTCTGCCGAAT,CD4 T
TGATTCTGCTCTTA,CD4 T
TGCAAGTGAGAACA,CD4 T
TGCAAGTGGGTAGG,DC
TGCAATCTTCAGGT,DC
TGCACAGACGACAT,NK
TGCCAAGAGCAGTT,DC
TGCCAAGATCTCTA,CD4 T
TGCCACTGAACGTC,CD4 T
TGCCACTGCGATAC,NK
TGCCAGCTTGGCAT,CD4 T
TGCCCAACAGCAAA,CD4 T
TGCCCAACCGCATA,DC
TGCCGACTCTCCCA,B
TGCGAAACAGTCAC,B
TGCGAAACGTTGCA,B
TGCGATGAACGGTT,CD4 T
TGCGATGACCTCGT,CD4 T
TGCGATGACTAGTG,B
TGCGATGACTGCTC,B
TGCGATGACTTGCC,B
TGCGATGAGTGCTA,Mono
TGCGCACTCTTGAG,Mono
TGCGTAGAATAAGG,Mono
TGCGTAGACGGGAA,B
TGCGTAGATGGTCA,DC
TGCTAGGAAACCGT,CD8 T
TGCTAGGATAGTCG,CD4 T
TGCTATACGGTTCA,DC
TGCTATACTGCTGA,NK
TGCTGAGAGAGCAG,NK
TGCTGAGATTATCC,CD4 T
TGGAAAGACTCTCG,B
TGGAAAGAGCGATT,CD4 T
TGGAAAGAGGTCAT,DC
TGGAAAGATATGGC,CD4 T
TGGAACACAAACAG,NK
TGGAACACGCTAAC,CD8 T
TGGAAGCTCAGATC,CD4 T
TGGACCCTACACTG,Mono
TGGACCCTCATGGT,CD4 T
TGGACCCTGGTACT,DC
TGGACTGAGTATGC,CD4 T
TGGAGACTATCAGC,DC
TGGAGACTTCAAGC,CD4 T
TGGAGACTTGACCA,CD8 T
TGGAGGGACGGAGA,Mono
TGGAGGGAGCTATG,CD8 T
TGGATCGATAAAGG,CD4 T
TGGATGTGACCTAG,B
TGGATGTGTGAAGA,B
TGGATTCTCATACG,CD8 T
TGGCAATGCTTGTT,B
TGGCACCTTCACGA,CD8 T
TGGCACCTTCAGTG,Mono
TGGGTATGAAGAGT,CD4 T
TGGGTATGCACAAC,CD4 T
TGGGTATGGTACGT,B
TGGGTATGTTTGGG,DC
TGGTAGACATGCCA,CD4 T
TGGTAGACCCTCAC,NK
TGGTAGACCTGATG,CD4 T
TGGTAGTGCACTGA,DC
TGGTATCTAAACAG,CD4 T
TGGTATCTCTTCCG,CD4 T
TGGTCAGACCCAAA,
TGGTTACTGACGTT,DC
TGGTTACTGTTCTT,CD8 T
TGTAACCTAGAGGC,CD4 T
TGTAACCTTGCCTC,DC
TGTAATGACACAAC,NK
TGTAATGAGGTAAA,NK
TGTACTTGCTCTAT,DC
TGTAGGTGCGAGAG,B
TGTAGGTGCTATGG,CD4 T
TGTAGGTGCTCTAT,DC
TGTAGGTGTGCTGA,CD4 T
TGTAGTCTTCCAGA,
TGTAGTCTTGCACA,CD8 T
TGTATCTGTTAGGC,CD4 T
TGTATGCTCATGGT,B
TGTATGCTGTAGGG,CD8 T
TGTATGCTTTCATC,CD4 T
TGTCAGGAATACCG,CD8 T
TGTCAGGAGATGAA,DC
TGTCTAACCCCTTG,CD4 T
TGTGACGATTCTCA,CD8 T
TGTGAGACTGTCAG,DC
TGTGAGACTTGAGC,CD4 T
TGTGAGTGACCACA,CD4 T
TGTGAGTGAGTGCT,DC
TGTGAGTGGAGATA,CD8 T
TGTGATCTCTCTAT,B
TGTGATCTGACACT,
TGTGGATGGCCAAT,B
TGTTAAGACAAAGA,Mono
TGTTAAGATAAGGA,Mono
TGTTACACCGCATA,DC
TGTTACACGACTAC,Mono
TGTTACTGGCTACA,CD8 T
TGTTACTGTAGTCG,CD8 T
TTAACCACCGTAAC,CD8 T
TTAACCACTAAGGA,CD8 T
TTAACCACTCAGAC,CD8 T
TTACACACGTGTTG,CD4 T
TTACACACTCCTAT,CD4 T
TTACCATGAATCGC,Mono
TTACCATGGTTGAC,CD4 T
TTACCATGTGTCTT,NK
TTACCATGTTGTGG,B
TTACGACTGAGAGC,CD4 T
TTACGACTTGACAC,DC
TTACGTACGTTCAG,Platelet
TTACTCGAAGAATG,DC
TTACTCGACGCAAT,DC
TTACTCGAGGGTGA,CD4 T
TTACTCGATCTACT,NK
TTAGAATGTGGTGT,CD4 T
TTAGAATGTGTAGC,CD4 T
TTAGACCTCCTACC,CD4 T
TTAGACCTCCTTTA,Mono
TTAGCTACAACCGT,CD4 T
TTAGCTACTGTCCC,DC
TTAGCTACTTTCGT,CD4 T
TTAGGGACGCGAAG,CD8 T
TTAGGGTGCTGGAT,B
TTAGGGTGTCCTGC,DC
TTAGGTCTACTTTC,Mono
TTAGTCACCAGTTG,CD4 T
TTAGTCTGAAAGCA,B
TTAGTCTGCCAACA,NK
TTAGTCTGTGCACA,CD4 T
TTATCCGACTAGTG,B
TTATCCGAGAAAGT,DC
TTATGAGAGATAAG,CD4 T
TTATGCACGTCACA,B
TTATGGCTTATGGC,DC
TTATTCCTATGCTG,DC
TTATTCCTGGACAG,B
TTATTCCTGGTACT,B
TTATTCCTTCGTGA,CD4 T
TTCAAAGATAAAGG,CD8 T
TTCAACACAACAGA,CD4 T
TTCAACACCCCAAA,DC
TTCAACACGGACGA,Mono
TTCAAGCTAAGAAC,DC
TTCAAGCTAGATGA,CD4 T
TTCAAGCTGTTGAC,CD4 T
TTCAAGCTTGATGC,CD4 T
TTCAAGCTTTCGCC,CD8 T
TTCACAACCCGTTC,DC
TTCACAACGTCTGA,DC
TTCAGACTACCCAA,CD4 T
TTCAGACTCTCGAA,CD4 T
TTCAGTACCGACTA,CD4 T
TTCAGTACTCAAGC,CD8 T
TTCAGTACTCCTAT,Mono
TTCAGTTGCCAAGT,CD4 T
TTCAGTTGTCCTTA,DC
TTCAGTTGTCTAGG,CD8 T
TTCAGTTGTCTCGC,B
TTCATCGAGGTGGA,DC
TTCATGTGTGGTGT,CD4 T
TTCATTCTATGTCG,Mono
TTCATTCTTCTCTA,CD4 T
TTCCAAACCTATGG,Mono
TTCCAAACCTCCCA,B
TTCCAAACTCCCAC,NK
TTCCAAACTTGACG,CD8 T
TTCCATGACGAGAG,Mono
TTCCATGACTGTCC,CD8 T
TTCCCACTTGAGGG,NK
TTCCCACTTGTCTT,DC
TTCCTAGAAAGTGA,CD4 T
TTCCTAGACTAGTG,DC
TTCGAGGACTCTAT,CD4 T
TTCGAGGAGGGCAA,CD4 T
TTCGAGGATAGAAG,
TTCGATTGAGCATC,CD4 T
TTCGGAGAATGCCA,Mono
TTCGGAGATGTGCA,CD4 T
TTCGTATGAAAAGC,NK
TTCGTATGGATAGA,CD8 T
TTCGTATGGTCTGA,CD4 T
TTCGTATGTCCTTA,DC
TTCTACGAACGTAC,CD4 T
TTCTACGAGTTGGT,CD4 T
TTCTAGTGACACGT,CD4 T
TTCTAGTGCATGAC,Mono
TTCTAGTGGAGAGC,NK
TTCTAGTGGTCACA,DC
TTCTCAGAAGAGAT,CD4 T
TTCTCAGAAGCATC,B
TTCTCAGATGGAGG,CD4 T
TTCTGATGGAGACG,NK
TTCTTACTCTGGAT,DC
TTGAACCTCCTTGC,B
TTGAATGAACTACG,DC
TTGAATGACTTACT,CD4 T
TTGAATGATCTCAT,B
TTGACACTCTGTAG,CD4 T
TTGACACTGATAAG,B
TTGAGGACAGAACA,DC
TTGAGGACTACGCA,DC
TTGAGGTGGACGGA,CD4 T
TTGCATTGAGCTAC,CD8 T
TTGCATTGCTAAGC,Mono
TTGCATTGTGACTG,CD4 T
TTGCTAACACCAAC,CD8 T
TTGCTAACACGCTA,DC
TTGCTAACCACTCC,CD8 T
TTGCTATGGTACGT,Mono
TTGCTATGGTAGGG,DC
TTGGAGACCAATCG,CD4 T
TTGGAGACGCTATG,DC
TTGGAGACTATGGC,B
TTGGGAACTGAACC,CD4 T
TTGGTACTACTGGT,DC
TTGGTACTCTTAGG,CD4 T
TTGGTACTGAATCC,B
TTGGTACTGGATTC,B
TTGTACACGTTGTG,B
TTGTACACTTGCAG,CD4 T
TTGTAGCTAGCTCA,CD4 T
TTGTAGCTCTCTTA,B
TTGTCATGGACGGA,NK
TTTAGAGATCCTCG,B
TTTAGCTGATACCG,CD8 T
TTTAGCTGGATACC,DC
TTTAGCTGTACTCT,DC
TTTAGGCTCCTTTA,Mono
TTTATCCTGTTGTG,DC
TTTCACGAGGTTCA,CD4 T
TTTCAGTGGAAGGC,CD8 T
TTTCAGTGTCACGA,B
TTTCAGTGTCTATC,Mono
TTTCAGTGTGCAGT,B
TTTCCAGAGGTGAG,CD4 T
TTTCGAACACCTGA,DC
TTTCGAACTCTCAT,DC
TTTCTACTGAGGCA,B
TTTCTACTTCCTCG,B
TTTGCATGAGAGGC,B
TTTGCATGCCTCAC,CD4 T
